Stock,Brood Year,0.1,0.2,0.3,0.4,0.5,1.1,1.2,1.3,1.4,1.5,2.1,2.2,2.3,2.4,3.1,3.2,3.3,3.4,Escapement
Kvichak,1963,0,0,606,0,0,0,"31,231","80,023",0,0,113,"925,528","336,813",0,0,0,"13,902",0,"338,760"
Kvichak,1964,0,0,0,0,0,"3,244","2,288,423","288,371","3,941",0,"111,882","2,613,881","446,099",0,0,"6,606","1,068",0,"957,120"
Kvichak,1965,0,0,0,0,0,"23,983","10,321,864","299,793",0,0,"485,629","33,528,681","1,159,447",0,0,"1,292",0,0,"24,325,926"
Kvichak,1966,0,"4,763",0,0,0,"3,429","524,322","885,878",0,0,"16,342","4,568,771","517,436","1,122",0,0,0,0,"3,755,185"
Kvichak,1967,0,0,"14,745",968,0,0,"342,819","321,956",65,0,"2,299","991,239","109,957",0,0,0,0,0,"3,216,208"
Kvichak,1968,0,"1,788",0,0,0,0,"300,687","38,561","4,514",0,0,"104,011","176,512",0,0,"7,305","1,946",0,"2,557,440"
Kvichak,1969,0,0,748,0,0,0,"149,287","321,597",0,0,"6,124","4,476,992","546,728",0,0,"12,149",0,0,"8,394,204"
Kvichak,1970,0,0,0,0,0,611,"45,471","40,280",0,0,"28,962","15,247,973",0,0,0,0,575,0,"13,935,306"
Kvichak,1971,0,0,0,0,0,0,"321,013","653,575",0,0,"45,182","919,844","95,529",0,0,"1,142",0,0,"2,387,392"
Kvichak,1972,0,0,0,0,0,"4,360","1,971,913","142,305","10,886",0,0,"886,252","232,955",0,0,0,0,0,"1,009,962"
Kvichak,1973,0,0,"1,204",0,0,0,"531,509","1,048,800",0,0,"2,634","252,857","351,748",0,0,"14,490",0,0,"226,554"
Kvichak,1974,0,0,0,0,0,"14,322","6,047,999","1,845,015",0,0,"319,232","16,927,229","616,516",0,0,"14,093",0,0,"4,433,844"
Kvichak,1975,0,0,0,0,0,"6,365","5,468,931","1,305,049",0,0,"314,282","29,958,382","382,348",0,0,"3,654",0,0,"13,140,450"
Kvichak,1976,0,0,"16,621",0,0,"5,347","5,940,228","675,758","3,355",0,"37,502","3,806,686","230,826",0,0,0,0,0,"1,965,282"
Kvichak,1977,0,"6,590","4,899",0,0,"36,699","2,024,758","718,010",0,0,"2,130","174,744","121,674",0,0,0,0,0,"1,341,144"
Kvichak,1978,0,0,0,0,0,"1,122","1,613,301","1,063,136",0,0,"15,273","1,372,783","987,655",0,0,0,"1,957",0,"4,149,288"
Kvichak,1979,0,"2,381",0,0,0,"53,985","18,868,217","2,470,065",0,0,"69,687","17,920,528","3,664,906",0,0,0,0,0,"11,218,434"
Kvichak,1980,0,0,0,0,0,"1,374","2,539,067","1,385,037","2,963",0,"13,603","8,291,131","364,137",0,0,0,0,0,"22,505,268"
Kvichak,1981,0,0,"5,261",0,0,0,"745,205","188,998",0,0,0,"962,185","147,140",0,0,0,0,0,"1,754,358"
Kvichak,1982,0,0,0,0,0,0,"492,725","385,823","4,844",0,531,"514,201","111,122",0,0,0,0,0,"1,134,840"
Kvichak,1983,0,0,0,0,0,909,"9,267,005","2,995,170","4,092",0,"2,976","1,111,077","386,132","8,090",0,0,0,0,"3,569,982"
Kvichak,1984,0,0,"1,184",0,0,0,"2,578,693","1,438,443",0,0,"46,572","17,559,242","1,663,051",0,0,0,0,0,"10,490,670"
Kvichak,1985,969,"3,827","6,641",0,0,"7,559","1,051,305","959,016","3,134",0,"36,966","14,851,621","1,382,907","8,513",0,"1,296","1,079",0,"7,211,046"
Kvichak,1986,0,"1,588","22,027",371,0,0,"652,917","868,159","22,540",0,0,"1,539,424","1,007,436",0,0,0,0,0,"1,179,322"
Kvichak,1987,0,"28,974","55,116","6,575",0,"7,294","4,715,392","2,193,831","3,168",0,"32,612","4,276,086","329,082",0,0,0,0,0,"6,065,880"
Kvichak,1988,0,"8,518","23,769",981,0,"6,198","3,035,792","1,958,434","1,920",0,"17,858","3,698,337","453,907",0,0,0,0,0,"4,065,216"
Kvichak,1989,0,"31,828","59,852","1,910",0,"3,333","1,860,644","1,072,383",0,0,"146,493","18,335,389","3,276,621",0,0,"12,480",0,0,"8,317,500"
Kvichak,1990,0,"5,138","7,656",0,0,"2,741","1,635,680","890,767",0,0,"82,363","22,046,414","1,626,784","1,145",0,0,0,0,"6,970,020"
Kvichak,1991,0,0,"2,556",0,0,"1,130","2,192,435","1,181,693","12,027",0,"1,940","1,008,516","236,952",0,0,0,0,0,"4,222,788"
Kvichak,1992,0,"3,450","3,727",0,0,0,"651,583","300,635",0,0,"2,138","751,845","162,224",0,0,0,0,0,"4,725,864"
Kvichak,1993,0,0,0,"2,571",0,230,"1,087,088","873,116","4,918",0,678,"683,919","477,949",0,0,0,0,0,"4,025,166"
Kvichak,1994,0,0,0,0,0,"1,847","2,023,631","1,062,072",94,0,"47,953","3,920,261","247,105",88,0,0,0,0,"8,355,936"
Kvichak,1995,0,0,0,16,0,"17,605","7,737,952","2,098,056","7,703",0,0,"677,133","96,802","1,501",0,0,14,0,"10,038,720"
Kvichak,1996,0,0,0,0,0,0,"547,556","1,651,818","9,155",0,0,"24,302","27,656",62,0,50,0,8,"1,450,578"
Kvichak,1997,0,0,73,0,0,0,"159,365","140,516",576,0,15,"342,017","173,309",123,0,249,0,0,"1,503,732"
Kvichak,1998,0,0,0,0,0,59,"375,942","422,187","18,296",0,638,"343,819","93,559",0,0,0,0,0,"2,296,074"
Kvichak,1999,0,14,0,0,0,370,"1,010,493","278,784","12,362",0,"51,079","5,815,823","208,249",61,0,"1,538",61,0,"6,196,914"
Kvichak,2000,0,0,18,0,0,16,"1,884,668","1,264,567","1,992",0,0,"742,843","367,259",0,0,312,0,0,"1,827,780"
Kvichak,2001,0,0,19,"1,784",0,0,"633,259","2,051,098","12,834",0,"1,450","819,689","901,131",0,0,0,0,0,"1,095,348"
Kvichak,2002,0,0,0,0,0,"3,391","2,456,932","1,265,247",624,0,"2,386","142,426","10,249",0,0,0,0,0,"703,884"
Kvichak,2003,0,"9,969",0,0,0,"3,847","3,595,854","1,186,521","9,277",0,0,"31,399","129,764",0,0,0,0,0,"1,686,804"
Kvichak,2004,0,0,0,0,0,0,"4,799,244","2,931,164",0,0,0,"2,634,426","554,819",0,0,0,0,0,"5,500,134"
Kvichak,2005,0,0,0,0,0,"4,316","1,254,243","2,033,447","8,367",0,0,"4,527,248","1,754,061","1,159",0,0,0,0,"2,320,332"
Kvichak,2006,0,0,0,0,0,"2,911","3,663,815","2,701,997","1,879",0,0,"1,197,115","746,953","4,285",0,290,260,0,"3,068,226"
Kvichak,2007,0,0,0,"1,768",0,0,"1,542,520","1,853,139","5,956",0,"24,305","6,975,695","2,380,397","15,623",0,0,0,0,"2,810,208"
Kvichak,2008,0,0,"5,362",0,0,0,"2,680,277","1,931,316","30,158",0,"2,521","1,247,831","679,368",0,0,"2,561",0,0,"2,757,912"
Kvichak,2009,0,0,0,0,0,0,"741,127","1,002,140","5,284",0,"11,614","9,731,029","1,396,185",0,0,"7,908",0,0,"2,266,140"
Kvichak,2010,0,0,303,0,0,"3,047","6,056,269","5,544,928",0,0,"87,433","13,230,425","851,679",0,0,"3,730",4,0,"4,207,410"
Kvichak,2011,0,0,36,0,0,"4,591","2,846,069","2,168,999",49,9,"43,950","2,573,729","491,950",553,0,252,322,0,"2,264,352"
Kvichak,2012,0,"7,703",0,0,0,"21,301","8,590,994","2,635,003","1,908",0,"3,702","397,153","143,170",0,0,0,6,0,"4,164,444"
Kvichak,2013,0,0,0,0,0,"2,616","3,713,931","2,789,274","13,159",0,"2,155","38,269","32,243",0,0,0,0,0,"2,088,576"
Kvichak,2014,0,0,0,0,0,"9,832","4,484,066","2,072,930","14,260",0,"4,883","71,802","3,353",0,0,0,0,0,"4,458,540"
Kvichak,2015,0,0,0,0,0,"4,227","5,743,118","7,068,371","4,889",0,0,"119,279","243,445",0,0,0,0,0,"7,348,572"
Kvichak,2016,0,0,0,0,0,"3,011","2,659,891","1,895,609","1,142",0,0,"577,513","174,874","1,766",0,680,0,0,"4,462,728"
Kvichak,2017,0,0,0,0,0,"1,511","6,164,745","4,980,170","9,284",0,"8,432","2,098,336","1,543,264","9,902",0,120,0,0,"3,163,404"
Kvichak,2018,0,0,0,0,0,"12,735","6,438,313","5,622,143","2,069",0,0,"368,454","319,386",726,0,331,0,NA,"4,398,708"
Kvichak,2019,0,0,0,0,0,0,"1,238,062","1,168,876","2,544",NA,"2,920","765,915","285,680",NA,0,"1,836",NA,NA,"2,371,242"
Alagnak,1963,0,0,0,0,0,0,"231,002","151,684",0,0,415,"30,953",819,0,0,0,0,0,"203,304"
Alagnak,1964,0,0,0,0,0,"6,377","97,650","90,731",0,0,"1,880","112,243","73,018",0,0,0,0,0,"248,700"
Alagnak,1965,0,0,0,0,0,"8,480","110,323","88,348","5,497",0,510,"29,040","17,531",0,0,0,0,0,"175,020"
Alagnak,1966,0,0,0,0,0,"9,662","304,544","229,248",0,0,0,"13,317","8,812",0,0,0,0,0,"174,336"
Alagnak,1967,0,0,461,0,0,"5,830","260,360","52,163",0,0,"2,325","59,200","9,010",0,0,0,0,0,"202,626"
Alagnak,1968,0,411,0,0,0,"8,143","182,414","52,504","2,130",0,0,685,"2,904",0,0,0,0,0,"193,872"
Alagnak,1969,0,0,0,0,0,0,"1,354","54,757",0,0,0,"108,529","15,545",0,0,0,0,0,"182,490"
Alagnak,1970,0,0,0,0,0,0,"78,027","58,491",0,0,0,"8,320",803,0,0,0,0,0,"177,060"
Alagnak,1971,0,0,0,0,0,"1,233","28,838","56,204",0,0,0,"30,123","207,343",0,0,0,"1,012",0,"187,302"
Alagnak,1972,0,0,0,0,0,"1,462","70,320","27,572",0,0,0,0,0,0,0,"24,814",0,0,"151,188"
Alagnak,1973,0,0,0,"3,099",0,0,0,"6,687","1,378",0,0,"350,600",0,0,0,"67,512","83,665",0,"35,280"
Alagnak,1974,0,0,"1,911",0,0,0,"722,581",0,"1,867",0,0,"1,551,297",0,0,0,0,"13,252",0,"214,848"
Alagnak,1975,0,0,0,0,0,0,0,"467,275",0,0,0,0,"492,798",0,"62,201",0,0,0,"100,480"
Alagnak,1976,0,0,"77,257",0,0,0,0,"157,897",0,0,1,0,"94,649","14,903",0,0,0,0,"81,822"
Alagnak,1977,0,0,"3,287",0,0,"163,394",0,"689,175",0,0,0,0,"145,046",0,0,0,"1,758",0,"108,911"
Alagnak,1978,0,0,0,0,0,0,"561,752","1,026,219","15,371",0,0,"512,955",0,"16,537",0,"42,750",0,0,"584,970"
Alagnak,1979,0,0,"1,045",0,0,0,"947,783","81,155","14,173",0,"16,623","1,047,577",0,132,0,0,0,0,"750,210"
Alagnak,1980,0,0,"4,640",0,0,0,0,"368,591",0,0,0,"269,864",0,0,0,0,0,0,"759,645"
Alagnak,1981,0,0,0,0,0,0,"174,415","1,008,292",0,0,0,0,0,0,0,0,0,0,"209,636"
Alagnak,1982,0,0,"6,007",0,0,0,0,"767,481",0,0,0,0,0,0,0,0,0,0,"610,215"
Alagnak,1983,0,0,"12,695",0,0,"6,508",0,"434,065",0,0,0,0,"1,247",0,0,0,"2,088",0,"245,361"
Alagnak,1984,0,561,"6,532","1,632",0,0,"403,722","1,250,870","25,116",0,0,0,"772,146","4,441",0,0,"2,926",0,"549,194"
Alagnak,1985,0,0,"39,051",0,0,"6,815","86,570","792,074",0,0,0,0,"720,017",0,0,0,865,0,"300,977"
Alagnak,1986,0,0,0,"2,446",0,0,0,"954,824",0,0,0,0,"1,066,241",0,0,0,"8,799",0,"586,959"
Alagnak,1987,0,0,0,0,0,0,0,"394,532",0,0,0,0,"374,484",0,0,"1,393",0,0,"393,236"
Alagnak,1988,0,0,0,0,0,0,0,"638,576","19,834",0,0,"615,411",0,0,0,0,0,0,"496,307"
Alagnak,1989,0,0,0,"1,365",0,0,"712,705","1,322,637","12,148",0,0,"691,212",0,"1,759",0,0,0,0,"501,738"
Alagnak,1990,0,0,"3,138",241,0,"100,366",0,"1,174,115","4,215",0,0,0,0,0,0,0,"1,590",0,"430,338"
Alagnak,1991,0,0,0,0,0,"23,838","1,012,274","2,341,905",0,0,0,0,"53,630",0,0,"2,601",0,0,"707,852"
Alagnak,1992,0,0,"35,663",825,0,0,0,"150,356",0,0,0,0,0,0,0,0,0,0,"577,940"
Alagnak,1993,0,0,"10,457",0,0,0,"1,464","957,262",39,0,0,"226,713","311,042",0,0,0,0,0,"887,336"
Alagnak,1994,0,0,"1,616",0,0,"593,413",0,"688,616","11,053",0,0,"1,107","259,857",66,0,"8,112",0,0,"618,464"
Alagnak,1995,0,0,0,12,0,0,"2,028,132","1,861,832",974,0,0,"1,923","3,422",43,0,0,11,0,"550,068"
Alagnak,1996,0,0,0,0,0,0,"40,387","1,167,710","204,768",0,0,"1,163","7,234",47,0,38,0,269,"782,213"
Alagnak,1997,0,0,55,0,0,"5,994","1,871","625,825","41,422",0,11,"85,372","620,197","10,149",0,188,0,0,"556,193"
Alagnak,1998,0,0,0,0,0,"11,639","9,903","2,422,102",85,0,"8,096","269,435","56,520",0,0,0,0,0,"643,110"
Alagnak,1999,0,11,0,0,0,0,"802,309","1,213,013",277,0,47,"646,231","1,053,967","10,608",0,0,46,0,"1,182,180"
Alagnak,2000,0,0,13,288,0,"2,051","5,559,715","4,007,258","31,486",0,0,"34,671","115,780",0,0,72,0,0,"1,150,815"
Alagnak,2001,0,0,307,0,0,"39,954","127,915","1,366,723","12,341",0,18,"37,517","92,410",0,0,0,0,0,"680,850"
Alagnak,2002,0,0,"6,015",0,0,15,"1,774,632","1,836,231","4,218",0,0,"67,960","38,417",0,0,0,0,0,"766,962"
Alagnak,2003,0,0,0,0,0,0,"2,760,469","3,797,307","116,854",0,0,"5,381","21,436",0,0,0,0,0,"3,676,146"
Alagnak,2004,0,0,0,0,0,"1,822","860,688","1,378,015","15,868",0,0,"109,724","148,341",0,0,0,0,0,"5,396,592"
Alagnak,2005,0,0,0,0,0,0,"741,790","1,855,297","7,216",0,0,"127,546","108,098",385,0,0,0,0,"4,218,990"
Alagnak,2006,0,0,0,0,0,"1,340","666,876","1,577,882",624,0,0,"54,791","138,225",0,0,96,86,0,"1,773,966"
Alagnak,2007,0,0,0,0,0,"1,625","500,487","1,099,434",259,0,0,"481,558","126,217",101,0,0,0,0,"2,466,414"
Alagnak,2008,0,0,96,0,0,827,"507,010","1,252,746","3,907",0,0,"89,672","70,467",0,0,0,0,0,"2,180,502"
Alagnak,2009,0,0,0,0,0,0,"461,080","693,020",848,0,173,"117,646","132,394",0,0,6,0,0,"970,818"
Alagnak,2010,0,0,101,0,0,0,"735,455","3,182,986","12,833",0,240,"1,800,823","766,628",0,0,0,0,0,"1,187,730"
Alagnak,2011,0,0,0,0,0,120,"3,087,316","2,498,861",3,41,0,"533,353","48,131",112,0,1,49,0,"883,794"
Alagnak,2012,0,0,0,0,0,"39,748","1,123,765","1,614,661","10,640",0,0,"22,311","17,181",0,0,0,0,0,"861,747"
Alagnak,2013,0,0,0,0,0,"2,702","2,677,121","1,235,290",458,0,0,"3,198","9,522",0,0,0,0,0,"1,095,950"
Alagnak,2014,0,0,0,0,0,"68,088","1,604,307","586,591",0,0,35,"24,204","1,068",1,0,0,0,0,"189,452"
Alagnak,2015,0,0,0,0,0,"2,698","1,230,186","2,693,830","22,635",0,0,"19,770","716,040",0,0,0,"5,592",0,"5,452,026"
Alagnak,2016,0,0,0,0,0,"4,175","1,839,804","2,700,671","8,158",0,0,"359,397","166,299",0,0,216,0,0,"1,677,769"
Alagnak,2017,0,0,0,0,0,"6,737","2,324,176","2,939,410","6,513",0,"1,401","422,287","846,706",400,0,25,0,0,"2,041,824"
Alagnak,2018,0,0,0,0,0,0,"1,110,701","1,172,260","5,266",0,0,"46,925","21,947",438,0,95,0,NA,"1,581,426"
Alagnak,2019,0,0,0,0,0,"8,072","476,072","556,135","1,331",NA,0,"283,142","460,735",NA,0,85,NA,NA,"820,458"
Naknek,1963,0,0,0,0,0,0,"141,944","416,187",0,0,"23,215","700,970","418,190",0,0,"6,330",0,0,"905,358"
Naknek,1964,0,0,0,0,0,743,"342,531","256,174",0,0,"34,421","1,275,540","309,692",0,0,"4,430",0,0,"1,349,604"
Naknek,1965,0,0,0,0,0,"12,877","634,432","600,345",0,0,"37,064","854,535","515,515",0,0,0,0,0,"717,798"
Naknek,1966,0,0,0,0,0,"13,371","918,493","2,573,070","3,000",0,"2,025","209,618","485,528",519,0,0,0,0,"1,016,445"
Naknek,1967,0,0,0,0,0,0,"352,459","522,757",0,0,"3,787","330,689","342,019",457,0,0,0,0,"755,640"
Naknek,1968,0,0,0,0,0,"3,585","126,410","202,857",257,0,0,"88,011","216,580",0,0,611,0,0,"1,023,222"
Naknek,1969,0,0,0,0,0,0,"45,889","240,153",0,0,"4,366","837,021","1,007,865",0,0,"2,051","6,434",0,"1,331,202"
Naknek,1970,0,0,0,0,0,597,"161,583","281,376",0,0,"17,756","1,549,928","504,895",0,0,"17,444","1,726",0,"732,502"
Naknek,1971,0,0,0,0,0,225,"349,684","630,688","1,478",0,"17,309","1,777,140","1,537,578","25,170",0,"1,979","9,172",0,"935,754"
Naknek,1972,0,0,0,0,0,"2,938","228,954","397,108","5,084",0,"35,046","359,615","676,509","2,647",0,"3,618","3,690",0,"586,518"
Naknek,1973,0,0,"1,257",0,0,0,"610,280","715,809",0,0,255,"564,689","850,378",0,0,0,0,0,"356,676"
Naknek,1974,0,0,0,0,0,"1,544","253,899","393,360",0,0,"1,832","1,103,750","880,690",0,0,"7,439",0,0,"1,241,058"
Naknek,1975,0,0,0,0,0,"1,029","456,699","1,630,147",0,0,"11,804","1,539,430","1,547,266","4,744",0,"4,586",0,0,"2,026,686"
Naknek,1976,0,0,0,0,0,"4,277","1,013,493","4,461,321","24,292",0,"4,423","1,950,161","1,520,144","10,680",0,0,"2,941",0,"1,320,750"
Naknek,1977,0,0,"4,313",0,0,"4,429","788,791","2,456,928","74,909",0,0,"145,844","242,959","1,394",0,0,"1,493",0,"1,085,856"
Naknek,1978,0,0,0,0,0,393,"490,174","949,602","2,206",0,"9,731","631,141","704,090",0,0,958,0,0,"813,378"
Naknek,1979,0,0,0,0,0,"8,951","1,389,279","1,322,934","5,050",0,"5,950","761,179","464,177",0,0,"6,070","1,499",0,"925,362"
Naknek,1980,0,0,0,0,0,803,"1,059,833","1,633,506","11,988",0,"17,349","1,344,991","860,504","1,502",0,0,0,0,"2,644,698"
Naknek,1981,0,0,0,0,0,"4,917","772,538","2,360,631","18,751",0,"5,873","592,812","943,847","4,417",0,0,0,0,"1,796,220"
Naknek,1982,0,0,0,0,0,"5,105","163,881","941,345","27,630",683,0,"225,872","477,076","7,614",0,0,0,0,"1,155,552"
Naknek,1983,0,0,0,0,0,0,"179,536","556,012","5,897",0,"7,909","351,039","382,133",0,0,0,0,0,"888,294"
Naknek,1984,0,0,0,0,0,249,"513,736","827,819","12,060",0,"30,951","1,575,844","1,527,672","1,430",0,0,0,0,"1,242,474"
Naknek,1985,0,0,"1,526","3,713",0,"2,110","828,787","3,274,445","54,935",0,"31,777","1,612,753","1,407,689","37,992",0,0,"8,662",0,"1,849,938"
Naknek,1986,0,0,"5,555",0,0,"7,752","1,858,984","6,684,279","439,131",743,"2,489","1,219,365","2,484,591","41,845",0,0,0,0,"1,977,645"
Naknek,1987,0,"2,660","14,665","3,069",0,0,"369,590","1,244,918","119,539",0,"2,472","616,859","3,148,640","11,304",0,0,0,0,"1,061,806"
Naknek,1988,0,0,0,0,0,0,"354,738","1,120,895","18,881",0,"31,753","780,077","716,195","3,330",0,0,0,0,"1,037,862"
Naknek,1989,0,0,0,0,0,"1,192","360,910","819,387",0,0,"4,536","1,406,719","537,975",0,0,"2,545",0,0,"1,161,984"
Naknek,1990,0,0,0,0,0,0,"659,727","911,101","5,005",0,"54,894","1,531,081","819,654","16,164",0,0,0,0,"2,092,578"
Naknek,1991,0,"2,265",0,0,0,"11,437","451,505","3,533,616","62,714",0,"2,603","139,216","424,425","1,458",0,0,0,0,"3,578,508"
Naknek,1992,0,0,"5,618",0,0,0,"158,743","751,849","11,956",0,487,"282,465","265,278",0,"1,617","3,539",0,0,"1,606,650"
Naknek,1993,0,0,0,0,0,122,"352,181","1,121,938","24,034",0,"14,445","430,639","761,445",0,0,0,0,0,"1,535,658"
Naknek,1994,0,0,0,0,0,"4,950","504,531","758,142","1,696",0,"17,069","730,719","376,373","2,743",0,0,0,0,"990,810"
Naknek,1995,0,0,0,283,0,"8,708","2,425,255","3,130,745","68,798",0,502,"117,754","172,128","3,335",0,0,257,0,"1,111,140"
Naknek,1996,0,0,0,0,0,"1,386","340,635","5,591,154","107,359",0,0,"49,654","379,240","2,676",0,898,0,143,"1,078,098"
Naknek,1997,0,0,"1,331",0,0,0,"97,471","899,636","15,456",0,"6,841","825,500","1,604,687","2,229",0,"4,485",0,0,"1,025,664"
Naknek,1998,0,0,0,0,0,"1,065","595,642","1,957,154","17,916",0,"1,475","553,805","742,520",0,0,0,0,0,"1,202,172"
Naknek,1999,0,257,0,0,0,0,"713,060","1,388,588","14,887",0,"7,566","707,967","927,939","1,095",0,0,"1,095",0,"1,625,364"
Naknek,2000,0,0,317,0,0,"2,966","1,207,029","6,824,909","79,277",0,0,"453,897","454,432",0,0,"1,732",0,0,"1,375,488"
Naknek,2001,0,0,350,0,0,0,"484,233","2,926,493","50,779","3,420","10,588","396,239","761,312",0,0,0,0,0,"1,830,360"
Naknek,2002,0,0,0,0,0,"48,569","1,471,106","3,683,676","93,384",0,"1,829","250,688","209,238","21,792",0,0,0,0,"1,263,918"
Naknek,2003,0,0,0,0,0,"8,942","3,692,037","7,549,812","279,026",0,0,"247,183","615,269","4,967",0,"1,657",0,0,"1,831,170"
Naknek,2004,0,0,0,0,0,0,"986,911","1,652,173","15,655",0,"3,321","979,063","665,454","1,409",0,0,0,0,"1,939,674"
Naknek,2005,0,0,0,0,0,"36,672","1,302,925","2,255,795","24,685",0,"10,574","801,427","947,785","4,194",0,0,"2,553",0,"2,744,622"
Naknek,2006,0,0,0,0,0,"50,442","1,657,238","1,928,248","33,266","1,169","18,821","717,671","499,064","1,305",0,89,79,0,"1,953,228"
Naknek,2007,0,0,994,0,0,"17,541","1,861,895","1,539,525","31,152",0,"14,339","645,374","524,184",93,0,0,0,0,"2,945,304"
Naknek,2008,0,0,89,0,0,"23,087","580,269","1,595,287","6,352",0,"13,080","360,751","688,888",0,0,0,0,0,"2,472,690"
Naknek,2009,0,0,0,0,0,"5,415","457,482","889,894",564,0,"5,756","396,536","157,950","1,701",0,0,0,0,"1,169,466"
Naknek,2010,0,0,93,0,0,"97,717","3,220,885","2,291,356","1,563",0,"37,969","1,371,747","399,927",0,0,0,65,0,"1,463,928"
Naknek,2011,0,0,0,0,0,"82,431","2,215,738","1,311,129",75,34,"41,339","864,072","571,249","1,968",0,13,540,0,"1,177,074"
Naknek,2012,0,0,0,0,0,"11,744","2,391,537","2,012,814","14,098",0,"5,727","616,530","369,748",0,0,0,7,0,"900,312"
Naknek,2013,0,0,0,0,0,"61,369","2,742,095","3,315,115","3,882",0,0,"228,372","157,853",0,0,0,0,0,"938,160"
Naknek,2014,0,0,0,0,0,"32,824","2,955,138","3,159,370",0,0,"2,346","240,535","112,679","16,599",0,0,0,0,"1,474,428"
Naknek,2015,0,0,0,0,0,"38,702","5,261,676","7,055,601","67,853",0,1,"282,087","437,105",0,0,0,0,0,"1,920,954"
Naknek,2016,0,0,0,0,0,"1,205","2,594,705","2,014,709","5,310",0,0,"423,070","326,064",0,0,715,0,0,"1,691,910"
Naknek,2017,0,0,0,0,0,"57,140","4,186,128","2,642,561","87,259",0,"7,240","785,924","758,501","1,170",0,635,0,0,"1,899,972"
Naknek,2018,0,0,0,0,0,"27,603","2,708,127","4,636,196","38,038",0,"4,091","243,971","236,246",443,0,665,0,NA,"2,221,152"
Naknek,2019,0,0,0,0,0,"2,542","1,169,832","926,428","9,763",NA,"1,365","423,935","332,477",NA,0,0,NA,NA,"2,911,470"
Ugashik,1963,0,0,0,0,0,0,"10,884","21,608","2,126",0,49,"77,497","20,578",0,0,0,0,0,"388,254"
Ugashik,1964,0,0,102,0,0,134,"18,938","8,226",0,0,"10,590","220,163","16,285",0,0,0,294,0,"472,770"
Ugashik,1965,0,0,0,0,0,0,"47,512","51,187",549,0,"2,815","212,640","76,458",0,0,"1,794",0,0,"996,612"
Ugashik,1966,0,373,407,117,0,101,"772,416","1,554,969",228,0,0,"42,250","17,326",0,0,0,0,0,"704,436"
Ugashik,1967,0,0,0,0,0,0,"98,166","54,844",0,0,0,"42,254","34,932",114,0,42,0,0,"238,830"
Ugashik,1968,0,0,0,0,0,0,"16,985","10,063",0,0,0,"13,508","4,394",138,0,0,0,0,"70,896"
Ugashik,1969,0,0,0,0,0,111,"4,548","5,661",0,0,319,"52,668","24,458",0,0,"1,479",0,0,"160,380"
Ugashik,1970,0,0,0,0,0,0,"3,709","2,799",0,0,206,"303,316",0,0,0,"44,928",751,0,"735,024"
Ugashik,1971,0,0,0,0,0,0,"193,376",0,0,0,0,"573,773","165,880","1,723",0,85,966,0,"529,752"
Ugashik,1972,0,0,0,0,0,0,0,"87,271",0,0,0,"145,198","39,458",0,0,"1,744","2,499",0,"79,428"
Ugashik,1973,0,0,"4,467",0,0,0,"26,045","6,764",322,0,0,"21,377","37,294",0,0,"6,039",0,0,"38,988"
Ugashik,1974,0,0,0,0,0,0,"9,986","8,385",0,0,"14,010","660,052","65,474",0,0,0,0,0,"61,854"
Ugashik,1975,0,0,0,0,0,"1,088","1,565,299","578,240",0,0,"5,169","1,608,268","365,466",790,0,"1,513",0,0,"429,336"
Ugashik,1976,0,"1,672",0,0,0,0,"2,328,527","1,705,028","8,660",0,"61,272","1,352,579","341,624",0,0,0,"1,667",0,"356,308"
Ugashik,1977,0,0,"11,008",0,0,792,"642,643","1,822,598","5,813",0,0,"230,133","138,885","1,279",0,0,0,0,"201,520"
Ugashik,1978,0,0,"7,170",0,0,0,"245,524","336,577","4,513",0,"3,163","343,912","253,589",0,0,0,0,0,"82,435"
Ugashik,1979,0,0,0,0,0,"22,988","3,310,049","786,900","23,149",0,"10,427","1,672,861","649,603","4,903",0,0,0,0,"1,706,904"
Ugashik,1980,0,0,"5,236",0,0,"1,117","1,405,682","2,168,628","14,429",0,"35,830","3,340,398","1,090,176","1,322",0,118,0,0,"3,335,284"
Ugashik,1981,0,241,"4,923",0,0,862,"1,742,861","3,026,320","3,536",0,"6,623","2,261,031","929,012",840,0,176,0,0,"1,327,699"
Ugashik,1982,0,0,"4,886","1,156",0,"4,612","325,145","680,801","8,558",0,266,"543,095","788,806","2,661",0,0,0,0,"1,185,551"
Ugashik,1983,0,0,"11,993",728,0,0,"733,503","252,201","2,966",0,"3,616","562,362","221,167",0,0,683,0,0,"1,001,364"
Ugashik,1984,0,"1,456","9,753",0,0,74,"479,103","605,094","12,416",0,"50,457","3,868,563","500,632",0,0,0,"2,285",0,"1,270,318"
Ugashik,1985,271,"1,890","8,788",0,0,446,"646,743","807,793","2,117",0,"1,022","878,254","470,703","5,839",0,0,0,0,"1,006,407"
Ugashik,1986,0,"5,098","48,370",47,0,555,"459,250","2,678,329","77,768",0,791,"1,927,859","1,925,221","17,549",0,"1,780",0,0,"1,015,582"
Ugashik,1987,0,"5,014","7,801",0,0,97,"856,334","1,811,306","13,745",0,"11,201","1,998,211","2,421,157","39,039",0,0,441,0,"686,894"
Ugashik,1988,0,569,"7,709",0,0,"1,792","470,688","795,903","19,276",0,"33,263","2,017,209","2,182,844","1,267",0,"6,051","8,074",0,"654,412"
Ugashik,1989,0,"3,612","8,149",0,0,"5,841","928,150","407,114","10,738",0,"13,863","2,510,466","1,024,309",872,0,0,0,0,"1,713,287"
Ugashik,1990,0,0,"10,683","1,407",0,973,"374,220","787,821","2,495",0,"12,551","2,004,495","662,361","1,553",0,0,0,0,"749,478"
Ugashik,1991,0,443,264,0,0,"6,843","2,063,056","3,857,991","19,160",0,420,"452,474","276,442","3,835",0,0,0,0,"2,482,016"
Ugashik,1992,0,"4,731","59,370","1,048",0,"6,376","322,825","839,605",691,0,"9,211","935,884","940,448","27,507",0,0,"1,345",0,"2,194,927"
Ugashik,1993,0,"1,082","2,503",0,0,"1,970","408,126","391,217","29,347",0,"5,033","273,290","244,594",0,0,0,417,0,"1,413,454"
Ugashik,1994,0,0,"1,013",0,0,"19,397","260,833","521,900","8,350",97,"7,830","596,048","168,387","2,367",0,0,96,0,"1,095,068"
Ugashik,1995,0,"2,857",0,0,0,"10,261","3,803,140","1,732,035","31,424",0,0,"130,226","63,024",783,0,0,0,0,"1,321,108"
Ugashik,1996,0,0,0,0,0,0,"260,684","1,050,833","1,055",140,0,"31,801","9,008",345,0,0,0,0,"692,167"
Ugashik,1997,0,0,0,0,0,0,"283,828","647,818","11,946",0,"2,867","1,657,638","418,908","2,116",0,2,0,0,"656,641"
Ugashik,1998,0,0,0,0,0,"1,237","179,053","302,211","4,402",0,21,"524,716","235,001",0,0,465,0,0,"924,853"
Ugashik,1999,0,0,0,0,0,"3,671","1,255,075","907,859","4,844",0,"24,648","1,185,603","289,264","3,194",0,0,0,0,"1,662,042"
Ugashik,2000,0,0,0,0,0,"2,249","1,866,357","2,342,567","25,206",0,397,"44,274","74,227",0,0,1,0,0,"638,420"
Ugashik,2001,0,0,0,410,0,629,"399,298","1,437,912","52,170",347,"2,009","130,861","160,042",502,0,0,0,0,"866,368"
Ugashik,2002,0,0,"7,693",0,0,"7,745","2,071,289","2,167,493","13,089",0,242,"305,594","26,176",0,0,8,0,0,"905,584"
Ugashik,2003,0,"17,204",0,753,0,"10,938","4,701,778","1,532,813","12,797",0,0,"35,668","61,131",0,0,0,0,0,"790,202"
Ugashik,2004,0,0,522,0,0,"12,627","1,319,887","1,594,092","2,921",0,373,"1,238,126","363,069",0,0,0,0,0,"815,104"
Ugashik,2005,0,0,0,931,0,650,"876,221","2,314,050","6,212",0,"1,957","1,174,215","887,536","2,700",0,625,0,0,"799,612"
Ugashik,2006,0,0,"2,987",354,0,"66,930","1,066,920","1,077,436","7,477",0,"21,808","935,099","223,238",0,0,0,0,0,"1,003,158"
Ugashik,2007,0,0,0,0,0,"41,843","1,274,646","930,355","1,858",0,"13,505","697,800","180,552",0,0,0,0,0,"2,599,186"
Ugashik,2008,0,0,"2,818","1,716",0,"7,974","1,047,222","1,729,138",798,0,"1,656","332,241","39,882",0,0,0,0,0,"596,332"
Ugashik,2009,0,0,0,0,0,"8,826","376,290","317,253",19,0,"2,519","144,373","132,472",0,0,0,"1,139",0,"1,364,338"
Ugashik,2010,0,0,"1,096",0,0,"10,045","579,294","790,144",0,0,"6,942","441,781","283,973",0,0,0,2,0,"830,886"
Ugashik,2011,0,949,0,0,0,"64,067","2,738,466","2,087,482","8,425",306,"41,288","1,304,626","495,528","4,395",0,133,265,0,"1,029,853"
Ugashik,2012,0,0,0,0,0,"104,687","3,480,574","1,582,991","6,249",0,"5,117","653,764","84,332",0,0,0,0,0,"670,578"
Ugashik,2013,0,0,0,0,0,"29,906","3,860,507","2,008,451","2,522",0,978,"56,488","31,764",0,0,0,0,0,"898,110"
Ugashik,2014,0,0,0,0,0,"70,410","2,596,182","1,576,519","1,572",0,0,"53,209","28,826",7,0,0,0,0,"640,158"
Ugashik,2015,0,0,0,0,0,"13,554","1,880,556","1,598,528",1,0,"6,554","321,080","324,455",0,0,0,0,0,"1,564,638"
Ugashik,2016,0,0,0,0,0,"53,838","3,018,963","2,971,245","5,348",0,"5,883","844,961","255,653",0,0,26,0,0,"1,635,270"
Ugashik,2017,0,0,0,0,0,"103,762","6,695,359","5,583,730","33,449",0,"3,330","529,092","997,490","1,509",0,1,0,0,"1,186,446"
Ugashik,2018,0,0,0,0,0,"20,785","1,176,247","2,373,781",71,0,"2,912","409,271","615,035","2,493",0,0,0,NA,"1,167,792"
Ugashik,2019,0,0,0,0,0,"7,554","393,490","632,562","5,362",NA,"11,829","468,362","95,331",NA,0,140,NA,NA,"1,547,748"
Egegik,1963,0,0,"1,025",0,0,0,"2,667","85,597",0,0,"2,264","513,647","298,367",0,0,"82,831","7,475",0,"997,602"
Egegik,1964,0,0,0,0,0,229,"61,058","36,450",0,0,"5,946","1,534,887","222,304",0,0,"72,732","4,276",0,"849,576"
Egegik,1965,0,0,0,0,0,0,"24,284","10,867","1,594",0,"24,472","1,485,854","811,266","1,013",0,"6,338","22,797",0,"1,444,608"
Egegik,1966,0,0,177,0,0,0,"145,854","550,528","1,040",0,105,"563,055","781,194",0,0,"9,642","6,675",0,"804,246"
Egegik,1967,0,0,"1,901",0,0,0,"56,673","188,696",0,0,470,"748,745","630,902","1,833",0,669,"1,542",0,"636,864"
Egegik,1968,0,0,"1,006",0,0,0,"20,399","46,666",0,0,0,"90,534","200,828","8,546",0,0,"9,076",0,"338,654"
Egegik,1969,0,0,0,0,0,0,"8,738","103,338",0,0,"3,358","1,090,569","1,178,715",0,0,"371,010",0,0,"1,015,554"
Egegik,1970,0,0,0,0,0,0,"106,127","81,045",0,0,0,"565,760",0,0,0,"415,534","34,119",0,"919,734"
Egegik,1971,0,0,0,0,0,0,"21,238",0,0,0,"3,282","1,289,361","1,266,965",0,0,"55,646","64,037",147,"634,014"
Egegik,1972,0,0,0,0,0,0,0,"72,018",186,0,0,"1,532,500","1,234,294",0,0,"56,930","13,973",0,"546,402"
Egegik,1973,0,0,0,0,0,0,"35,038","75,611",0,0,438,"585,165","724,246",0,0,"23,869","7,319",0,"328,842"
Egegik,1974,0,"1,443",0,0,0,0,"49,638","88,787",0,0,"12,430","1,666,319","561,290",0,0,"58,939","2,462",0,"1,275,630"
Egegik,1975,0,0,0,0,0,0,"55,085","151,116",0,0,"7,279","2,234,183","580,804","1,090",0,"8,921","1,690",0,"1,173,840"
Egegik,1976,0,148,0,0,0,0,"381,107","452,344",586,0,"53,443","2,772,401","820,445",0,0,0,0,0,"509,160"
Egegik,1977,0,0,0,0,0,"2,322","823,006","1,935,491","11,696",0,"1,846","628,139","698,975",0,0,"58,420","7,714",0,"692,514"
Egegik,1978,0,0,0,0,0,0,"387,998","422,635",860,0,"6,741","6,590,350","2,484,585",0,0,"13,141","8,593",0,"895,698"
Egegik,1979,0,0,0,"6,465",0,"2,849","657,110","219,731",0,0,"2,251","1,973,576","1,176,189","1,570",0,0,0,0,"1,032,042"
Egegik,1980,0,0,"23,353",0,0,"4,870","706,929","2,450,118","4,963",0,"22,072","4,056,129","948,854",0,363,"4,766",0,0,"1,060,860"
Egegik,1981,0,0,0,0,0,0,"593,439","432,086","3,247",0,"45,078","2,883,766","1,470,066",0,0,"6,290","7,613",0,"694,680"
Egegik,1982,0,0,897,0,0,"1,756","1,215,619","1,929,109","6,501",0,"11,565","1,689,007","1,557,303",0,0,"22,290","1,028",0,"1,034,628"
Egegik,1983,0,0,0,3,0,"2,413","1,279,753","2,553,114","6,397",0,"7,273","3,484,608","3,439,217","16,752",0,"13,729","8,373",0,"792,282"
Egegik,1984,0,0,"1,314",0,0,484,"398,396","637,988","5,627",0,"85,549","5,245,774","5,130,350","8,675","1,895","213,206","37,097",0,"1,165,345"
Egegik,1985,0,437,144,0,0,435,"425,955","781,318","2,769",0,"33,925","4,020,183","1,102,467",0,0,"4,119","10,932",0,"1,095,192"
Egegik,1986,0,0,"2,035",0,0,"1,409","2,415,527","3,246,243","68,373",0,"10,807","4,062,145","4,210,470","56,070",0,"95,077","38,976",0,"1,152,180"
Egegik,1987,0,"1,250","2,368",0,0,0,"699,119","4,224,764","134,447",0,"69,292","8,870,957","11,458,635","44,044","5,631","154,846","66,090",0,"1,273,553"
Egegik,1988,0,0,"2,318",0,0,"1,176","296,195","1,049,594","5,737",0,"106,274","11,121,318","6,458,564","3,861",0,"257,264","162,841",0,"1,612,745"
Egegik,1989,0,0,0,0,0,0,"199,212","251,240","4,115",0,"37,449","5,179,386","4,242,641",436,"2,128","189,471","28,405",0,"1,611,566"
Egegik,1990,0,0,0,0,0,0,"393,971","729,603","5,082",0,"73,046","8,809,855","5,980,914","32,458","2,910","13,130","19,350",0,"2,191,582"
Egegik,1991,0,"4,437",742,312,0,"1,450","1,208,929","2,874,741","25,215",0,"18,657","3,223,466","2,573,855",136,0,"9,062","7,960",0,"2,786,925"
Egegik,1992,955,"1,243","10,943","1,620",0,63,"239,877","531,796","2,781",0,"38,891","4,580,343","3,190,112","9,411","2,397","38,919","19,296",0,"1,945,632"
Egegik,1993,0,0,0,0,0,0,"117,629","329,344",1,0,"30,535","800,145","653,288",0,0,"1,218","3,874",0,"1,517,000"
Egegik,1994,0,131,0,0,0,"7,732","249,363","493,716",3,0,"67,291","3,805,469","3,299,276","21,867",0,"26,806","7,825",0,"1,897,977"
Egegik,1995,0,0,0,0,0,"3,546","1,495,268","2,696,124","18,707",0,"3,043","1,726,750","1,539,472","13,866",0,"11,312","14,791",0,"1,266,692"
Egegik,1996,0,0,0,0,0,363,"412,383","1,386,366","21,944",0,"3,484","542,540","1,749,165","3,088","2,446","30,409","9,140",0,"1,076,460"
Egegik,1997,0,0,2,0,0,0,"17,162","177,855",16,0,"18,742","3,493,431","2,069,386","2,145","9,876","233,787","40,652",0,"1,104,004"
Egegik,1998,0,0,0,0,0,2,"20,335","76,434",3,0,"12,649","490,761","654,092",954,89,"15,139",56,0,"1,110,938"
Egegik,1999,0,0,0,0,0,0,"162,300","395,983",207,0,"171,814","9,207,076","3,035,602","2,035",0,"18,602","10,954",0,"1,728,397"
Egegik,2000,0,0,0,0,0,542,"1,302,474","2,432,554","33,426",0,"25,105","3,546,271","4,647,481","23,090",0,"18,902","8,124",0,"1,032,138"
Egegik,2001,0,0,1,"1,765",0,0,"292,656","797,158",459,0,"47,659","1,585,957","2,059,102",0,0,920,505,0,"968,872"
Egegik,2002,0,0,246,0,0,"27,641","1,450,971","2,203,108","1,520",0,"45,866","1,050,682","511,618",0,0,562,0,0,"1,036,092"
Egegik,2003,0,0,0,0,0,"19,081","1,984,956","2,552,431","18,806",0,"41,159","1,926,995","2,245,896","5,191",0,"4,979","2,022",0,"1,152,120"
Egegik,2004,0,0,0,0,0,"23,434","2,789,827","3,459,266",0,0,"39,827","6,022,979","1,767,627",375,"2,270","26,667","7,408",0,"1,290,144"
Egegik,2005,0,0,0,0,0,"4,350","470,726","202,329",19,0,"36,929","2,866,201","2,550,953","6,193",740,"33,876","12,711",0,"1,621,734"
Egegik,2006,0,0,0,0,0,"7,820","144,943","253,936","1,720",0,"121,161","1,632,027","1,370,541",0,317,"29,958","11,553",0,"1,465,158"
Egegik,2007,0,0,0,0,0,"8,769","53,088","429,490",14,0,"71,868","3,377,632","2,457,309","4,011","2,175","21,920","16,152",0,"1,432,500"
Egegik,2008,0,0,"1,042",0,0,317,"630,408","1,090,911",16,0,"58,270","1,104,842","943,565",0,"1,582",484,0,0,"1,259,568"
Egegik,2009,0,0,0,0,0,"5,486","305,234","488,975","8,428",0,"122,199","2,763,498","785,872",0,"7,960","20,169",0,0,"1,146,276"
Egegik,2010,0,0,991,0,0,"10,192","537,683","671,672",0,0,"274,216","5,984,740","2,345,584",0,"18,841","54,556","12,913",0,"927,054"
Egegik,2011,0,"7,212","1,970",0,0,"36,548","444,734","1,095,740","4,107",0,"532,951","3,901,938","3,275,009",17,"1,227","42,413","19,642",0,"961,200"
Egegik,2012,0,0,0,0,0,"38,197","1,977,511","1,278,331","2,657",0,"353,152","4,775,925","1,137,567",0,"2,470","3,722","2,316",0,"1,233,900"
Egegik,2013,0,0,0,0,0,"162,141","2,859,582","1,945,681",18,0,"88,059","467,780","495,689",0,"1,622",0,0,0,"1,113,630"
Egegik,2014,0,0,0,0,0,"102,286","2,156,591","2,005,941",0,0,"73,755","1,280,264","198,214",0,0,"1,408",0,0,"1,382,466"
Egegik,2015,0,0,0,0,0,"295,278","11,553,434","12,280,096",0,0,"66,999","993,181","279,853",0,0,0,0,0,"2,160,792"
Egegik,2016,0,0,0,0,0,"29,391","1,774,510","222,245","4,529",0,"168,097","2,276,904","739,009",0,0,88,0,0,"1,837,260"
Egegik,2017,0,0,0,0,0,"181,714","3,928,523","4,677,889","23,594",0,"366,575","6,769,936","6,815,995","8,503",0,"1,620",0,0,"2,600,982"
Egegik,2018,0,0,0,0,0,"294,139","5,929,775","6,425,631","24,037",0,"63,110","1,014,977","582,499",32,0,728,0,NA,"1,608,354"
Egegik,2019,0,0,0,0,0,"36,812","265,146","185,919",129,NA,"140,093","1,063,136","665,266",NA,0,"3,007",NA,NA,"2,340,210"
Nushagak,1963,0,0,"40,442","38,789",0,0,0,0,226,0,0,"124,685","10,698",0,0,0,0,0,"234,821"
Nushagak,1964,0,"13,964","9,661","1,351",0,0,0,"51,330",0,0,0,"15,074","1,963",0,0,0,0,0,"134,853"
Nushagak,1965,0,"2,117","13,934",0,0,0,"86,140","672,474",0,0,0,"5,089",0,0,0,0,0,0,"255,794"
Nushagak,1966,0,"4,968","83,443","1,061",0,670,"91,353","520,071",0,0,0,0,0,0,0,0,0,0,"233,578"
Nushagak,1967,0,"9,148","26,640",0,0,"2,290","118,677","47,474","4,048",0,"7,843","4,510","6,403",0,0,0,0,0,"74,003"
Nushagak,1968,0,0,0,"7,854",0,0,"35,190","293,845","2,760",0,0,0,"4,530",0,0,0,0,0,"142,360"
Nushagak,1969,0,0,"97,507","5,026",0,0,"4,815","66,889","4,045",0,0,"36,821","278,589",0,0,0,0,0,"95,805"
Nushagak,1970,0,"2,654","3,370",0,0,0,"127,285","12,169","3,442",0,486,"745,793","93,565",0,0,0,0,0,"452,892"
Nushagak,1971,0,"1,211","9,601",0,0,"3,816",1,"807,916","2,596",0,1,"28,355","157,501",0,0,0,0,0,"312,699"
Nushagak,1972,0,"3,598","75,229",887,128,0,"71,034","863,255",0,0,0,"46,130","87,718",0,0,0,0,0,"39,851"
Nushagak,1973,0,"4,046","25,302","1,816",0,0,0,"1,231,778","12,062",0,0,"61,562","43,019",0,0,605,0,0,"210,601"
Nushagak,1974,0,"1,112",0,0,0,0,0,70,0,0,0,"347,528","34,914",0,0,0,0,0,"204,190"
Nushagak,1975,0,"15,231","16,604","13,548",0,"33,598","622,880","4,934,293","95,363",0,0,"154,757","108,875",0,0,0,0,0,"832,093"
Nushagak,1976,0,"6,033","62,381",0,"2,596",0,"190,047","3,422,923","57,970",0,0,"203,260","406,715",0,0,0,0,0,"520,303"
Nushagak,1977,0,0,"16,136","63,770",0,0,"21,274","3,028,330","92,537",0,"7,964",0,"6,077",0,0,0,0,0,"611,588"
Nushagak,1978,0,0,"345,825","133,718",0,0,"89,106","933,192",0,0,0,"11,883",0,0,0,0,0,0,"734,040"
Nushagak,1979,0,"72,863","529,084",0,0,0,"430,997","767,683","45,526",0,0,0,0,0,0,0,0,0,"551,272"
Nushagak,1980,0,"22,436","523,065","34,504",0,0,"19,768","312,947","8,820",0,0,"167,393","121,331",0,0,0,0,0,"3,669,136"
Nushagak,1981,0,"30,304","101,602","8,931",0,0,"250,006","1,576,925","5,804",0,0,"2,612",0,573,0,0,0,0,"1,118,873"
Nushagak,1982,0,"82,470","420,279","34,031",0,"1,195","125,109","594,091","71,345",0,0,0,"6,628",0,0,0,0,0,"664,580"
Nushagak,1983,0,"115,055","502,453","111,520",0,276,"233,673","543,194","17,210",0,0,"5,890","19,467",0,0,0,0,0,"446,845"
Nushagak,1984,0,"10,147","218,564","26,533",0,0,"46,771","432,523","20,858",0,0,"3,962","1,890",0,0,0,0,0,"655,739"
Nushagak,1985,0,"85,591","533,285","63,475",0,0,"63,478","638,819","18,464",0,0,"2,858","10,900",0,0,0,0,0,"551,319"
Nushagak,1986,0,"94,281","803,990","54,040",0,0,"98,020","791,155","200,174",0,0,0,"50,092",820,0,0,0,0,"1,095,241"
Nushagak,1987,0,"174,615","667,893","217,691",0,0,"32,994","660,535","122,522",0,0,"15,735","11,517","1,955",0,0,0,0,"429,182"
Nushagak,1988,0,"53,520","450,950","110,430",0,0,"206,199","1,651,453","72,229",0,0,"5,343","7,214",0,0,0,0,0,"534,460"
Nushagak,1989,0,"87,497","463,980","19,981",0,0,"105,904","693,606","22,475",0,0,"1,126","3,920",0,0,232,0,0,"567,863"
Nushagak,1990,0,"108,080","588,590","113,335",0,0,"37,828","292,042","8,433",0,0,"13,239","21,791","5,910",0,0,0,0,"752,513"
Nushagak,1991,0,"13,534","138,116","4,627",0,401,"124,515","1,073,215","124,084",0,189,"2,430","10,371",0,0,0,0,0,"544,748"
Nushagak,1992,0,"102,933","340,638","1,047",0,0,"130,535","567,660","56,242",0,0,"9,027","4,493",0,0,0,0,0,"768,816"
Nushagak,1993,0,"41,501","49,450",0,0,0,"48,386","828,615","102,422",0,0,773,"3,132",0,0,0,0,0,"790,927"
Nushagak,1994,0,"1,504","28,616",0,0,207,"70,182","277,738","7,774",0,0,"5,625","34,269",0,0,0,0,0,"563,334"
Nushagak,1995,0,"2,076",0,0,0,563,"62,891","925,449","186,962",0,0,"13,338","7,199",0,0,0,0,0,"311,136"
Nushagak,1996,0,0,0,0,0,0,"363,788","1,857,241","99,273",0,0,"4,811","10,398",0,0,0,0,0,"557,057"
Nushagak,1997,0,0,0,0,0,0,"37,572","423,105","27,112","3,142",0,"4,075","49,296",0,0,0,0,0,"412,591"
Nushagak,1998,0,0,0,0,0,0,"154,934","2,237,869","207,963",0,0,"7,352","57,381",0,0,0,0,0,"507,532"
Nushagak,1999,0,0,0,0,0,0,"88,031","1,540,416","77,948",0,0,"13,098","34,236",0,0,0,0,0,"344,972"
Nushagak,2000,0,0,0,0,0,0,"240,487","3,299,220","374,845","1,084",0,"5,167","13,640","4,215",0,0,0,0,"446,286"
Nushagak,2001,0,0,0,"6,241",0,0,"256,405","2,113,325","257,535",363,0,"4,763","24,210",0,0,0,0,0,"897,112"
Nushagak,2002,0,0,"31,275",0,0,0,"179,949","1,763,508","68,340",0,0,"30,293","9,871",0,0,0,0,0,"349,155"
Nushagak,2003,0,"7,788",0,"18,961",0,0,"388,618","1,543,092","216,439",0,0,0,"22,260",0,0,0,0,0,"642,093"
Nushagak,2004,0,0,"66,769",0,0,0,"194,650","1,474,124","79,378",0,0,"5,760","15,494",0,0,0,0,0,"543,872"
Nushagak,2005,0,"5,027",0,"9,543",0,"2,409","359,163","975,338","37,100",0,0,"8,748","20,913",0,0,0,0,0,"1,106,703"
Nushagak,2006,0,0,"7,279","1,441",0,0,"104,740","1,017,214","94,244",0,0,"5,282","7,393",0,0,0,0,0,"548,410"
Nushagak,2007,0,"4,696","53,636","9,825",0,"1,034","30,883","750,618","54,933",0,0,0,"6,510",0,0,0,0,0,"518,041"
Nushagak,2008,0,0,"10,879",0,0,"1,273","163,625","1,834,715","142,272",0,0,"4,819","12,286",0,0,0,0,0,"492,546"
Nushagak,2009,0,998,"11,309","3,410",0,627,"97,922","1,140,500","25,691",0,0,"4,715",0,0,0,0,0,0,"484,149"
Nushagak,2010,0,0,"4,535",0,0,0,"203,130","2,223,040","16,030",0,0,"2,101","3,717",0,0,0,0,0,"468,696"
Nushagak,2011,0,0,"18,244",0,0,0,"206,784","2,060,682","103,138",0,0,"3,339","36,731",0,0,0,0,0,"428,191"
Nushagak,2012,0,0,9,0,0,0,"486,258","4,407,860","70,631",0,0,"52,482","97,089",0,0,0,0,0,"432,438"
Nushagak,2013,0,0,0,0,0,"5,632","3,586,571","8,286,002","38,718",0,0,"13,702","59,617",0,0,0,0,0,"894,148"
Nushagak,2014,0,0,0,0,0,"12,588","1,124,541","3,630,434","23,053",0,0,"65,787","13,477","9,405",0,0,0,0,"618,477"
Nushagak,2015,0,0,0,0,0,"10,214","504,880","1,871,660","38,872",0,31,"9,783","34,036",0,0,0,0,0,"796,684"
Nushagak,2016,0,0,0,0,0,"7,129","1,701,542","6,222,454","111,583",0,0,"179,595","95,550","3,552",0,0,0,0,"680,512"
Nushagak,2017,0,0,0,0,0,"6,002","8,584,679","14,133,241","112,637",0,0,"368,211","309,618","4,226",0,0,0,0,"2,852,308"
Nushagak,2018,0,0,"1,698",0,0,"4,749","1,682,846","4,659,528","96,683",0,0,"49,524","43,136",0,0,0,0,NA,"1,247,460"
Nushagak,2019,0,0,0,0,0,"2,792","296,968","1,037,047","13,635",NA,"1,311","46,395","70,368",NA,0,0,NA,NA,"709,431"
Igushik,1963,0,0,292,0,0,0,"196,558","137,346",0,0,0,"22,418","11,591",0,0,0,0,0,"92,184"
Igushik,1964,0,105,507,0,0,0,"124,313","325,005",0,0,261,"103,991","28,877",0,0,0,0,0,"128,532"
Igushik,1965,0,0,0,0,0,299,"319,406","270,050",0,0,0,"168,321","52,842",0,0,0,0,0,"180,840"
Igushik,1966,0,0,0,0,0,0,"54,401","232,637",122,0,0,"5,392","8,482",0,0,0,61,0,"206,360"
Igushik,1967,0,356,430,0,0,0,"43,479","59,861",59,0,0,"10,884","10,676",0,0,0,0,0,"281,772"
Igushik,1968,0,452,167,31,0,0,"48,450","101,707",888,0,0,513,"6,715",0,0,0,0,0,"194,508"
Igushik,1969,0,0,88,0,0,0,830,"107,254","1,387",0,0,"278,332","88,831",0,0,0,0,0,"512,328"
Igushik,1970,0,0,321,0,0,0,"36,788","144,568",0,0,299,"62,987","42,459",12,0,0,0,0,"370,920"
Igushik,1971,0,0,"1,291",0,0,0,"58,279","131,521",197,0,0,"39,333","28,794",0,0,0,0,0,"210,960"
Igushik,1972,0,93,913,61,0,0,"93,771","117,097","4,097",0,0,"5,306","10,712",0,0,0,0,0,"60,018"
Igushik,1973,0,0,"1,279",866,0,0,"17,241","399,007",0,0,0,"14,681","18,927",0,0,0,0,0,"59,508"
Igushik,1974,0,49,"1,356",0,0,0,"412,983","589,285","1,192",0,"1,370","240,733","20,162",0,0,0,0,0,"358,752"
Igushik,1975,0,134,0,0,0,0,"543,521","1,835,022","1,199",0,0,"119,242","311,785",0,0,0,0,0,"241,086"
Igushik,1976,0,0,0,0,0,0,"412,828","741,008","8,897",0,"4,261","106,555","80,921",196,0,0,0,0,"186,120"
Igushik,1977,0,0,"2,917",0,0,773,"174,667","585,308","46,621",0,0,"5,600","14,540",0,0,0,0,0,"95,970"
Igushik,1978,0,0,0,0,0,0,"36,011","368,460",73,0,0,"146,031","11,700",0,0,0,0,0,"536,154"
Igushik,1979,0,0,196,0,0,0,"611,312","263,565",0,0,0,"10,184","11,078",0,0,140,0,0,"859,560"
Igushik,1980,0,0,0,0,0,0,"14,270","353,924",0,0,0,"34,537","41,072",0,0,0,0,0,"1,987,530"
Igushik,1981,0,0,0,0,0,0,"243,467","502,783","51,416",0,0,"6,742","34,236",0,0,0,0,0,"591,144"
Igushik,1982,0,0,"6,544",0,0,0,"50,848","272,741","1,045",0,0,"7,067","8,363",0,0,0,0,0,"423,768"
Igushik,1983,0,"1,151",0,27,0,0,"105,984","247,075","1,685",0,0,"6,211","28,971",0,0,0,0,0,"180,438"
Igushik,1984,0,0,232,0,0,0,"30,298","419,161","3,267",0,0,"52,282","16,033","1,680",0,0,0,0,"184,872"
Igushik,1985,0,0,"6,293",0,0,0,"395,498","639,188","5,889",0,0,"50,116","41,160",809,0,0,0,0,"212,454"
Igushik,1986,0,"2,705","8,615","2,213",0,0,"157,348","1,497,275","7,475",0,0,"9,445","15,520",0,0,0,0,0,"307,728"
Igushik,1987,0,"1,607","12,589",0,0,0,"75,588","338,281","5,679",0,0,"2,145","9,626",0,0,0,0,0,"169,236"
Igushik,1988,0,0,0,91,0,0,"105,973","479,542","1,659",0,0,"5,734","21,898",0,0,0,0,0,"170,454"
Igushik,1989,0,145,"2,991",0,0,0,"213,200","693,503","5,198",0,0,"48,454","28,293",0,0,0,0,0,"461,610"
Igushik,1990,0,46,"3,116",0,0,166,"138,198","883,941","2,186",0,0,"95,135","106,710",0,0,0,0,0,"365,802"
Igushik,1991,0,0,905,0,0,0,"170,953","798,731","2,464",0,0,"2,065","8,821",0,0,0,0,0,"756,126"
Igushik,1992,0,0,"2,985",0,0,0,"30,018","91,714",323,0,0,"5,335","9,187",0,0,0,0,0,"304,920"
Igushik,1993,0,0,0,0,0,0,"100,426","239,151",0,0,0,"13,737","4,862",0,0,0,0,0,"405,564"
Igushik,1994,0,0,0,0,0,0,"163,637","435,419","1,001",0,0,"42,976","16,920",0,0,0,0,0,"445,920"
Igushik,1995,0,0,0,0,0,0,"376,062","881,256","5,961",0,0,"6,531","8,446",0,0,0,0,0,"473,382"
Igushik,1996,0,0,0,0,0,0,"77,032","800,393","2,787",0,0,807,"5,344",63,0,0,0,0,"400,746"
Igushik,1997,0,0,"1,199",0,0,0,"1,927","51,668","1,857",0,0,"9,522","33,171",0,0,0,0,0,"127,704"
Igushik,1998,0,0,0,0,0,0,"130,362","393,266","2,298",0,0,"2,907","7,521",0,0,0,0,0,"215,904"
Igushik,1999,0,0,0,0,0,0,"60,852","146,841",0,0,67,"58,393","96,336",0,0,0,0,0,"445,536"
Igushik,2000,0,0,0,0,0,0,"53,303","660,546","3,391",0,0,"12,377","38,168",0,0,0,0,0,"413,316"
Igushik,2001,0,0,0,392,0,0,"31,827","442,820","2,903",0,0,"7,802","4,360",0,0,0,0,0,"409,596"
Igushik,2002,0,0,0,0,0,0,"235,172","202,313","5,340",0,0,"40,568","11,811",0,0,0,0,0,"123,156"
Igushik,2003,0,0,0,0,0,0,"772,530","1,273,848",756,0,0,"2,017","38,927",0,0,0,0,0,"194,088"
Igushik,2004,0,0,0,0,0,0,"596,356","1,202,309","1,106",0,0,"16,999","18,650",0,0,0,0,0,"109,650"
Igushik,2005,0,0,0,0,0,0,"326,356","1,169,822","2,298",0,0,"28,674","51,683",0,574,431,0,0,"365,712"
Igushik,2006,0,0,"1,066",0,0,0,"187,979","782,303","2,196",0,0,"18,501","13,221",0,0,0,0,0,"305,268"
Igushik,2007,0,0,0,0,0,0,"160,642","422,953",970,0,0,"16,133","7,951",333,0,0,0,0,"415,452"
Igushik,2008,0,0,0,0,0,0,"52,687","513,178","2,844",0,0,"38,405","56,732",0,0,0,0,0,"1,054,704"
Igushik,2009,0,0,0,0,0,0,"132,117","752,041",0,0,0,"56,134","1,805",0,0,0,0,0,"514,188"
Igushik,2010,0,0,0,0,0,0,"567,823","1,132,808",0,0,0,500,"13,439",0,0,0,0,0,"518,040"
Igushik,2011,0,811,0,0,0,0,"507,823","1,460,188","2,027",0,0,"11,165","3,088",0,0,0,0,0,"421,380"
Igushik,2012,0,389,"1,431",0,0,0,"364,112","312,468","3,629",0,0,"4,050",0,0,0,0,0,0,"193,326"
Igushik,2013,0,0,0,0,0,0,"906,913","1,180,877","1,039",0,0,678,"3,254",0,0,0,0,0,"387,036"
Igushik,2014,0,0,0,0,0,"1,766","734,904","1,115,187",2,0,0,"5,345",0,0,0,0,0,0,"340,590"
Igushik,2015,0,0,0,0,0,0,"233,249","647,133","6,322",0,1,"8,177","59,067",0,0,0,0,0,"651,172"
Igushik,2016,0,0,0,0,0,851,"555,165","931,969","2,198",0,0,"11,615","8,704",0,0,0,0,0,"469,230"
Igushik,2017,0,0,0,0,0,"2,073","1,014,244","2,313,279","7,046",0,0,"4,500","22,300",0,0,0,0,0,"578,700"
Igushik,2018,0,0,0,0,0,0,"666,596","1,022,062","1,484",0,0,"24,608","10,863",0,0,0,0,NA,"770,772"
Igushik,2019,0,0,0,0,0,671,"303,653","393,686","8,351",NA,0,"31,491","47,881",NA,0,0,NA,NA,"256,074"
Wood,1963,0,0,0,0,0,0,"591,145","947,041",0,0,659,"53,835","39,341",814,0,0,0,0,"721,404"
Wood,1964,0,0,"5,167",0,0,117,"492,966","320,746",0,0,910,"386,106","80,891",0,0,0,0,0,"1,076,112"
Wood,1965,0,"2,071","2,100",0,0,595,"597,032","1,024,258","4,897",0,134,"171,819","218,813",0,0,0,0,0,"675,156"
Wood,1966,0,0,0,0,0,"5,584","959,032","1,205,631","5,650",316,223,"50,018","64,076",248,0,0,0,0,"1,208,682"
Wood,1967,0,0,"7,435",328,39,"1,499","575,431","289,067",653,0,527,"81,500","97,783",0,0,0,0,0,"515,772"
Wood,1968,0,0,"5,656",0,0,909,"552,272","565,465","4,462",0,0,"3,926","21,677",0,0,0,0,0,"649,344"
Wood,1969,0,0,"1,899",0,0,0,"60,777","438,024","10,313",0,0,"383,878","94,957",0,0,0,0,0,"604,338"
Wood,1970,0,0,0,0,0,"3,952","1,387,915","1,022,201",0,0,"4,459","179,643","49,931",0,0,0,0,0,"1,161,964"
Wood,1971,0,"2,468","19,061",0,0,"1,697","444,270","643,532",0,0,0,"202,945","111,167",0,0,0,0,0,"851,202"
Wood,1972,0,"1,695","11,223",0,0,"1,707","802,386","422,945","34,889",0,0,"41,828","22,008",0,0,0,0,0,"430,602"
Wood,1973,0,645,"1,261",0,0,"1,245","233,282","1,154,123",0,0,0,"44,714","24,991",0,0,0,0,0,"330,474"
Wood,1974,0,0,"12,417",0,0,"2,409","3,403,445","1,924,881","8,334",0,"4,257","437,456","100,230",0,0,0,0,0,"1,708,836"
Wood,1975,0,0,0,0,0,"30,667","1,796,332","2,809,724","7,864",0,0,"548,783","1,097,316",0,0,0,0,0,"1,270,116"
Wood,1976,0,0,0,0,0,"1,967","2,652,958","3,010,833","9,227",0,"4,013","617,473","290,716","3,349",0,0,0,0,"817,008"
Wood,1977,0,0,0,0,0,"19,300","1,275,546","2,444,584",0,0,0,"55,898","27,016",0,0,"1,968",0,0,"561,828"
Wood,1978,0,0,0,0,0,0,"1,274,166","688,659","13,288",0,"2,794","1,025,110","113,191",0,0,0,0,0,"2,267,238"
Wood,1979,0,0,0,"10,445",0,"16,286","2,360,529","1,708,953","1,419",0,0,"31,620","25,417",0,0,0,0,0,"1,706,352"
Wood,1980,0,0,0,0,0,0,"472,216","810,844","1,486",0,0,"72,534","114,712",0,0,0,0,0,"2,969,040"
Wood,1981,0,0,0,"2,310",0,0,"613,922","1,383,072",0,0,0,"69,787","162,822",0,0,0,0,0,"1,233,318"
Wood,1982,0,0,0,0,0,"3,628","533,178","1,388,423","12,821",0,0,"125,734","21,586",0,0,0,0,0,"976,470"
Wood,1983,0,0,"1,041",0,0,"1,359","1,839,383","1,353,389","2,818",0,0,"15,114","113,650",0,0,0,0,0,"1,360,968"
Wood,1984,155,0,0,"1,241",0,382,"586,695","1,499,000","16,112",0,0,"80,679","34,558",0,0,0,0,0,"1,002,792"
Wood,1985,0,"8,941","16,157",563,0,"1,455","1,380,822","1,822,594","3,605",0,0,"44,470","24,716",843,0,0,0,0,"939,000"
Wood,1986,0,"3,188","31,947","1,261",0,"2,187","1,225,884","2,760,108","20,885",0,0,"52,691","78,155",0,0,0,0,0,"818,652"
Wood,1987,0,"18,995","74,929","16,959",0,0,"1,579,965","991,109","6,777",0,148,"87,905","121,126",0,0,0,0,0,"1,337,172"
Wood,1988,0,"7,723","18,868","4,368",0,"1,124","1,850,506","1,935,323","12,680",0,0,"90,117","57,212",949,0,0,0,0,"866,778"
Wood,1989,0,"2,349","19,841",0,0,"4,110","2,563,487","2,443,447","2,447",0,0,"23,864","46,747",0,0,0,0,0,"1,186,410"
Wood,1990,0,"5,651","23,365","5,426",0,"1,442","1,122,283","1,824,009","4,644",911,"1,436","301,351","264,540",0,0,0,619,0,"1,069,440"
Wood,1991,0,0,"8,271",0,0,"12,307","2,739,167","3,167,633","65,018",0,0,"51,077","66,660",132,0,0,0,0,"1,159,920"
Wood,1992,0,"8,953","77,658","6,088",0,"1,295","2,380,886","1,931,609",0,0,0,"85,259","45,424","1,182",0,770,0,0,"1,286,250"
Wood,1993,0,"13,405","1,681","4,109",0,0,"1,710,296","1,233,241","2,588",0,0,"138,581","163,437",0,0,0,0,0,"1,176,126"
Wood,1994,0,0,0,0,0,"10,892","2,990,517","2,383,374","2,874",0,489,"400,066","99,116",0,0,0,0,0,"1,471,890"
Wood,1995,0,419,0,0,0,"7,336","4,452,435","3,217,087","9,319",0,0,"117,398","40,742",0,0,0,0,0,"1,482,162"
Wood,1996,0,0,0,0,0,0,"3,104,643","4,383,745","21,333",0,0,"2,900","17,323",0,0,0,0,0,"1,649,598"
Wood,1997,0,0,0,0,0,0,"204,615","584,427","25,529",0,0,"194,836","227,699",181,0,0,29,0,"1,512,396"
Wood,1998,0,0,749,0,0,"2,776","3,038,334","3,535,683","5,315",0,900,"148,017","134,875",314,0,0,0,0,"1,755,768"
Wood,1999,0,"1,095",0,0,0,725,"2,291,700","2,609,499","8,219",0,448,"399,871","309,514",0,0,0,0,35,"1,512,426"
Wood,2000,0,0,0,0,0,"4,297","3,280,705","3,230,094","60,785",0,0,"112,748","550,290",0,0,0,0,0,"1,300,026"
Wood,2001,0,0,0,0,0,0,"2,176,259","5,495,801","13,527",0,0,"562,702","62,044",0,"1,357",0,0,0,"1,458,732"
Wood,2002,0,0,"27,856",0,0,"44,386","5,937,284","2,121,063",0,0,0,"236,545","41,849",0,0,0,0,0,"1,283,682"
Wood,2003,0,0,0,0,0,"4,140","5,350,246","2,811,164","49,756",0,0,"37,753","87,032",0,0,0,0,0,"1,459,782"
Wood,2004,0,0,0,0,0,"10,784","3,914,077","3,867,603","23,501",0,0,"112,868","137,251",0,0,0,0,0,"1,543,392"
Wood,2005,0,0,0,"1,713",0,0,"2,515,743","3,860,079","9,698",0,0,"235,871","95,463",297,0,0,0,0,"1,496,550"
Wood,2006,0,0,405,"2,357",0,"40,677","4,545,900","3,188,318","16,184",0,"2,334","185,857","52,955",0,0,0,0,0,"4,008,102"
Wood,2007,0,107,0,0,0,"2,506","1,466,827","1,145,265","1,276",0,0,"175,482","34,609",0,0,0,0,0,"1,528,086"
Wood,2008,0,687,0,0,0,0,"1,307,146","1,776,720","20,585",0,0,"47,807","67,158","1,026",0,0,0,0,"1,724,676"
Wood,2009,0,0,0,0,0,"1,790","1,383,004","2,057,087",0,0,"1,627","209,068","68,012",553,0,0,0,0,"1,319,232"
Wood,2010,0,0,"6,301",0,0,"41,826","4,798,047","1,989,083","13,533","3,883","1,238","214,842","58,421",0,0,0,0,0,"1,804,344"
Wood,2011,0,0,0,"1,229",0,"10,412","2,666,460","2,859,737","1,099",0,"2,946","105,680","1,099",0,0,0,913,0,"1,098,006"
Wood,2012,0,0,"4,175",0,0,"77,215","3,133,423","1,384,226",0,0,0,"56,376",0,0,0,0,0,0,"764,211"
Wood,2013,0,0,0,0,0,"207,823","9,677,410","2,368,581",76,0,0,"57,517","52,030",0,0,0,0,0,"1,183,348"
Wood,2014,0,0,"3,135",0,0,"163,321","20,246,492","3,790,599",975,0,"3,535","340,940","11,853",0,0,0,0,0,"2,764,614"
Wood,2015,0,0,0,0,0,0,"8,064,807","2,193,179",121,0,"4,771","38,542","75,592",0,0,0,0,0,"1,941,474"
Wood,2016,0,0,0,0,0,"87,518","5,724,076","1,013,269","13,053",0,0,"429,453","184,574",0,0,0,0,0,"1,309,707"
Wood,2017,0,0,0,0,0,"36,289","11,139,832","3,487,974","1,524",0,"3,526","1,230,558","1,023,386",0,0,0,0,0,"4,274,224"
Wood,2018,0,0,0,0,0,"8,527","7,531,764","5,551,291","6,998",0,0,"401,672","95,793",0,0,0,0,NA,"7,507,254"
Wood,2019,0,0,0,0,0,"7,234","3,376,389","1,465,102",97,NA,"1,337","449,655","183,395",NA,0,0,NA,NA,"2,073,276"
Togiak,1956,0,0,"3,740",0,0,0,"113,914","306,119",957,0,0,"22,301","13,428",0,0,102,308,0,"225,000"
Togiak,1957,0,"2,336","4,619",0,0,0,"48,410","69,528",0,0,225,"20,252","35,663",0,0,"1,426",0,0,"25,000"
Togiak,1958,0,491,"1,673",0,0,"1,295","68,161","114,719",0,0,96,"58,819","24,560",0,0,0,0,0,"72,000"
Togiak,1959,0,0,308,0,0,95,"141,475","91,668",0,0,0,"55,503","6,939",0,0,0,89,0,"209,640"
Togiak,1960,0,0,"2,356",0,0,0,"191,282","273,523",243,0,0,"22,044","51,876",138,0,0,18,0,"162,810"
Togiak,1961,0,915,"3,168",44,0,58,"84,542","216,240",643,0,0,"15,400","19,162",0,0,0,38,0,"122,254"
Togiak,1962,0,0,"7,022",91,0,0,"47,953","102,349",115,0,0,"4,431","8,107",0,0,0,0,0,"61,952"
Togiak,1963,0,0,"1,787",0,0,0,"42,570","65,106",84,0,13,"18,386","24,061",0,0,55,0,0,"116,196"
Togiak,1964,0,106,"1,108",0,0,96,"42,747","84,303",0,0,0,"40,549","6,069",0,0,0,0,0,"104,874"
Togiak,1965,0,169,"1,798",0,0,86,"154,117","180,998",0,0,27,"31,234","37,109",61,0,0,0,0,"96,486"
Togiak,1966,0,"1,144","5,546",0,0,0,"199,888","419,478","1,417",0,0,"4,228","9,384",225,0,140,313,0,"104,198"
Togiak,1967,0,735,"5,610",61,0,0,"18,347","98,966",915,0,0,"16,264","40,259",60,0,0,0,0,"81,330"
Togiak,1968,0,325,"1,198",134,0,0,"49,069","189,940","2,995",0,0,"6,071","12,892",0,0,0,0,0,"49,918"
Togiak,1969,0,174,"5,427",0,0,0,"27,974","141,807","3,218",0,0,"25,045","12,500",188,0,0,0,0,"116,666"
Togiak,1970,0,53,"1,227",0,0,0,"53,906","226,059",716,0,0,"55,277","70,405",339,0,136,166,0,"202,896"
Togiak,1971,0,185,"4,283",0,0,0,"106,131","316,634","1,304",0,0,"62,028","67,616",0,0,0,0,0,"200,242"
Togiak,1972,0,398,"2,076",278,0,392,"93,022","150,134","2,498",0,0,"21,156","33,651",0,0,0,0,0,"78,570"
Togiak,1973,0,628,"9,568",0,0,0,"151,026","441,650",732,0,0,"18,417","31,479",0,0,0,0,0,"106,930"
Togiak,1974,0,436,"2,385",203,0,0,"271,491","307,426","2,693",0,0,"73,071","45,279",651,0,0,203,0,"103,592"
Togiak,1975,0,709,"7,086",0,0,0,"195,448","848,471","2,153",0,0,"86,678","59,364",0,0,0,0,0,"180,562"
Togiak,1976,0,118,"1,468",101,0,0,"188,543","558,049","3,712",0,0,"141,951","174,715",0,0,0,0,0,"189,390"
Togiak,1977,0,0,"4,638",0,0,0,"231,526","616,719","3,582",0,0,"13,954","13,571",0,0,0,0,0,"162,534"
Togiak,1978,0,0,"11,841",233,0,0,"149,178","429,637",711,0,0,"65,010","25,007",0,0,0,0,0,"306,176"
Togiak,1979,0,"1,289",907,0,0,230,"269,778","292,511","1,681",0,0,"11,808","4,627",37,0,0,0,0,"198,238"
Togiak,1980,0,0,"4,755","1,176",0,0,"44,602","224,428",323,0,0,"10,397","19,366",0,0,0,0,0,"526,750"
Togiak,1981,0,"2,290","11,487",74,0,0,"53,352","245,248",571,0,0,"14,991","16,366",238,0,0,0,0,"307,130"
Togiak,1982,0,0,"15,902",0,0,198,"109,251","254,521","5,345",0,0,"14,091","25,531",358,0,0,0,0,"288,674"
Togiak,1983,0,747,"2,695","2,223",0,215,"284,993","923,783","1,858",0,0,"8,526","20,952",0,0,0,0,0,"212,640"
Togiak,1984,0,0,"14,259",154,0,0,"21,414","109,255","1,045",0,0,"4,130","16,598",149,0,0,0,0,"150,978"
Togiak,1985,0,222,"6,667",226,0,0,"35,244","194,360",801,0,117,"35,480","76,815",739,0,0,0,0,"153,482"
Togiak,1986,0,160,"18,328",698,0,0,"77,439","445,395","13,653",0,0,"83,230","121,187",0,0,0,0,0,"203,384"
Togiak,1987,0,246,"7,028",757,0,0,"190,194","574,638","7,258",0,0,"30,675","80,841",416,0,0,147,0,"278,276"
Togiak,1988,0,644,"8,532","2,826",0,0,"111,428","403,072","2,665",0,0,"33,621","53,472",0,0,0,0,0,"309,012"
Togiak,1989,0,399,"36,452",889,0,250,"132,224","328,310","1,167",0,0,"7,244","41,176",192,0,0,0,0,"104,240"
Togiak,1990,0,"1,100","23,450","1,376",0,0,"101,370","460,094","5,217",0,0,"75,004","36,743",370,0,0,0,0,"166,297"
Togiak,1991,0,870,"2,681",889,0,"3,207","188,601","428,921","8,146",0,0,"27,931","28,942",0,0,0,0,0,"254,088"
Togiak,1992,0,"1,193","34,883",596,0,0,"50,305","124,078","1,097",0,0,"32,862","30,213",0,0,0,0,0,"209,516"
Togiak,1993,0,469,"3,965",0,0,349,"63,955","228,924","3,948",0,0,"5,806","15,205",0,0,0,0,0,"188,610"
Togiak,1994,0,"1,087","3,173",0,0,239,"43,282","167,056",917,0,0,"31,074","7,578",0,0,0,0,0,"174,172"
Togiak,1995,0,0,"5,649",717,0,646,"341,277","1,010,256","5,198",0,0,"11,282","65,753",41,0,0,0,0,"211,226"
Togiak,1996,0,767,"8,761",326,0,258,"87,332","986,642","7,626",0,0,"3,850","21,297",0,0,787,402,0,"187,174"
Togiak,1997,0,0,"4,536",0,0,0,"42,835","305,122","4,930",0,0,"15,996","87,351","1,569",0,0,0,0,"152,223"
Togiak,1998,0,0,"1,427",341,0,0,"53,994","633,322","5,289",0,0,"23,671","91,390",315,0,0,0,0,"175,476"
Togiak,1999,0,0,"11,006",0,0,0,"136,543","289,772","1,273",168,0,"28,896","50,325",0,0,0,0,0,"196,136"
Togiak,2000,0,0,"3,543",0,0,0,"87,218","318,175","4,659",0,0,"140,738","151,831",181,0,301,0,0,"352,245"
Togiak,2001,0,0,"6,695",130,0,0,"63,453","410,426","4,558",0,0,"89,645","62,115",151,0,0,0,0,"303,346"
Togiak,2002,0,183,"7,127",0,0,171,"241,299","727,475","7,191",0,0,"25,451","18,669",0,0,0,0,0,"178,577"
Togiak,2003,0,0,"2,444",453,0,450,"244,748","723,578","5,211",0,0,"8,110","13,360",0,0,0,0,0,"232,302"
Togiak,2004,0,0,"3,572",0,0,0,"106,296","483,311","1,048",0,0,"47,324","39,634",0,0,0,0,0,"135,637"
Togiak,2005,0,0,"3,960",0,0,520,"302,375","372,119","1,661",0,0,"65,399","31,874",0,0,0,0,0,"155,778"
Togiak,2006,0,0,888,0,0,568,"160,705","615,524","2,402",0,0,"44,996","11,470",0,0,0,0,0,"312,126"
Togiak,2007,0,0,767,0,0,"1,211","163,735","654,989","1,183",0,0,"38,261","27,737",0,0,0,0,0,"269,646"
Togiak,2008,0,0,0,0,0,0,"125,488","469,887","2,859",0,0,"3,072","8,282",0,0,0,0,0,"205,680"
Togiak,2009,0,0,"2,060",0,0,328,"88,287","364,308",572,0,0,"25,841","8,630",0,0,0,0,0,"313,946"
Togiak,2010,0,537,288,0,0,0,"130,232","338,788","1,372",0,0,"9,047","2,908",0,0,0,0,0,"188,298"
Togiak,2011,0,0,"2,202",0,0,"1,478","166,292","538,658","4,292",0,0,"16,663","3,523",0,0,0,0,0,"190,970"
Togiak,2012,0,0,687,0,0,"1,219","176,979","357,182","6,864",0,0,"9,337","9,653",0,0,0,0,0,"203,148"
Togiak,2013,0,0,0,0,0,671,"298,803","756,364","2,221",0,0,"4,547","2,776",0,0,0,0,0,"128,118"
Togiak,2014,0,0,0,0,0,"1,149","583,074","983,763","1,943",0,0,"4,843",559,0,0,0,0,0,"151,934"
Togiak,2015,0,0,0,0,0,841,"292,933","418,533","1,929",0,0,"3,175",313,0,0,0,0,0,"218,700"
Togiak,2016,0,0,0,0,0,202,"191,935","469,036","3,717",0,388,"1,791","2,028",0,0,0,0,0,"200,046"
Togiak,2017,0,0,0,0,0,"4,517","483,443","677,934","3,418",0,0,"4,056","6,861",0,0,0,0,0,"190,098"
Togiak,2018,0,0,0,0,0,197,"140,461","507,530",611,0,0,"6,331","5,496",350,0,0,0,NA,"511,770"
Togiak,2019,0,0,0,0,0,0,"127,158","275,215","2,274",NA,0,"11,663","32,616",NA,0,0,NA,NA,"351,846"
