"system","broodYr","spawn","rec","rps","rec_part","rps_part"
"Igushik",1963,92184,368205.122066703,3.99424110547061,368205.122066702,3.9942411054706
"Igushik",1964,128532,583059.500180181,4.5362983551192,583059.500180181,4.5362983551192
"Igushik",1965,180840,810919.527577424,4.48418230246308,810919.527577423,4.48418230246308
"Igushik",1966,206360,301093.430575705,1.45906876611604,301093.430575705,1.45906876611603
"Igushik",1967,281772,125744.849381645,0.446264530832179,125744.849381645,0.44626453083218
"Igushik",1968,194508,158922.719262924,0.817049783365845,158922.719262923,0.817049783365843
"Igushik",1969,512328,476722.22685709,0.930501996488753,476722.226857089,0.930501996488752
"Igushik",1970,370920,287435.695091682,0.77492638599073,287435.695091681,0.774926385990729
"Igushik",1971,210960,259415.093327239,1.22968853492245,259415.093327239,1.22968853492245
"Igushik",1972,60018,232049.467502464,3.86633122567336,232049.467502463,3.86633122567335
"Igushik",1973,59508,451999.766575413,7.59561347340547,451999.766575412,7.59561347340547
"Igushik",1974,358752,1267129.88809994,3.5320496836253,1267129.88809994,3.5320496836253
"Igushik",1975,241086,2810903.3498592,11.6593387830865,2810903.34985921,11.6593387830866
"Igushik",1976,186120,1354666.65250916,7.27845826622156,1354666.65250916,7.27845826622156
"Igushik",1977,95970,830426.157793119,8.65297653217797,830426.157793119,8.65297653217796
"Igushik",1978,536154,562274.921633802,1.04871906510779,562274.921633802,1.04871906510779
"Igushik",1979,859560,896475.79562251,1.04294731679291,896475.79562251,1.04294731679291
"Igushik",1980,1987530,443803.166703739,0.223293820321574,443803.166703739,0.223293820321574
"Igushik",1981,591144,838645.24558437,1.41868181963171,838645.245584371,1.41868181963172
"Igushik",1982,423768,346608.038627578,0.817919329981448,346608.038627578,0.817919329981447
"Igushik",1983,180438,391104.402289343,2.16752791700941,391104.402289343,2.16752791700941
"Igushik",1984,184872,522953.388363787,2.8287322491442,522953.388363787,2.82873224914421
"Igushik",1985,212454,1138950.75445401,5.36092873965192,1138950.75445401,5.36092873965191
"Igushik",1986,307728,1700596.58768832,5.52629785943536,1700596.58768833,5.52629785943537
"Igushik",1987,169236,445514.670168539,2.63250531901332,445514.670168539,2.63250531901332
"Igushik",1988,170454,614897.817730306,3.6074120744031,614897.817730305,3.60741207440309
"Igushik",1989,461610,991783.682547156,2.14853162311725,991783.682547156,2.14853162311725
"Igushik",1990,365802,1229497.5528373,3.3611012319159,1229497.5528373,3.3611012319159
"Igushik",1991,756126,983938.792614967,1.30128945786148,983938.792614967,1.30128945786148
"Igushik",1992,304920,139561.23869275,0.457697883683425,139561.23869275,0.457697883683426
"Igushik",1993,405564,358174.418815424,0.883151410912764,358174.418815425,0.883151410912765
"Igushik",1994,445920,659952.734045033,1.47998011761086,659952.734045033,1.47998011761086
"Igushik",1995,473382,1278256.1538545,2.70026353738523,1278256.1538545,2.70026353738523
"Igushik",1996,400746,886426.236814742,2.21194032333384,886426.236814743,2.21194032333384
"Igushik",1997,127704,99344.9440826979,0.777931341874161,99344.9440826979,0.777931341874161
"Igushik",1998,215904,536354.15445129,2.48422518550509,536354.15445129,2.48422518550509
"Igushik",1999,445536,362489.537656429,0.81360325014461,362489.537656429,0.81360325014461
"Igushik",2000,413316,767785.541536907,1.85762356535171,767785.541536906,1.85762356535171
"Igushik",2001,409596,490103.450737403,1.19655331286781,490103.450737403,1.19655331286781
"Igushik",2002,123156,495205.008265333,4.02095722713739,495205.008265333,4.0209572271374
"Igushik",2003,194088,2088078.26468313,10.7584099206707,2088078.26468314,10.7584099206707
"Igushik",2004,109650,1835420.36195103,16.7388997897951,1835420.36195104,16.7388997897951
"Igushik",2005,365712,1579838.18055274,4.31989702430531,1579838.18055275,4.31989702430532
"Igushik",2006,305268,1005266.37207463,3.29306174271337,1005266.37207462,3.29306174271337
"Igushik",2007,415452,608981.017564519,1.46582762284095,608981.017564519,1.46582762284095
"Igushik",2008,1054704,663845.719776258,0.629414243025776,663845.719776258,0.629414243025776
"Igushik",2009,514188,942097.300893027,1.83220398160406,942097.300893027,1.83220398160406
"Igushik",2010,518040,1714570.3625076,3.3097258175191,1714570.3625076,3.3097258175191
"Igushik",2011,421380,1985101.22735734,4.71095264928886,1985101.22735734,4.71095264928886
"Igushik",2012,193326,686078.805641823,3.54881808779897,686078.805641823,3.54881808779897
"Igushik",2013,387036,2092761.88724356,5.40715046466883,2092761.88724356,5.40715046466883
"Igushik",2014,340590,1857204.27504585,5.45290312412534,1857204.27504585,5.45290312412535
"Igushik",2015,651172,NA,NA,953949.534800715,1.46497320953714
"Igushik",2016,469230,NA,NA,1510501.30692945,3.21910642313886
"Wood",1963,721404,1632835.6902013,2.26341369080474,1632835.6902013,2.26341369080474
"Wood",1964,1076112,1286902.77710073,1.19588182001569,1286902.77710073,1.19588182001569
"Wood",1965,675156,2021718.74284877,2.99444682836081,2021718.74284877,2.99444682836081
"Wood",1966,1208682,2290779.78677707,1.89527087089663,2290779.78677707,1.89527087089662
"Wood",1967,515772,1054263.50231463,2.04404950698104,1054263.50231463,2.04404950698104
"Wood",1968,649344,1154367.15414343,1.77774362147556,1154367.15414343,1.77774362147556
"Wood",1969,604338,989847.971165265,1.63790456857796,989847.971165265,1.63790456857796
"Wood",1970,1161964,2648101.6347012,2.2789876749204,2648101.63470121,2.2789876749204
"Wood",1971,851202,1425140.3788766,1.67426812774946,1425140.3788766,1.67426812774946
"Wood",1972,430602,1338679.25329861,3.10885516857472,1338679.25329861,3.10885516857472
"Wood",1973,330474,1460260.48499533,4.41868493435285,1460260.48499532,4.41868493435285
"Wood",1974,1708836,5893430.30998299,3.44879807657551,5893430.30998299,3.44879807657551
"Wood",1975,1270116,6290687.41151378,4.95284478859709,6290687.41151378,4.95284478859709
"Wood",1976,817008,6590536.14741133,8.06667272219039,6590536.14741133,8.0666727221904
"Wood",1977,561828,3824312.59826252,6.80690994087606,3824312.59826252,6.80690994087606
"Wood",1978,2267238,3117206.8107266,1.37489174525418,3117206.8107266,1.37489174525418
"Wood",1979,1706352,4154668.58018577,2.43482504206973,4154668.58018577,2.43482504206973
"Wood",1980,2969040,1471792.11761562,0.495713132061415,1471792.11761562,0.495713132061415
"Wood",1981,1233318,2231913.48074671,1.80968207773397,2231913.48074671,1.80968207773397
"Wood",1982,976470,2085370.56802225,2.13562174774673,2085370.56802225,2.13562174774673
"Wood",1983,1360968,3326753.3865653,2.44440235667943,3326753.38656529,2.44440235667943
"Wood",1984,1002792,2218822.19159381,2.2126444881828,2218822.19159381,2.2126444881828
"Wood",1985,939000,3304166.65396049,3.51881432796645,3304166.65396049,3.51881432796644
"Wood",1986,818652,4176304.8377082,5.10144095135442,4176304.83770819,5.10144095135441
"Wood",1987,1337172,2897914.16179317,2.16719626330283,2897914.16179317,2.16719626330283
"Wood",1988,866778,3978870.05699389,4.59041422024312,3978870.05699389,4.59041422024312
"Wood",1989,1186410,5106290.77222029,4.30398493962483,5106290.77222029,4.30398493962483
"Wood",1990,1069440,3555677.99017163,3.32480362635737,3555677.99017163,3.32480362635738
"Wood",1991,1159920,6110265.16020268,5.26783326453779,6110265.16020267,5.26783326453779
"Wood",1992,1286250,4539122.83785081,3.52895847451958,4539122.83785082,3.52895847451958
"Wood",1993,1176126,3267338.95541326,2.77805180347451,3267338.95541326,2.77805180347451
"Wood",1994,1471890,5887327.87008044,3.99984229125848,5887327.87008044,3.99984229125848
"Wood",1995,1482162,7844735.66396403,5.29276534141614,7844735.66396403,5.29276534141614
"Wood",1996,1649598,7529945.0305222,4.56471517940868,7529945.0305222,4.56471517940868
"Wood",1997,1512396,1237316.77341795,0.818116930630566,1237316.77341794,0.818116930630566
"Wood",1998,1755768,6866962.90956072,3.91108785987711,6866962.90956072,3.91108785987711
"Wood",1999,1512426,5621105.32849994,3.71661511273936,5621105.32849994,3.71661511273936
"Wood",2000,1300026,7238919.45182733,5.56828821256446,7238919.45182733,5.56828821256446
"Wood",2001,1458732,8311690.33283843,5.69788716010784,8311690.33283843,5.69788716010784
"Wood",2002,1283682,8408982.38654234,6.55067406611788,8408982.38654233,6.55067406611788
"Wood",2003,1459782,8340090.11853488,5.71324356550148,8340090.11853488,5.71324356550148
"Wood",2004,1543392,8066084.29938961,5.22620585009486,8066084.29938961,5.22620585009486
"Wood",2005,1496550,6718864.0989698,4.48956874075026,6718864.0989698,4.48956874075026
"Wood",2006,4008102,8034985.37370308,2.00468585223207,8034985.37370308,2.00468585223207
"Wood",2007,1528086,2826070.95195782,1.84941878399372,2826070.95195782,1.84941878399371
"Wood",2008,1724676,3221128.96035362,1.86767193394795,3221128.96035362,1.86767193394795
"Wood",2009,1319232,3721140.49423596,2.82068695592281,3721140.49423596,2.82068695592281
"Wood",2010,1804344,7127173.36560695,3.95000807252217,7127173.36560695,3.95000807252217
"Wood",2011,1098006,5649575.89971229,5.14530512557517,5649575.89971229,5.14530512557517
"Wood",2012,764211,4655414.54000071,6.09179210977166,4655414.54000071,6.09179210977166
"Wood",2013,1183348,12363437.5231467,10.4478458772455,12363437.5231467,10.4478458772455
"Wood",2014,2764614,24560850.0151954,8.8840069590892,24560850.0151954,8.8840069590892
"Wood",2015,1941474,NA,NA,10377011.7085838,5.34491407486465
"Wood",2016,1309707,NA,NA,7451931.18568957,5.68976968565455
"Nushagak",1963,234820.8018,214840.580156722,0.914912897451497,214840.580156721,0.914912897451495
"Nushagak",1964,134852.6266,93342.3462088272,0.692180408808049,93342.3462088272,0.69218040880805
"Nushagak",1965,255793.5021,779753.691718512,3.0483717737821,779753.691718512,3.0483717737821
"Nushagak",1966,233577.6147,701565.678678565,3.0035655581963,701565.678678565,3.0035655581963
"Nushagak",1967,74002.81765,227033.084647458,3.0678978430419,227033.084647458,3.0678978430419
"Nushagak",1968,142360.4153,344179.471621545,2.41766273929622,344179.471621545,2.41766273929622
"Nushagak",1969,95805.0467,493692.39056527,5.15309378337028,493692.39056527,5.15309378337028
"Nushagak",1970,452891.7581,988763.627680121,2.18322283414528,988763.62768012,2.18322283414528
"Nushagak",1971,312699.1781,1010998.91204097,3.23313581501533,1010998.91204097,3.23313581501533
"Nushagak",1972,39850.56376,1147979.90927231,28.8071184183495,1147979.90927231,28.8071184183496
"Nushagak",1973,210600.7728,1380189.1844859,6.55358081613791,1380189.1844859,6.55358081613791
"Nushagak",1974,204190.1742,383622.793221916,1.87875246556265,383622.793221917,1.87875246556265
"Nushagak",1975,832092.6013,5995148.83355701,7.20490582921977,5995148.83355701,7.20490582921976
"Nushagak",1976,520302.5868,4351923.97327764,8.36421744516615,4351923.97327764,8.36421744516615
"Nushagak",1977,611588.3606,3236088.56608596,5.2912854046326,3236088.56608595,5.29128540463259
"Nushagak",1978,734040.0845,1513724.71081875,2.0621826284185,1513724.71081875,2.0621826284185
"Nushagak",1979,551271.6622,1846152.62336911,3.34889810225603,1846152.62336911,3.34889810225603
"Nushagak",1980,3669136.414,1210265.69876664,0.329850286881878,1210265.69876664,0.329850286881878
"Nushagak",1981,1118872.875,1976756.70465016,1.76673932206119,1976756.70465016,1.76673932206119
"Nushagak",1982,664579.7666,1335148.49953981,2.00901165915786,1335148.49953981,2.00901165915786
"Nushagak",1983,446845.0461,1548737.91695801,3.46593954766909,1548737.91695801,3.46593954766909
"Nushagak",1984,655739.2017,761247.350911451,1.16089956027933,761247.35091145,1.16089956027933
"Nushagak",1985,551319.2218,1416869.92612331,2.56996286379673,1416869.92612331,2.56996286379672
"Nushagak",1986,1095241.259,2092573.596844,1.91060515630557,2092573.596844,1.91060515630557
"Nushagak",1987,429181.6128,1905456.27363564,4.43974349507744,1905456.27363564,4.43974349507744
"Nushagak",1988,534459.8784,2557338.62371741,4.78490290304533,2557338.62371741,4.78490290304533
"Nushagak",1989,567863.3443,1398722.07011078,2.46313146314273,1398722.07011078,2.46313146314273
"Nushagak",1990,752513.138,1189247.18707263,1.58036734113821,1189247.18707263,1.58036734113821
"Nushagak",1991,544748.2476,1491481.64646501,2.73792830548062,1491481.64646501,2.73792830548063
"Nushagak",1992,768816.1441,1212574.09799274,1.57719645626357,1212574.09799274,1.57719645626357
"Nushagak",1993,790926.9579,1074278.18641409,1.35825208090823,1074278.18641409,1.35825208090823
"Nushagak",1994,563334.117,425915.19395213,0.75606142269585,425915.19395213,0.75606142269585
"Nushagak",1995,311136.3458,1198477.04716394,3.85193521535515,1198477.04716394,3.85193521535515
"Nushagak",1996,557057.3491,2335512.43443613,4.19258885680166,2335512.43443613,4.19258885680165
"Nushagak",1997,412591.0367,544301.913197689,1.31922864236495,544301.913197689,1.31922864236495
"Nushagak",1998,507532.2674,2665498.34234811,5.25187956226507,2665498.34234812,5.25187956226508
"Nushagak",1999,344972.2727,1753729.55169898,5.08368263331147,1753729.55169898,5.08368263331147
"Nushagak",2000,446286.4967,3938657.2506902,8.82540090236659,3938657.2506902,8.82540090236659
"Nushagak",2001,897112.175,2662843.49877395,2.96823917117606,2662843.49877395,2.96823917117606
"Nushagak",2002,349155.3099,2083235.29934885,5.96650040907441,2083235.29934885,5.9665004090744
"Nushagak",2003,642092.8998,2197158.50268368,3.42187011158051,2197158.50268368,3.42187011158051
"Nushagak",2004,543872.2652,1836175.66719041,3.37611565192644,1836175.6671904,3.37611565192643
"Nushagak",2005,1106703,1418241.40306321,1.28150136311477,1418241.40306321,1.28150136311477
"Nushagak",2006,548410,1237592.93343714,2.25669286380107,1237592.93343714,2.25669286380107
"Nushagak",2007,518041,912135.897857768,1.76074074804459,912135.897857768,1.76074074804459
"Nushagak",2008,492546,2169869.77853651,4.40541549121607,2169869.77853651,4.40541549121608
"Nushagak",2009,484149,1285173.29751099,2.6544995394207,1285173.297511,2.65449953942071
"Nushagak",2010,468696,2452553.90817582,5.2327178132005,2452553.90817582,5.23271781320049
"Nushagak",2011,428191,2428916.72887771,5.67250766335049,2428916.72887771,5.6725076633505
"Nushagak",2012,432438,5114328.84489558,11.8267331846313,5114328.84489558,11.8267331846313
"Nushagak",2013,894148,11990241.5824528,13.4096833884914,11990241.5824528,13.4096833884914
"Nushagak",2014,618477,4879284.1397423,7.88919254837658,4879284.1397423,7.88919254837657
"Nushagak",2015,796684,NA,NA,2469476.27043173,3.09969356787852
"Nushagak",2016,680512,NA,NA,8317840.81184277,12.2229157044149
"Kvichak",1963,338760,1388215.8615307,4.09793323158196,1388215.8615307,4.09793323158196
"Kvichak",1964,957120,5763514.8080947,6.02172643774522,5763514.8080947,6.02172643774522
"Kvichak",1965,24325926,45820688.6640769,1.88361539306158,45820688.6640769,1.88361539306158
"Kvichak",1966,3755185,6522061.73832304,1.73681502730839,6522061.73832305,1.73681502730839
"Kvichak",1967,3216208,1784047.97041946,0.554705407865244,1784047.97041946,0.554705407865244
"Kvichak",1968,2557440,635324.088074931,0.248421893798068,635324.088074932,0.248421893798068
"Kvichak",1969,8394204,5513626.38010613,0.656837310614102,5513626.38010613,0.656837310614101
"Kvichak",1970,13935306,15363871.7609629,1.1025141292888,15363871.7609629,1.10251412928879
"Kvichak",1971,2387392,2036285.1271136,0.852932877011233,2036285.1271136,0.852932877011233
"Kvichak",1972,1009962,3248671.17710916,3.21662713756474,3248671.17710916,3.21662713756474
"Kvichak",1973,226554,2203241.2006251,9.72501567231255,2203241.2006251,9.72501567231254
"Kvichak",1974,4433844,25784407.2986557,5.81536186177404,25784407.2986556,5.81536186177404
"Kvichak",1975,13140450,37439011.0672555,2.8491422338851,37439011.0672555,2.8491422338851
"Kvichak",1976,1965282,10716322.9886967,5.45281694367357,10716322.9886967,5.45281694367357
"Kvichak",1977,1341144,3089502.38449202,2.30363211146008,3089502.38449202,2.30363211146008
"Kvichak",1978,4149288,5055228.08373439,1.21833627449683,5055228.0837344,1.21833627449683
"Kvichak",1979,11218434,43049769.8480922,3.83741347928705,43049769.8480922,3.83741347928705
"Kvichak",1980,22505268,12597312.7292474,0.559749509725787,12597312.7292474,0.559749509725787
"Kvichak",1981,1754358,2048788.63260511,1.1678281357654,2048788.63260511,1.1678281357654
"Kvichak",1982,1134840,1509245.58098918,1.32991926702371,1509245.58098918,1.32991926702371
"Kvichak",1983,3569982,13775450.62316,3.85868909791703,13775450.62316,3.85868909791703
"Kvichak",1984,10490670,23287184.5352621,2.21979954905284,23287184.5352621,2.21979954905284
"Kvichak",1985,7211046,18314832.7805685,2.53983025216709,18314832.7805684,2.53983025216708
"Kvichak",1986,1179322,4114460.4282415,3.48883547346823,4114460.4282415,3.48883547346823
"Kvichak",1987,6065880,11648130.4746772,1.92027050892486,11648130.4746772,1.92027050892487
"Kvichak",1988,4065216,9205714.46945707,2.264508077666,9205714.46945708,2.264508077666
"Kvichak",1989,8317500,24800932.6626244,2.98177729637805,24800932.6626244,2.98177729637805
"Kvichak",1990,6970020,26298686.4105977,3.77311491367281,26298686.4105977,3.77311491367281
"Kvichak",1991,4222788,4637249.70429568,1.09814883065304,4637249.70429569,1.09814883065304
"Kvichak",1992,4725864,1875602.78395769,0.39688039773419,1875602.78395769,0.39688039773419
"Kvichak",1993,4025166,3130469.75931631,0.777724386849217,3130469.75931631,0.777724386849216
"Kvichak",1994,8355936,7303050.48547676,0.873995502775124,7303050.48547677,0.873995502775125
"Kvichak",1995,10038720,10636781.6749224,1.05957549119035,10636781.6749224,1.05957549119035
"Kvichak",1996,1450578,2260607.40185694,1.55841836968225,2260607.40185694,1.55841836968225
"Kvichak",1997,1503732,816242.338515819,0.542811045130262,816242.338515818,0.542811045130261
"Kvichak",1998,2296074,1254499.87518232,0.546367353657731,1254499.87518232,0.546367353657732
"Kvichak",1999,6196914,7378835.08985576,1.19072736685643,7378835.08985576,1.19072736685643
"Kvichak",2000,1827780,4261674.61365731,2.33161245535968,4261674.61365731,2.33161245535968
"Kvichak",2001,1095348,4421264.70312135,4.03640185869819,4421264.70312134,4.03640185869819
"Kvichak",2002,703884,3881254.32024729,5.51405390696093,3881254.32024729,5.51405390696093
"Kvichak",2003,1686804,4966630.40593384,2.944402791275,4966630.40593384,2.944402791275
"Kvichak",2004,5500134,10919651.8599869,1.98534287709842,10919651.8599869,1.98534287709842
"Kvichak",2005,2320332,9582841.03324071,4.12994391890502,9582841.03324071,4.12994391890502
"Kvichak",2006,3068226,8319504.73422911,2.71150323810212,8319504.73422912,2.71150323810212
"Kvichak",2007,2810208,12799401.5149582,4.55461001995519,12799401.5149582,4.55461001995519
"Kvichak",2008,2757912,6579393.17391397,2.3856428972041,6579393.17391397,2.38564289720411
"Kvichak",2009,2266140,12895286.8367557,5.69041931952825,12895286.8367557,5.69041931952825
"Kvichak",2010,4207410,25777817.7814449,6.126766295998,25777817.781445,6.126766295998
"Kvichak",2011,2264352,8130508.4097687,3.59065569742191,8130508.40976871,3.59065569742192
"Kvichak",2012,4164444,11800940.266068,2.83373729267772,11800940.266068,2.83373729267772
"Kvichak",2013,2088576,6591646.78241345,3.1560483230744,6591646.78241345,3.15604832307441
"Kvichak",2014,4458540,6661126.07707053,1.49401509845611,6661126.07707052,1.49401509845611
"Kvichak",2015,7348572,NA,NA,13183329.2259649,1.79399878316017
"Kvichak",2016,4462728,NA,NA,5312710.85302393,1.19046261681732
"Alagnak",1963,203304,414873.328244359,2.04065502028666,414873.32824436,2.04065502028666
"Alagnak",1964,248700,381899.903027084,1.5355846523003,381899.903027084,1.5355846523003
"Alagnak",1965,175020,259728.90811455,1.48399558973003,259728.90811455,1.48399558973003
"Alagnak",1966,174336,565583.866239861,3.24421729441917,565583.866239861,3.24421729441917
"Alagnak",1967,202626,389348.767825824,1.92151435563957,389348.767825824,1.92151435563957
"Alagnak",1968,193872,249192.085927954,1.2853433498801,249192.085927954,1.2853433498801
"Alagnak",1969,182490,180184.624183425,0.98736711153173,180184.624183426,0.987367111531732
"Alagnak",1970,177060,145641.754553923,0.822555938969407,145641.754553923,0.822555938969407
"Alagnak",1971,187302,324752.485120437,1.73384419344394,324752.485120438,1.73384419344394
"Alagnak",1972,151188,124167.556613979,0.821279179656974,124167.556613979,0.821279179656974
"Alagnak",1973,35280,512939.728662265,14.5391079552796,512939.728662265,14.5391079552796
"Alagnak",1974,214848,2290908.61717425,10.6629273587571,2290908.61717425,10.6629273587571
"Alagnak",1975,100480,1022274.02510684,10.1739055046461,1022274.02510684,10.1739055046461
"Alagnak",1976,81822,344708.627336561,4.21290884281197,344708.627336561,4.21290884281197
"Alagnak",1977,108910.5,1002659.12019333,9.20626679882404,1002659.12019333,9.20626679882405
"Alagnak",1978,584970,2175584.17054436,3.71913802510277,2175584.17054436,3.71913802510277
"Alagnak",1979,750210,2108487.73134386,2.81053002671767,2108487.73134386,2.81053002671767
"Alagnak",1980,759645,643094.996120484,0.846573065208727,643094.996120484,0.846573065208727
"Alagnak",1981,209635.5,1182706.20453576,5.64172673299972,1182706.20453576,5.64172673299972
"Alagnak",1982,610215,773488.003197974,1.26756635480605,773488.003197974,1.26756635480605
"Alagnak",1983,245361,456604.252884,1.86094877704281,456604.252884,1.86094877704281
"Alagnak",1984,549193.5,2467946.88667784,4.49376565213871,2467946.88667784,4.4937656521387
"Alagnak",1985,300976.5,1645392.70516788,5.46684776109724,1645392.70516788,5.46684776109724
"Alagnak",1986,586959,2032311.18598628,3.46244147544596,2032311.18598629,3.46244147544596
"Alagnak",1987,393235.5,770409.031561358,1.95915432752475,770409.031561358,1.95915432752475
"Alagnak",1988,496306.5,1273820.86609054,2.56660121535894,1273820.86609054,2.56660121535894
"Alagnak",1989,501738,2741824.9795994,5.46465481904778,2741824.9795994,5.46465481904778
"Alagnak",1990,430338,1283664.68112388,2.98292198486743,1283664.68112388,2.98292198486744
"Alagnak",1991,707851.95,3434249.08820511,4.85164883448455,3434249.08820511,4.85164883448454
"Alagnak",1992,577939.65,186844.237391923,0.323293681947454,186844.237391923,0.323293681947454
"Alagnak",1993,887336.25,1506976.6751689,1.69831523863575,1506976.67516891,1.69831523863575
"Alagnak",1994,618464.25,1563841.36878177,2.52858814196903,1563841.36878177,2.52858814196903
"Alagnak",1995,550068.15,3896348.93525366,7.08339309457138,3896348.93525365,7.08339309457137
"Alagnak",1996,782212.5,1421615.41064948,1.81742865353019,1421615.41064948,1.81742865353019
"Alagnak",1997,556193.25,1391084.83588885,2.50108183781239,1391084.83588885,2.50108183781239
"Alagnak",1998,643110,2777780.14973594,4.31929242234756,2777780.14973593,4.31929242234755
"Alagnak",1999,1182180,3726509.09425291,3.15223493398036,3726509.09425291,3.15223493398036
"Alagnak",2000,1150815,9751334.59949091,8.47341631755835,9751334.59949091,8.47341631755835
"Alagnak",2001,680850,1677183.62402663,2.46336729680051,1677183.62402663,2.46336729680052
"Alagnak",2002,766962,3727487.51066277,4.86006804856403,3727487.51066277,4.86006804856403
"Alagnak",2003,3676146,6701447.4485772,1.82295465103323,6701447.4485772,1.82295465103323
"Alagnak",2004,5396592,2514459.39660816,0.465934685558619,2514459.39660816,0.46593468555862
"Alagnak",2005,4218990,2840332.37133191,0.673225670440535,2840332.37133192,0.673225670440536
"Alagnak",2006,1773966,2439920.53882722,1.37540434192494,2439920.53882722,1.37540434192494
"Alagnak",2007,2466414,2209679.91136689,0.895907950314459,2209679.91136688,0.895907950314458
"Alagnak",2008,2180502,1924725.40480746,0.882698298285195,1924725.40480746,0.882698298285195
"Alagnak",2009,970818,1405166.24852021,1.44740440383286,1405166.24852021,1.44740440383286
"Alagnak",2010,1187730,6499066.44846954,5.47183825319689,6499066.44846954,5.47183825319688
"Alagnak",2011,883794,6167987.25900422,6.97898747785595,6167987.25900422,6.97898747785595
"Alagnak",2012,861747,2828305.34942302,3.28205998909543,2828305.34942303,3.28205998909544
"Alagnak",2013,1095950,3928289.44801163,3.5843692212342,3928289.44801163,3.5843692212342
"Alagnak",2014,200500,2284293.76249643,11.3929863466156,2284293.76249643,11.3929863466156
"Alagnak",2015,5770650,NA,NA,4690750.53543873,0.812863461731128
"Alagnak",2016,1775820,NA,NA,5078710.56481787,2.85992418421792
"Naknek",1963,905358,1706836.10379262,1.8852609727783,1706836.10379262,1.8852609727783
"Naknek",1964,1349604,2223530.8192499,1.6475431454337,2223530.81924991,1.6475431454337
"Naknek",1965,717798,2654768.45017911,3.69848961710552,2654768.45017911,3.69848961710552
"Naknek",1966,1016445,4205622.40347585,4.13757990198767,4205622.40347586,4.13757990198767
"Naknek",1967,755640,1552168.44889933,2.05411101701779,1552168.44889933,2.0541110170178
"Naknek",1968,1023222,638312.094571834,0.623825616114424,638312.094571834,0.623825616114425
"Naknek",1969,1331202,2143778.10749327,1.61040781751625,2143778.10749328,1.61040781751626
"Naknek",1970,732502,2535305.63511074,3.46115865227773,2535305.63511074,3.46115865227773
"Naknek",1971,935754,4350422.01048727,4.6491086444592,4350422.01048727,4.64910864445919
"Naknek",1972,586518,1715207.23222013,2.92438975823441,1715207.23222013,2.92438975823441
"Naknek",1973,356676,2742668.66089076,7.68952399626205,2742668.66089076,7.68952399626205
"Naknek",1974,1241058,2642513.16531485,2.12924227982484,2642513.16531486,2.12924227982484
"Naknek",1975,2026686,5195705.44293231,2.5636459929818,5195705.44293231,2.5636459929818
"Naknek",1976,1320750,8991731.92787495,6.80804991699788,8991731.92787496,6.80804991699789
"Naknek",1977,1085856,3721058.76815912,3.42684367739288,3721058.76815913,3.42684367739289
"Naknek",1978,813378,2788295.36890807,3.42804374953351,2788295.36890807,3.42804374953351
"Naknek",1979,925362,3965088.09070341,4.28490481638906,3965088.09070341,4.28490481638905
"Naknek",1980,2644698,4930475.71866146,1.86428685568691,4930475.71866146,1.86428685568691
"Naknek",1981,1796220,4703787.42824638,2.61871453844539,4703787.42824638,2.61871453844539
"Naknek",1982,1155552,1849206.09920063,1.60027943286034,1849206.09920064,1.60027943286034
"Naknek",1983,888294,1482525.74373844,1.66895841212306,1482525.74373844,1.66895841212306
"Naknek",1984,1242474,4489759.98160534,3.6135645346344,4489759.98160534,3.6135645346344
"Naknek",1985,1849938,7264391.05279658,3.92682946822898,7264391.05279658,3.92682946822898
"Naknek",1986,1977645,12744733.8536441,6.4443991988674,12744733.8536441,6.4443991988674
"Naknek",1987,1061806,5533715.96445295,5.21160735996307,5533715.96445295,5.21160735996307
"Naknek",1988,1037862,3025870.94413888,2.915484856502,3025870.94413887,2.915484856502
"Naknek",1989,1161984,3133263.11588495,2.69647698753593,3133263.11588494,2.69647698753593
"Naknek",1990,2092578,3997626.35138842,1.9103834367887,3997626.35138842,1.9103834367887
"Naknek",1991,3578508,4629239.36047407,1.29362275017244,4629239.36047407,1.29362275017244
"Naknek",1992,1606650,1481552.80615767,0.922137868333286,1481552.80615767,0.922137868333286
"Naknek",1993,1535658,2704804.13905555,1.76133236635732,2704804.13905555,1.76133236635732
"Naknek",1994,990810,2396222.18897042,2.41844772354984,2396222.18897042,2.41844772354984
"Naknek",1995,1111140,5927765.90929563,5.33485061225015,5927765.90929564,5.33485061225016
"Naknek",1996,1078098,6473143.8501292,6.00422582189114,6473143.85012919,6.00422582189114
"Naknek",1997,1025664,3457635.56260199,3.37111916046774,3457635.56260199,3.37111916046775
"Naknek",1998,1202172,3869576.76991784,3.21882124181718,3869576.76991784,3.21882124181718
"Naknek",1999,1625364,3762453.69352862,2.31483759547315,3762453.69352862,2.31483759547315
"Naknek",2000,1375488,9024558.27114925,6.56098655251754,9024558.27114925,6.56098655251755
"Naknek",2001,1830360,4633413.83086195,2.5314221414705,4633413.83086195,2.5314221414705
"Naknek",2002,1263918,5780281.21198968,4.57330397382558,5780281.21198968,4.57330397382558
"Naknek",2003,1831170,12398892.0948037,6.77102185750295,12398892.0948037,6.77102185750296
"Naknek",2004,1939674,4303986.66457101,2.21892269761362,4303986.66457101,2.21892269761363
"Naknek",2005,2744622,5386609.89314389,1.96260537631189,5386609.89314389,1.96260537631189
"Naknek",2006,1953228,4907392.61412749,2.51245252173709,4907392.61412749,2.51245252173709
"Naknek",2007,2945304,4635096.72157778,1.57372438348564,4635096.72157777,1.57372438348563
"Naknek",2008,2472690,3267803.3566339,1.32155804271215,3267803.3566339,1.32155804271215
"Naknek",2009,1169466,1915297.66487233,1.63775403891377,1915297.66487233,1.63775403891377
"Naknek",2010,1463928,7421320.63861877,5.06945740406548,7421320.63861878,5.06945740406548
"Naknek",2011,1177074,5088588.24355416,4.32308269790528,5088588.24355416,4.32308269790528
"Naknek",2012,900312,5422204.55493547,6.02258389862123,5422204.55493547,6.02258389862122
"Naknek",2013,938160,6508686.78146495,6.93771508214478,6508686.78146495,6.93771508214478
"Naknek",2014,1474428,6519491.78455728,4.42170915402941,6519491.78455728,4.42170915402941
"Naknek",2015,1920954,NA,NA,13143024.4739615,6.84192566504015
"Naknek",2016,1691910,NA,NA,5365763.38872321,3.17142365062161
"Egegik",1963,997602,993872.335021644,0.996261369786392,993872.335021644,0.996261369786392
"Egegik",1964,849576,1937882.20732286,2.28099923646955,1937882.20732286,2.28099923646956
"Egegik",1965,1444608,2388485.24706232,1.65337949607251,2388485.24706232,1.65337949607251
"Egegik",1966,804246,2058270.99700996,2.55925549770836,2058270.99700996,2.55925549770836
"Egegik",1967,636864,1631431.11167461,2.56166326197526,1631431.11167461,2.56166326197526
"Egegik",1968,338654,377056.07874012,1.1133962059805,377056.078740121,1.1133962059805
"Egegik",1969,1015554,2755727.70787984,2.71352159302198,2755727.70787985,2.71352159302198
"Egegik",1970,919734,1202584.35791506,1.30753495892841,1202584.35791506,1.30753495892841
"Egegik",1971,634014,2700676.42781917,4.25964793808838,2700676.42781917,4.25964793808839
"Egegik",1972,546402,2909902.03991984,5.32556989161797,2909902.03991984,5.32556989161797
"Egegik",1973,328842,1451686.21168528,4.41454014902378,1451686.21168528,4.41454014902378
"Egegik",1974,1275630,2441308.44951373,1.91380607975176,2441308.44951373,1.91380607975175
"Egegik",1975,1173840,3040168.76745736,2.58993454598357,3040168.76745736,2.58993454598357
"Egegik",1976,509160,4480474.69025333,8.79973817710215,4480474.69025333,8.79973817710214
"Egegik",1977,692514,4167610.04010687,6.01808777888515,4167610.04010687,6.01808777888514
"Egegik",1978,895698,9914902.39786974,11.0694702878311,9914902.39786973,11.0694702878311
"Egegik",1979,1032042,4039741.27916331,3.91431868001817,4039741.27916331,3.91431868001816
"Egegik",1980,1060860,8222418.16084804,7.75070995310224,8222418.16084804,7.75070995310224
"Egegik",1981,694680,5441585.87477155,7.83322662919841,5441585.87477156,7.83322662919842
"Egegik",1982,1034628,6435075.20973767,6.21969945694266,6435075.20973767,6.21969945694266
"Egegik",1983,792282,10811632.5729272,13.6461923569224,10811632.5729272,13.6461923569224
"Egegik",1984,1165345,11766356.1514142,10.0968864597302,11766356.1514143,10.0968864597302
"Egegik",1985,1095192,6382682.84835985,5.82791222759101,6382682.84835985,5.82791222759101
"Egegik",1986,1152180,14207133.5325755,12.330654526702,14207133.5325755,12.330654526702
"Egegik",1987,1273553,25731443.1009924,20.204454075325,25731443.1009923,20.2044540753249
"Egegik",1988,1612745,19465141.8372025,12.0695719640753,19465141.8372025,12.0695719640753
"Egegik",1989,1611566,10134483.3071884,6.28859339747077,10134483.3071884,6.28859339747076
"Egegik",1990,2191582,16060318.3594773,7.32818500949421,16060318.3594773,7.32818500949421
"Egegik",1991,2786925,9948962.32351489,3.56987085175055,9948962.3235149,3.56987085175055
"Egegik",1992,1945632,8668646.67381006,4.45544001836424,8668646.67381006,4.45544001836425
"Egegik",1993,1517000,1936033.99378275,1.27622544085876,1936033.99378275,1.27622544085876
"Egegik",1994,1897977,7979478.91419966,4.20420211319719,7979478.91419966,4.20420211319719
"Egegik",1995,1266692,7522880.95602616,5.93899776427589,7522880.95602614,5.93899776427588
"Egegik",1996,1076460,4161327.82893679,3.86575240040205,4161327.82893679,3.86575240040205
"Egegik",1997,1104004,6063053.15603934,5.49187607657159,6063053.15603935,5.49187607657159
"Egegik",1998,1110938,1270513.827572,1.14364062402402,1270513.827572,1.14364062402402
"Egegik",1999,1728397,13004573.6527384,7.52406631852427,13004573.6527384,7.52406631852426
"Egegik",2000,1032138,12037969.4869112,11.6631395093594,12037969.4869112,11.6631395093594
"Egegik",2001,968872,4786179.93314364,4.93995071912867,4786179.93314364,4.93995071912868
"Egegik",2002,1036092,5292215.43121118,5.10786245932908,5292215.43121117,5.10786245932907
"Egegik",2003,1152120,8801515.97833935,7.63940907053029,8801515.97833935,7.63940907053028
"Egegik",2004,1290144,14139681.1195942,10.959769699812,14139681.1195942,10.959769699812
"Egegik",2005,1621734,6185027.12178944,3.81383575961868,6185027.12178944,3.81383575961868
"Egegik",2006,1465158,3573976.31690727,2.43931119845591,3573976.31690726,2.43931119845591
"Egegik",2007,1432500,6442429.24380496,4.49733280544849,6442429.24380495,4.49733280544848
"Egegik",2008,1259568,3831435.65382977,3.04186487258311,3831435.65382977,3.04186487258311
"Egegik",2009,1146276,4507820.60767909,3.93257872247093,4507820.60767909,3.93257872247093
"Egegik",2010,927054,9911386.77492747,10.6912723260214,9911386.77492747,10.6912723260214
"Egegik",2011,961200,9363508.64880059,9.74147799500685,9363508.64880059,9.74147799500686
"Egegik",2012,1233900,9571848.71706192,7.75739421108835,9571848.71706191,7.75739421108835
"Egegik",2013,1113630,6020572.11016761,5.40625891020142,6020572.11016762,5.40625891020143
"Egegik",2014,1382466,5818459.29751655,4.2087539928769,5818459.29751654,4.20875399287689
"Egegik",2015,2160792,NA,NA,25468839.2179597,11.78680743818
"Egegik",2016,1837260,NA,NA,5214727.39253291,2.8383175993234
"Ugashik",1963,388254,132741.121594047,0.341892476559281,132741.121594047,0.341892476559282
"Ugashik",1964,472770,274732.514051801,0.581112409949448,274732.514051801,0.581112409949448
"Ugashik",1965,996612,392954.453974477,0.394290309543209,392954.453974477,0.394290309543209
"Ugashik",1966,704436,2388187.34896018,3.39021195532339,2388187.34896018,3.39021195532338
"Ugashik",1967,238830,230350.875927913,0.964497240413318,230350.875927913,0.964497240413318
"Ugashik",1968,70896,45087.7900879899,0.635970859963748,45087.79008799,0.63597085996375
"Ugashik",1969,160380,89242.7894271623,0.556445874966719,89242.7894271623,0.556445874966719
"Ugashik",1970,735024,355709.058650318,0.483942100734558,355709.058650318,0.483942100734558
"Ugashik",1971,529752,935802.305221529,1.76649131144673,935802.305221529,1.76649131144673
"Ugashik",1972,79428,276169.906112308,3.47698426389067,276169.906112307,3.47698426389066
"Ugashik",1973,38988,102308.230749062,2.62409538188832,102308.230749062,2.62409538188832
"Ugashik",1974,61854,757906.58046989,12.2531538860848,757906.58046989,12.2531538860848
"Ugashik",1975,429336,4125833.63273711,9.60980125760967,4125833.6327371,9.60980125760966
"Ugashik",1976,356308,5801028.78390357,16.2809389177441,5801028.78390358,16.2809389177442
"Ugashik",1977,201520,2853150.98810227,14.1581529778795,2853150.98810227,14.1581529778795
"Ugashik",1978,82435,1194447.86934343,14.4895720184804,1194447.86934343,14.4895720184804
"Ugashik",1979,1706904,6480880.11029085,3.79686268840594,6480880.11029085,3.79686268840594
"Ugashik",1980,3335284,8062936.54188374,2.417466261309,8062936.54188373,2.417466261309
"Ugashik",1981,1327699,7976426.00248363,6.00770656789199,7976426.00248363,6.00770656789199
"Ugashik",1982,1185551,2359984.76482498,1.99062272717494,2359984.76482498,1.99062272717494
"Ugashik",1983,1001364,1789219.78633632,1.78678261484967,1789219.78633632,1.78678261484967
"Ugashik",1984,1270318,5529833.79309639,4.35310984579955,5529833.79309638,4.35310984579954
"Ugashik",1985,1006407,2823866.10556412,2.80588877617516,2823866.10556412,2.80588877617516
"Ugashik",1986,1015582,7142617.05482445,7.03302840619905,7142617.05482445,7.03302840619905
"Ugashik",1987,686894,7164346.88049255,10.4300618152037,7164346.88049256,10.4300618152037
"Ugashik",1988,654412,5544645.82378031,8.4727141674974,5544645.82378031,8.4727141674974
"Ugashik",1989,1713287,4913113.70601025,2.86765364239048,4913113.70601025,2.86765364239048
"Ugashik",1990,749478,3858558.50626774,5.14832791124988,3858558.50626774,5.14832791124988
"Ugashik",1991,2482016,6680927.45220865,2.69173424031459,6680927.45220865,2.69173424031459
"Ugashik",1992,2194927,3149040.84059656,1.43469046605949,3149040.84059656,1.43469046605949
"Ugashik",1993,1413454,1357579.56061087,0.960469573548818,1357579.56061087,0.960469573548818
"Ugashik",1994,1095068,1586318.3046561,1.44860255678744,1586318.3046561,1.44860255678744
"Ugashik",1995,1321108,5773749.78979739,4.37038439688306,5773749.78979739,4.37038439688306
"Ugashik",1996,692167,1353867.00885998,1.95598317871263,1353867.00885998,1.95598317871263
"Ugashik",1997,656641,3025122.9145432,4.60696623351756,3025122.9145432,4.60696623351756
"Ugashik",1998,924853,1247106.61725814,1.34843766226432,1247106.61725814,1.34843766226432
"Ugashik",1999,1662042,3674159.13614866,2.21062953652715,3674159.13614867,2.21062953652716
"Ugashik",2000,638420,4355277.85490821,6.82196337036466,4355277.85490821,6.82196337036466
"Ugashik",2001,866368,2184180.04411073,2.52107654496788,2184180.04411073,2.52107654496788
"Ugashik",2002,905584,4599328.43100261,5.07885345920711,4599328.43100262,5.07885345920712
"Ugashik",2003,790202,6373081.60221313,8.06512967850389,6373081.60221313,8.0651296785039
"Ugashik",2004,815104,4531615.86426889,5.55955542393227,4531615.86426888,5.55955542393226
"Ugashik",2005,799612,5265097.61583498,6.58456553407775,5265097.61583498,6.58456553407776
"Ugashik",2006,1003158,3402249.68118196,3.39153920038714,3402249.68118196,3.39153920038714
"Ugashik",2007,2599186,3140558.61112024,1.2082854444123,3140558.61112024,1.2082854444123
"Ugashik",2008,596332,3163445.30488754,5.30483909112297,3163445.30488755,5.30483909112298
"Ugashik",2009,1364338,982891.156699286,0.720416170112748,982891.156699287,0.720416170112748
"Ugashik",2010,830886,2113277.87345172,2.54340291381937,2113277.87345172,2.54340291381937
"Ugashik",2011,1029853,6745930.97213661,6.55038240616536,6745930.97213662,6.55038240616537
"Ugashik",2012,670578,5917714.603741,8.824796822653,5917714.603741,8.82479682265299
"Ugashik",2013,898110,5990615.99268631,6.67024751164814,5990615.99268631,6.67024751164813
"Ugashik",2014,640158,4326726.17713992,6.75884106289372,4326726.17713993,6.75884106289373
"Ugashik",2015,1564638,NA,NA,4144727.54477858,2.64900094768156
"Ugashik",2016,1635270,NA,NA,7155900.02955124,4.37597462776865
