production_stock_name,production_stock_code,broodyr,total_broodyr_spawners,total_broodyr_EFS,total_broodyr_age1_smolt,total_broodyr_age2_smolt,total_broodyr_fry_estimate,recruits_age42,recruits_age52,recruits_age53,recruits_age62,recruits_age63,recruits_age31,recruits_age41,recruits_age51,recruits_age64,recruits_age72,recruits_age32,recruits_age43,recruits_age21
Early Stuart,1,1948,20960,10859,,,,179412,18741,0,0,0,0,0,,0,0,0,0,0
Early Stuart,1,1949,582228,168458,,,,1029437,1271,0,0,0,0,0,0,0,0,6218,42,0
Early Stuart,1,1950,59443,25658,,,,240545,542,0,0,0,0,0,0,0,0,579,0,0
Early Stuart,1,1951,61041,29785,,,,158428,15217,0,0,0,0,0,0,0,0,9,0,0
Early Stuart,1,1952,33582,15484,,,,78012,10560,0,0,0,0,0,0,0,0,28,0,0
Early Stuart,1,1953,154312,78238,,,,537711,2886,0,0,0,0,0,0,0,0,294,0,0
Early Stuart,1,1954,35058,18010,,,,154781,701,0,0,0,0,0,0,0,0,341,0,0
Early Stuart,1,1955,2170,1397,,,,25824,1632,0,0,0,0,0,0,0,0,11,0,0
Early Stuart,1,1956,25157,16661,,,,101035,6393,2966,0,0,0,0,0,0,0,0,0,0
Early Stuart,1,1957,235033,119273,,,,1215763,3272,3148,0,0,0,0,0,0,0,730,23,0
Early Stuart,1,1958,38812,22196,,,,102112,240,0,0,0,0,0,0,0,0,755,0,0
Early Stuart,1,1959,2670,1297,,,,14682,6153,0,0,0,0,0,0,0,0,0,0,0
Early Stuart,1,1960,14572,7401,,,,69925,4202,0,0,0,0,0,0,0,0,22,0,0
Early Stuart,1,1961,199136,87782,,,,252123,2208,881,0,0,0,0,0,0,0,630,0,0
Early Stuart,1,1962,26716,14103,,,,67661,5992,2132,0,0,0,0,0,0,0,0,0,0
Early Stuart,1,1963,4628,2590,,,,90397,1825,0,0,0,0,0,0,0,0,332,0,0
Early Stuart,1,1964,2421,1300,,,,25940,12949,2971,0,0,0,0,0,0,0,1027,0,0
Early Stuart,1,1965,23045,11241,,,,415253,1526,0,0,0,0,0,0,0,0,432,0,0
Early Stuart,1,1966,10859,5959,,,,83040,0,0,0,0,0,0,0,0,0,1746,0,0
Early Stuart,1,1967,21069,11167,,,,326142,13128,0,0,0,0,0,0,0,0,423,0,0
Early Stuart,1,1968,1587,795,,,,10412,0,0,0,0,0,0,0,0,0,11,0,0
Early Stuart,1,1969,109818,48796,,,,1366181,4452,4237,0,0,0,0,0,0,0,648,76,0
Early Stuart,1,1970,32747,15806,,,,178232,1312,1380,0,0,0,0,0,0,0,1212,0,0
Early Stuart,1,1971,95942,45610,,,,423510,6993,396,0,0,0,0,0,0,0,311,0,0
Early Stuart,1,1972,5086,2253,,,,32207,0,0,0,0,0,0,0,0,0,25,0,0
Early Stuart,1,1973,300653,153876,,,,1342456,3951,1017,0,0,0,0,0,0,0,4591,67,0
Early Stuart,1,1974,39659,21610,,,,141307,2218,477,0,0,0,0,0,0,0,1242,0,0
Early Stuart,1,1975,65780,26252,,,,220007,2852,76,0,0,0,0,0,0,0,150,0,0
Early Stuart,1,1976,12648,6792,,,,28800,3034,0,0,0,0,0,0,0,0,43,0,0
Early Stuart,1,1977,118017,53363,,,,752467,8655,0,0,0,0,0,0,0,0,572,0,0
Early Stuart,1,1978,50097,20004,,,,71470,1180,0,0,0,0,0,0,0,0,202,0,0
Early Stuart,1,1979,92763,36170,,,,89807,17889,206,0,0,0,0,0,0,0,34,0,0
Early Stuart,1,1980,17026,7361,,,,37950,25541,0,0,0,0,0,0,0,0,10,0,0
Early Stuart,1,1981,138072,71485,,,,331290,18805,0,0,0,0,0,0,0,0,46,0,0
Early Stuart,1,1982,4560,2158,,,,26796,1007,0,0,0,0,0,0,0,0,13,0,0
Early Stuart,1,1983,23874,13121,,,,176760,10949,760,0,0,0,0,0,0,0,423,4,0
Early Stuart,1,1984,45247,21868,,,,209867,29536,2385,0,0,0,0,0,0,0,240,12,0
Early Stuart,1,1985,237544,118124,,,,1179879,26057,527,0,0,0,0,0,0,0,2414,0,0
Early Stuart,1,1986,29004,15160,,,,128280,17603,3,0,0,0,0,0,0,0,56,0,0
Early Stuart,1,1987,148438,75524,,,,494847,31065,0,0,0,0,0,0,0,0,8,0,0
Early Stuart,1,1988,182129,88071,,,,319342,59894,0,0,663,0,0,0,0,0,33,0,0
Early Stuart,1,1989,384819,211041,,,,1091749,45932,688,0,0,0,0,0,0,0,420,0,0
Early Stuart,1,1990,97049,47065,,,,156963,9121,0,0,0,0,0,0,0,0,2,0,0
Early Stuart,1,1991,141152,85456,,,,129192,14581,172,0,0,0,0,0,0,0,514,0,0
Early Stuart,1,1992,66520,36565,,,,80797,19569,0,0,0,0,0,0,0,0,10,0,0
Early Stuart,1,1993,688015,386806,,,,1652166,161770,0,0,0,0,0,0,0,0,847,0,0
Early Stuart,1,1994,29519,14499,,,,27990,1034,0,0,0,0,0,0,0,0,6,0,0
Early Stuart,1,1995,122862,57342,,,,170595,18985,0,0,0,0,0,0,0,0,20,0,0
Early Stuart,1,1996,88453,41063,,,,359206,104940,0,0,0,0,0,0,0,0,0,0,0
Early Stuart,1,1997,266946,73416,,,,109249,38121,201,0,0,0,0,0,0,0,1,0,0
Early Stuart,1,1998,32590,9332,,,,24341,4349,0,0,0,0,0,0,0,0,2,0,0
Early Stuart,1,1999,24550,8189,,,,25927,4639,0,0,0,0,0,0,0,0,0,0,0
Early Stuart,1,2000,89859,35333,,,,132457,3417,0,0,0,0,0,0,0,0,0,0,0
Early Stuart,1,2001,170983,82852,,,,216279,35722,0,0,0,0,0,0,0,0,5,0,0
Early Stuart,1,2002,24637,12921,,,,20266,4300,0,0,19,0,0,0,0,0,0,0,0
Early Stuart,1,2003,13166,6932,,,,8431,1588,12,0,0,0,0,0,0,0,0,0,0
Early Stuart,1,2004,9286,5181,,,,32387,5077,0,0,0,0,0,0,0,0,0,0,0
Early Stuart,1,2005,98537,51153,,,,76119,7852,1021,0,0,0,0,0,0,0,49,0,0
Early Stuart,1,2006,35816,15914,,,,96107,12590,0,0,0,0,0,0,0,0,0,0,0
Early Stuart,1,2007,5347,2376,,,,12528,147,0,0,0,0,0,0,0,0,0,0,0
Early Stuart,1,2008,29916,14446,,,,183796,9161,131,0,0,0,0,0,0,0,1,0,0
Early Stuart,1,2009,45297,21884,,,,172827,18103,0,0,0,0,0,0,0,0,3,0,0
Early Stuart,1,2010,60262,34198,,,,109758,26470,0,0,0,0,0,0,0,0,53,0,0
Early Stuart,1,2011,758,233,,,,2258,235,0,0,0,0,0,0,0,0,7,0,0
Early Stuart,1,2012,26233,6812,,,,17601,2129,0,0,0,0,0,0,0,0,9,0,0
Early Stuart,1,2013,86311,39658,,,,20168,6719,0,0,0,0,0,0,0,0,4,0,0
Early Stuart,1,2014,68613,23298,,,,87962,22500,0,0,0,0,0,0,0,,10,0,0
Early Stuart,1,2015,10096,4060,,,,3417,1852,0,,,0,0,0,,,0,0,0
Late Stuart,2,1948,1049,,,,,327,0,0,0,0,0,0,,0,0,0,0,0
Late Stuart,2,1949,107752,39085,,,,1526554,0,215,0,0,0,0,0,0,0,3433,0,0
Late Stuart,2,1950,5843,1834,,,,36671,2419,0,0,0,0,0,0,0,0,591,0,0
Late Stuart,2,1951,4402,1246,,,,56085,7559,166,0,0,0,0,0,0,0,0,0,0
Late Stuart,2,1952,1975,16,,,,3858,29,0,0,0,0,0,0,0,0,86,0,0
Late Stuart,2,1953,369023,78686,,,,1548072,1470,1867,0,0,0,0,0,0,0,830,0,0
Late Stuart,2,1954,5470,2687,,,,135111,2704,0,0,0,0,0,0,0,0,150,0,0
Late Stuart,2,1955,7618,3274,,,,50196,1120,0,0,0,0,0,0,0,0,29,0,0
Late Stuart,2,1956,1454,466,,,,13472,32630,0,0,0,0,0,0,0,0,0,0,0
Late Stuart,2,1957,531130,300038,,,,1327094,1916,0,0,0,0,0,0,0,0,874,0,0
Late Stuart,2,1958,23638,13152,,,,53044,961,0,0,0,0,0,0,0,0,672,0,0
Late Stuart,2,1959,8225,4090,,,,6092,1233,0,0,0,0,0,0,0,0,67,0,0
Late Stuart,2,1960,2961,1307,,,,6658,2932,0,0,0,0,0,0,0,0,27,0,0
Late Stuart,2,1961,411105,194461,,,,770385,7535,415,0,0,0,0,0,0,0,143,0,0
Late Stuart,2,1962,18689,9073,,,,43107,1917,0,0,0,0,0,0,0,0,45,0,0
Late Stuart,2,1963,3237,1092,,,,11911,113,0,0,0,0,0,0,0,0,25,0,0
Late Stuart,2,1964,1900,824,,,,1806,1235,0,0,0,0,0,0,0,0,60,0,0
Late Stuart,2,1965,214958,122786,,,,1102448,21752,91,0,0,0,0,0,0,0,228,0,0
Late Stuart,2,1966,9032,4164,,,,71954,1851,0,0,0,0,0,0,0,0,274,0,0
Late Stuart,2,1967,1642,897,,,,6294,10038,0,0,0,0,0,0,0,0,224,0,0
Late Stuart,2,1968,470,179,,,,27393,3906,0,0,0,0,0,0,0,0,0,0,0
Late Stuart,2,1969,207057,114300,,,,1602892,19888,0,0,0,0,0,0,0,0,2756,54,0
Late Stuart,2,1970,15055,8027,,,,70520,0,0,0,0,0,0,0,0,0,318,0,0
Late Stuart,2,1971,1535,725,,,,65527,0,0,0,0,0,0,0,0,0,1243,0,0
Late Stuart,2,1972,8704,3411,,,,16180,2586,0,0,0,0,0,0,0,0,0,0,0
Late Stuart,2,1973,214343,116703,,,,658158,5807,1843,0,0,0,0,0,0,0,290,0,0
Late Stuart,2,1974,14627,7371,,,,48593,1268,0,0,0,0,0,0,0,0,855,0,0
Late Stuart,2,1975,14229,5679,,,,214097,478,0,0,0,0,0,0,0,0,541,0,0
Late Stuart,2,1976,3000,1674,,,,3339,0,0,0,0,0,0,0,0,0,0,0,0
Late Stuart,2,1977,146629,75962,,,,1313861,43776,0,0,0,0,0,0,0,0,104,0,0
Late Stuart,2,1978,13027,7115,,,,69820,8928,0,0,0,0,0,0,0,0,699,0,0
Late Stuart,2,1979,31918,16711,,,,6854,0,0,0,0,0,0,0,0,0,0,0,0
Late Stuart,2,1980,979,287,,,,21440,0,0,0,0,0,0,0,0,0,0,0,0
Late Stuart,2,1981,249699,120124,,,,1978010,55891,0,0,0,0,0,0,0,0,0,0,0
Late Stuart,2,1982,16758,8681,,,,52097,8699,0,0,0,0,0,0,0,0,193,0,0
Late Stuart,2,1983,2246,1451,,,,14195,3717,32,0,0,0,0,0,0,0,0,0,0
Late Stuart,2,1984,1228,672,,,,14522,0,0,0,0,0,0,0,0,0,222,0,0
Late Stuart,2,1985,274642,159048,,,,3367086,132788,0,0,0,0,0,0,0,0,7755,0,0
Late Stuart,2,1986,28715,15045,,,,725126,91171,0,0,0,0,0,0,0,0,264,0,0
Late Stuart,2,1987,6524,2392,,,,283932,95155,0,0,0,0,0,0,0,0,984,0,0
Late Stuart,2,1988,11459,3638,,,,207234,0,0,0,0,0,0,0,0,0,1552,0,0
Late Stuart,2,1989,575791,327098,,,,5162734,144134,0,0,0,0,0,0,0,0,20256,0,0
Late Stuart,2,1990,190060,111747,,,,372685,16654,0,0,0,0,0,0,0,0,440,44,0
Late Stuart,2,1991,77322,40200,,,,91441,17786,0,0,0,0,0,0,0,0,354,0,0
Late Stuart,2,1992,23892,12422,,,,128970,6429,0,0,0,0,0,0,0,0,0,0,0
Late Stuart,2,1993,1805142,1184283,,,,3249145,511029,0,0,0,0,0,0,0,0,4082,0,0
Late Stuart,2,1994,76715,40705,,,,108011,7429,0,0,0,0,0,0,0,0,0,0,0
Late Stuart,2,1995,34362,17181,,,,92713,39375,0,0,0,0,0,0,0,0,1366,0,0
Late Stuart,2,1996,65898,27297,,,,810002,212391,0,0,0,0,0,0,0,0,607,0,0
Late Stuart,2,1997,907652,415149,,,,351715,79099,0,0,0,0,0,0,0,0,81,0,0
Late Stuart,2,1998,139421,67834,,,,264390,12560,0,0,0,0,0,0,0,0,312,0,0
Late Stuart,2,1999,62120,33800,,,,117520,16079,0,0,0,0,0,0,0,0,23,0,0
Late Stuart,2,2000,454478,226240,,,,868657,42459,879,0,0,0,0,0,0,0,1827,0,0
Late Stuart,2,2001,351881,179534,,,,415504,89810,0,0,0,0,0,0,0,0,29,0,0
Late Stuart,2,2002,34521,17820,,,,121483,4449,0,0,0,0,0,0,0,0,20,0,0
Late Stuart,2,2003,38474,19208,,,,15962,5810,0,0,0,0,0,0,0,0,11,0,0
Late Stuart,2,2004,83447,51310,,,,263681,19017,0,0,0,0,0,0,0,0,220,0,0
Late Stuart,2,2005,293144,164548,,,,104604,14892,0,0,0,0,0,0,0,0,89,0,0
Late Stuart,2,2006,27515,14283,,,,168308,5288,0,0,0,0,0,0,0,0,37,0,0
Late Stuart,2,2007,8707,4144,,,,5173,8547,0,0,0,0,0,0,0,0,61,0,0
Late Stuart,2,2008,146658,57881,,,,183527,6719,0,0,0,0,0,0,0,0,326,0,0
Late Stuart,2,2009,87001,43271,,,,218405,28780,0,0,0,0,0,0,0,0,40,0,0
Late Stuart,2,2010,75289,43476,,,,284997,34954,0,0,0,0,0,0,0,0,839,0,0
Late Stuart,2,2011,4053,778,,,,3688,249,0,0,0,0,0,0,0,0,0,0,0
Late Stuart,2,2012,93159,31771,,,,31715,1954,0,0,0,0,0,0,0,0,0,0,0
Late Stuart,2,2013,132603,70946,,,,216144,18072,0,0,0,0,0,0,0,0,1300,0,0
Late Stuart,2,2014,50691,27869,,,,310940,15903,0,0,0,0,0,0,0,,518,0,0
Late Stuart,2,2015,11124,4350,,,,8665,900,0,,,0,0,0,,,0,0,0
Stellako,3,1948,16213,9242,,,,185175,22002,0,0,0,0,0,,0,0,0,0,0
Stellako,3,1949,104835,40231,,,,173402,6341,0,0,0,0,0,0,0,0,133,0,0
Stellako,3,1950,145108,77410,,,,903768,30719,0,0,0,0,0,0,0,0,4630,0,0
Stellako,3,1951,96208,51413,,,,354049,101292,0,0,0,0,0,0,0,0,26,0,0
Stellako,3,1952,40466,19920,,,,93984,16694,0,0,0,0,0,0,0,0,23,0,0
Stellako,3,1953,43688,20388,,,,156192,18023,0,0,0,0,0,0,0,0,30,0,0
Stellako,3,1954,141882,72273,,,,1140205,67783,0,0,0,0,0,0,0,0,3311,0,0
Stellako,3,1955,51746,29937,,,,602677,27091,0,0,0,0,0,0,0,0,28,0,0
Stellako,3,1956,38459,21686,,,,220400,26243,0,0,0,0,0,0,0,0,92,0,0
Stellako,3,1957,38921,18044,,,,143835,8000,0,0,0,0,0,0,0,0,8,0,0
Stellako,3,1958,112273,61581,,,,323089,16215,0,0,0,0,0,0,0,0,1156,0,0
Stellako,3,1959,79355,41872,,,,514918,26485,0,0,0,0,0,0,0,0,17,0,0
Stellako,3,1960,38884,22718,,,,143340,21155,0,0,0,0,0,0,0,0,19,0,0
Stellako,3,1961,47241,18136,,,,137046,10068,0,0,0,0,0,0,0,0,288,0,0
Stellako,3,1962,124495,44532,,,,572029,17376,0,0,0,0,0,0,0,0,100,0,0
Stellako,3,1963,138805,41535,,,,713487,13462,0,0,0,0,0,0,0,0,977,0,0
Stellako,3,1964,31047,16161,,,,170674,6969,0,0,0,0,0,0,0,0,194,0,0
Stellako,3,1965,39418,20479,,,,231100,12372,0,0,0,0,0,0,0,0,179,0,0
Stellako,3,1966,101684,51509,,,,336316,22757,0,0,0,0,0,0,0,0,833,0,0
Stellako,3,1967,91525,32467,,,,531886,18350,0,0,0,0,0,0,0,0,288,0,0
Stellako,3,1968,30420,13680,,,,125900,3837,0,0,0,0,0,0,0,0,85,0,0
Stellako,3,1969,49341,25629,,,,235729,17385,0,0,0,0,0,0,0,0,131,0,0
Stellako,3,1970,45876,26727,,,,228808,4130,0,0,0,0,0,0,0,0,1170,0,0
Stellako,3,1971,39726,20147,,,,508759,0,0,0,0,0,0,0,0,0,496,12,0
Stellako,3,1972,36771,19938,,,,711226,44784,0,0,0,0,0,0,0,0,204,0,0
Stellako,3,1973,30755,15424,,,,75813,10077,0,0,0,0,0,0,0,0,11,0,0
Stellako,3,1974,41473,23718,,,,281752,19534,0,0,0,0,0,0,0,0,1823,13,0
Stellako,3,1975,176079,68451,,,,1832708,64645,2919,0,0,0,0,0,0,0,3852,0,0
Stellako,3,1976,150741,63865,,,,216701,27506,0,0,0,0,0,0,0,0,150,0,0
Stellako,3,1977,23452,10894,,,,209138,56488,0,0,0,0,0,0,0,0,74,0,0
Stellako,3,1978,60421,32528,,,,388505,48040,0,0,0,0,0,0,0,0,860,0,0
Stellako,3,1979,290116,152583,,,,478737,145156,0,0,0,0,0,0,0,0,31,0,0
Stellako,3,1980,72073,28477,,,,535944,219255,0,0,0,0,0,0,0,0,207,0,0
Stellako,3,1981,22021,12030,,,,234136,51734,0,0,0,0,0,0,0,0,28,0,0
Stellako,3,1982,69434,34888,,,,309369,46504,0,0,0,0,0,0,0,0,1900,0,0
Stellako,3,1983,121739,61357,,,,1097744,158607,0,0,0,0,0,0,0,0,1129,0,0
Stellako,3,1984,60973,32672,,,,744589,266430,0,0,0,0,0,0,0,0,170,0,0
Stellako,3,1985,42296,21969,,,,97659,30996,0,0,0,0,0,0,0,0,87,0,0
Stellako,3,1986,77378,44564,,,,445398,116424,0,0,0,0,0,0,0,0,23,0,0
Stellako,3,1987,211111,98179,,,,353471,82191,0,0,0,0,0,0,0,0,14,0,0
Stellako,3,1988,367751,200537,,,,566227,425114,0,0,0,0,0,0,0,0,158,0,0
Stellako,3,1989,43189,15903,,,,127212,95047,0,0,0,0,0,0,0,0,28,0,0
Stellako,3,1990,93928,56537,,,,861027,89664,0,0,0,0,0,0,0,0,1145,0,0
Stellako,3,1991,94931,54349,,,,299039,37271,0,0,0,0,0,0,0,0,259,0,0
Stellako,3,1992,97985,55138,,,,734393,133793,0,0,0,0,0,0,0,0,275,0,0
Stellako,3,1993,91443,42861,,,,68158,241673,0,0,0,0,0,0,0,0,13,0,0
Stellako,3,1994,136847,63584,,,,593409,88649,704,0,0,0,0,0,0,0,127,0,0
Stellako,3,1995,122780,41135,,,,127344,56540,0,0,0,0,0,0,0,0,75,0,0
Stellako,3,1996,332207,167624,,,,635499,176479,0,0,0,0,0,0,0,0,16,0,0
Stellako,3,1997,55410,23241,,,,68515,56658,0,0,0,0,0,0,0,0,0,0,0
Stellako,3,1998,185697,96961,,,,504421,133503,0,0,0,0,0,0,0,0,73,0,0
Stellako,3,1999,138151,66080,,,,143988,30474,0,0,0,0,0,0,0,0,0,0,0
Stellako,3,2000,371604,195386,,,,647582,70089,0,0,0,0,0,0,0,0,0,0,0
Stellako,3,2001,151482,61590,,,,203410,83718,0,0,0,0,0,0,0,0,0,0,0
Stellako,3,2002,322711,177618,,,,224262,24066,0,0,0,0,0,0,0,0,47,0,0
Stellako,3,2003,78093,43829,,,,34522,14605,0,0,0,0,0,0,0,0,5,0,0
Stellako,3,2004,86738,53755,,,,213103,32647,111,0,0,332,664,0,0,0,153,0,0
Stellako,3,2005,175346,102247,,,,6640,4859,0,0,0,0,0,0,0,0,12,0,0
Stellako,3,2006,147194,79834,,,,389229,81630,0,0,0,111,0,0,0,0,87,0,0
Stellako,3,2007,41481,19626,,,,113525,24716,0,0,0,0,0,0,0,0,20,0,0
Stellako,3,2008,159749,73798,,,,259917,14564,0,0,0,0,0,0,0,0,454,0,0
Stellako,3,2009,27627,15770,,,,152682,49483,0,481,0,0,0,0,0,0,0,0,0
Stellako,3,2010,202803,109383,,,,1500994,128893,0,0,0,0,0,0,0,0,12308,0,0
Stellako,3,2011,85628,25856,,,,42804,12082,0,0,0,0,0,0,0,0,0,0,0
Stellako,3,2012,137992,50572,,,,42515,6855,0,0,0,0,0,0,0,0,50,0,0
Stellako,3,2013,110048,54130,,,,109354,38100,0,0,0,0,0,0,0,0,188,0,0
Stellako,3,2014,506157,240406,,,,360613,31468,0,0,0,0,0,0,0,,393,0,0
Stellako,3,2015,101305,47613,,,,53124,20761,0,,,0,0,0,,,66,0,0
Bowron,4,1948,25218,12826,,,,80266,0,0,0,0,0,0,,0,0,0,0,0
Bowron,4,1949,22330,10744,,,,62746,0,0,0,0,0,0,0,0,0,45,0,0
Bowron,4,1950,16266,7352,,,,65365,9633,0,0,0,0,0,0,0,0,550,0,0
Bowron,4,1951,22234,10254,,,,103443,0,0,0,0,0,0,0,0,0,378,0,0
Bowron,4,1952,18811,8632,,,,36992,6304,0,0,0,0,0,0,0,0,8,0,0
Bowron,4,1953,13533,5741,,,,70599,4977,0,0,0,0,0,0,0,0,3,0,0
Bowron,4,1954,10774,4566,,,,62971,3293,0,0,0,0,0,0,0,0,652,0,0
Bowron,4,1955,9355,4472,,,,92623,4289,0,0,0,0,0,0,0,0,43,0,0
Bowron,4,1956,6996,3639,,,,27586,10160,738,0,0,0,0,0,0,0,0,0,0
Bowron,4,1957,12069,6416,,,,41008,958,0,0,0,0,0,0,0,0,0,0,0
Bowron,4,1958,14891,8308,,,,17945,167,0,0,0,0,0,0,0,0,43,0,0
Bowron,4,1959,29247,14614,,,,56454,5400,0,0,0,0,0,0,0,0,11,0,0
Bowron,4,1960,7663,3525,,,,17278,451,0,0,0,0,0,0,0,0,4,0,0
Bowron,4,1961,7471,3680,,,,26835,1313,0,0,0,0,0,0,0,0,0,0,0
Bowron,4,1962,6292,3219,,,,18822,2499,0,0,0,0,0,0,0,0,6,0,0
Bowron,4,1963,25144,11467,,,,204973,9315,0,0,0,0,0,0,0,0,28,0,0
Bowron,4,1964,1500,690,,,,25416,2091,0,0,0,0,0,0,0,0,0,0,0
Bowron,4,1965,2660,1170,,,,16770,1029,0,0,0,0,0,0,0,0,50,0,0
Bowron,4,1966,2480,1151,,,,21196,1053,0,0,0,0,0,0,0,0,0,0,0
Bowron,4,1967,31695,13991,,,,193857,12513,0,0,0,0,0,0,0,0,124,0,0
Bowron,4,1968,3634,1710,,,,37393,6150,1099,0,0,0,0,0,0,0,0,0,0
Bowron,4,1969,3872,1936,,,,16003,1208,0,0,0,0,0,0,0,0,0,0,0
Bowron,4,1970,1341,497,,,,15826,0,0,0,0,0,0,0,0,0,371,0,0
Bowron,4,1971,25497,10761,,,,124161,346,0,0,0,0,0,0,0,0,0,0,0
Bowron,4,1972,4138,1969,,,,16860,111,0,0,0,0,0,0,0,0,0,0,0
Bowron,4,1973,4700,2012,,,,10538,124,0,0,0,0,0,0,0,0,0,0,0
Bowron,4,1974,1850,1046,,,,15702,1729,0,0,0,0,0,0,0,0,0,0,0
Bowron,4,1975,29700,14735,,,,121742,634,282,0,0,0,0,0,0,0,122,0,0
Bowron,4,1976,2250,1069,,,,7112,0,0,0,0,0,0,0,0,0,0,0,0
Bowron,4,1977,2500,1214,,,,5875,9521,0,0,0,0,0,0,0,0,0,0,0
Bowron,4,1978,3150,1678,,,,39903,724,0,0,0,0,0,0,0,0,0,0,0
Bowron,4,1979,35000,16178,,,,15714,14270,0,0,0,0,0,0,0,0,0,0,0
Bowron,4,1980,2894,1376,,,,39381,5789,0,0,0,0,0,0,0,0,0,0,0
Bowron,4,1981,1170,562,,,,14724,1808,0,0,0,0,0,0,0,0,0,0,0
Bowron,4,1982,1647,990,,,,3066,2211,0,0,0,0,0,0,0,0,0,0,0
Bowron,4,1983,6451,3484,,,,36597,1535,407,0,0,0,0,0,0,0,17,0,0
Bowron,4,1984,10461,4909,,,,44712,5879,0,0,0,0,0,0,0,0,12,0,0
Bowron,4,1985,6395,3030,,,,16449,2728,0,0,0,0,0,0,0,0,0,0,0
Bowron,4,1986,3131,1396,,,,20562,636,0,0,0,0,0,0,0,0,0,0,0
Bowron,4,1987,11079,5660,,,,18171,4289,0,0,0,0,0,0,0,0,132,0,0
Bowron,4,1988,12780,7405,,,,11669,1381,0,0,0,0,0,0,0,0,0,0,0
Bowron,4,1989,2534,1367,,,,4945,7897,0,0,0,0,0,0,0,0,0,0,0
Bowron,4,1990,7992,5065,,,,18847,12283,0,0,0,0,0,0,0,0,0,0,0
Bowron,4,1991,4919,2460,,,,47542,1083,68,0,0,0,0,0,0,0,114,0,0
Bowron,4,1992,2560,1117,,,,10556,2313,0,0,0,0,0,0,0,0,14,0,0
Bowron,4,1993,1184,592,,,,16961,3506,0,0,0,0,0,0,0,0,0,0,0
Bowron,4,1994,4415,1845,,,,6743,4106,0,0,0,0,0,0,0,0,0,0,0
Bowron,4,1995,34431,13467,,,,25092,2259,0,0,0,0,0,0,0,0,40,0,0
Bowron,4,1996,8176,4055,,,,20695,6081,0,0,0,0,0,0,0,0,0,0,0
Bowron,4,1997,4811,2119,,,,1335,3689,0,0,0,0,0,0,0,0,0,0,0
Bowron,4,1998,4777,2830,,,,11272,5729,0,0,0,0,0,0,0,0,0,0,0
Bowron,4,1999,8238,3295,,,,19734,0,0,0,0,0,0,0,0,0,0,0,0
Bowron,4,2000,13440,6720,,,,23887,1396,0,0,0,0,0,0,0,0,0,0,0
Bowron,4,2001,5842,2752,,,,4433,2392,0,0,0,0,0,0,0,0,0,0,0
Bowron,4,2002,8770,4505,,,,7279,395,0,0,0,0,0,0,0,0,0,0,0
Bowron,4,2003,6752,3038,,,,3702,90,0,0,0,0,30,0,0,0,0,0,0
Bowron,4,2004,916,458,,,,3008,3082,0,0,0,30,0,0,0,0,0,0,0
Bowron,4,2005,1730,866,,,,1876,383,0,0,0,0,0,0,0,0,0,0,0
Bowron,4,2006,1554,636,,,,14800,2635,0,0,0,0,128,0,0,0,0,0,0
Bowron,4,2007,2173,1075,,,,8345,20,0,0,0,0,0,0,0,0,0,0,0
Bowron,4,2008,1005,275,,,,234,548,0,0,0,0,0,0,0,0,0,0,0
Bowron,4,2009,1814,843,,,,4971,1141,0,0,0,0,0,0,0,0,0,0,0
Bowron,4,2010,8439,4095,,,,21678,3038,0,0,0,37,0,0,0,0,23,0,0
Bowron,4,2011,4101,2037,,,,5187,93,0,0,0,0,0,0,0,0,0,0,0
Bowron,4,2012,59,30,,,,186,0,0,0,0,0,0,0,0,0,32,0,0
Bowron,4,2013,3280,1924,,,,367,138,0,0,0,0,0,0,0,0,0,0,0
Bowron,4,2014,12064,6252,,,,19451,54,0,0,0,0,0,0,0,,0,0,0
Bowron,4,2015,3868,2211,,,,18,88,0,,,0,0,0,,,0,0,0
Raft,5,1948,10359,5524,,,,62653,684,0,0,0,0,0,,0,0,0,0,0
Raft,5,1949,6113,2109,,,,36748,2878,0,0,0,0,0,0,0,0,0,0,0
Raft,5,1950,6404,1917,,,,39549,5990,0,0,0,0,0,0,0,0,17,0,0
Raft,5,1951,8561,3364,,,,34636,13009,0,0,0,0,0,0,0,0,8,0,0
Raft,5,1952,15617,5116,,,,46167,5010,0,0,0,0,0,0,0,0,5,0,0
Raft,5,1953,7909,3600,,,,30285,1839,0,0,0,0,0,0,0,0,0,0,0
Raft,5,1954,9995,5352,,,,38964,11293,0,0,0,0,0,0,0,0,231,0,0
Raft,5,1955,5081,2905,,,,52497,7860,158,0,0,0,0,0,0,0,7,0,0
Raft,5,1956,9037,5179,,,,17335,8029,1776,0,0,0,0,0,0,0,0,0,0
Raft,5,1957,6881,3314,,,,18932,2011,0,0,0,0,0,0,0,0,72,0,0
Raft,5,1958,10215,6235,,,,22591,512,17,0,0,0,0,0,0,0,23,0,0
Raft,5,1959,10210,5232,,,,20417,3167,30,0,0,0,0,0,0,0,0,0,0
Raft,5,1960,5553,2252,,,,14715,2049,120,0,0,0,0,0,0,0,64,0,0
Raft,5,1961,7301,3014,,,,22139,2154,0,0,0,0,0,0,0,0,32,0,0
Raft,5,1962,7613,4197,,,,37568,2981,0,0,0,0,0,0,0,0,0,0,0
Raft,5,1963,8724,2693,,,,9090,265,444,0,0,0,0,0,0,0,18,0,0
Raft,5,1964,5201,2666,,,,40283,8228,132,0,0,0,0,0,0,0,81,0,0
Raft,5,1965,6624,2669,,,,18867,1686,0,0,0,0,0,0,0,0,73,0,0
Raft,5,1966,6250,2666,,,,20483,2736,0,0,0,0,0,0,0,0,320,0,0
Raft,5,1967,1303,358,,,,8226,1395,0,0,0,0,0,0,0,0,37,0,0
Raft,5,1968,8121,3455,,,,100888,5411,0,0,0,0,0,0,0,0,98,0,0
Raft,5,1969,5593,2577,,,,10279,3710,0,0,0,0,0,0,0,0,381,0,0
Raft,5,1970,4474,1205,,,,8300,523,0,0,0,0,0,0,0,0,37,0,0
Raft,5,1971,840,223,,,,9570,2116,642,0,0,0,0,0,0,0,33,0,0
Raft,5,1972,11151,4507,,,,56973,761,0,0,0,0,0,0,0,0,87,0,0
Raft,5,1973,2729,1345,,,,1616,7723,0,0,0,0,0,0,0,0,22,0,0
Raft,5,1974,2396,1479,,,,11541,476,0,0,0,0,0,0,0,0,206,0,0
Raft,5,1975,2664,1391,,,,5632,797,280,0,0,0,0,0,0,0,7,0,0
Raft,5,1976,8684,3976,,,,18539,1331,0,0,0,0,0,0,0,0,56,0,0
Raft,5,1977,648,198,,,,2728,3189,0,0,1023,0,0,0,0,0,0,0,0
Raft,5,1978,2500,1343,,,,11888,6562,45,0,0,0,0,0,0,0,253,0,0
Raft,5,1979,1780,693,,,,1183,1856,0,0,0,0,0,0,0,0,0,0,0
Raft,5,1980,5418,2056,,,,47827,3784,0,0,0,0,0,0,0,0,112,0,0
Raft,5,1981,873,312,,,,7366,1244,0,0,0,0,0,0,0,0,29,0,0
Raft,5,1982,2992,1533,,,,2509,1233,28,0,0,0,0,0,0,0,0,0,0
Raft,5,1983,2857,1821,,,,2855,1196,1512,0,0,0,0,0,0,0,38,0,0
Raft,5,1984,19098,6701,,,,32692,14038,0,0,8,0,0,0,0,0,325,0,0
Raft,5,1985,3638,1922,,,,2830,1591,105,0,0,0,0,0,0,0,7,0,0
Raft,5,1986,2126,1080,,,,2902,111,0,0,0,0,0,0,0,0,0,0,0
Raft,5,1987,1512,723,,,,1399,2421,0,0,0,0,0,0,0,0,0,0,0
Raft,5,1988,19857,9207,,,,41783,8304,88,0,310,0,0,0,0,0,0,0,0
Raft,5,1989,1647,925,,,,7357,3935,0,0,0,0,0,0,0,0,7,0,0
Raft,5,1990,630,412,,,,1610,934,0,0,0,0,0,0,0,0,0,0,0
Raft,5,1991,464,264,,,,908,553,0,0,0,0,0,0,0,0,0,0,0
Raft,5,1992,8242,4112,,,,65321,2024,0,0,0,0,0,0,0,0,6,8,0
Raft,5,1993,5047,2934,,,,22386,10727,65,0,396,0,0,0,0,0,24,0,0
Raft,5,1994,1712,800,,,,4738,22745,989,0,0,0,0,0,0,0,0,0,0
Raft,5,1995,1046,682,,,,22745,4484,0,0,0,0,0,0,0,0,41,0,0
Raft,5,1996,46615,21381,,,,89315,22684,0,0,0,593,0,0,0,0,0,0,0
Raft,5,1997,6093,2367,,,,25983,25281,0,0,0,0,0,0,0,0,0,0,0
Raft,5,1998,7229,3585,,,,4905,11325,0,0,0,0,0,0,0,0,8,0,0
Raft,5,1999,6979,3499,,,,26426,34631,0,0,0,0,0,0,0,0,92,0,0
Raft,5,2000,66292,27668,,,,107671,7672,0,0,0,0,0,0,0,0,53,0,0
Raft,5,2001,32506,16025,,,,79275,16425,0,0,0,630,365,0,0,0,0,0,0
Raft,5,2002,18461,8402,,,,21369,21419,0,0,0,0,0,0,0,0,45,0,0
Raft,5,2003,10093,4890,,,,2439,5930,0,0,0,0,106,0,0,0,0,0,0
Raft,5,2004,5611,3244,,,,39136,8849,195,0,0,1272,1779,0,0,0,4,0,0
Raft,5,2005,26501,16967,,,,6441,2454,0,0,0,198,0,0,0,0,0,0,0
Raft,5,2006,6073,3442,,,,7183,9646,0,0,0,130,359,0,0,0,0,0,0
Raft,5,2007,14357,8064,,,,6253,4462,0,0,0,0,0,0,0,0,0,0,0
Raft,5,2008,10406,3562,,,,14908,3668,0,0,0,0,0,0,0,0,2,0,0
Raft,5,2009,11464,6039,,,,20120,14989,0,0,0,0,0,0,0,0,5,0,0
Raft,5,2010,5119,2389,,,,37692,5842,0,0,0,0,0,0,0,0,26,0,0
Raft,5,2011,9243,4430,,,,17922,5338,0,0,0,0,0,0,0,0,29,0,0
Raft,5,2012,10008,1710,,,,16751,4282,0,0,0,0,0,0,0,0,0,0,0
Raft,5,2013,16394,9045,,,,2785,2522,0,0,0,0,0,0,0,0,4,0,0
Raft,5,2014,17102,9471,,,,11188,934,0,0,0,0,0,0,0,,3,0,0
Raft,5,2015,16054,8794,,,,738,874,0,,,0,0,0,,,0,0,0
Quesnel,6,1948,100,48,,,,618,0,0,0,0,0,0,,0,0,0,0,0
Quesnel,6,1949,30664,19210,,,,463409,0,0,0,0,514,0,0,0,0,22455,0,0
Quesnel,6,1950,398,264,,,,2014,0,0,0,0,0,0,0,0,0,34,0,0
Quesnel,6,1951,49,9,,,,413,0,0,0,0,0,0,0,0,0,0,0,0
Quesnel,6,1952,7017,51,,,,562,0,0,0,0,0,0,0,0,0,0,0,0
Quesnel,6,1953,110927,47564,,,,604123,220,0,0,0,0,0,0,0,0,5902,0,0
Quesnel,6,1954,299,146,,,,10692,0,0,0,0,0,0,0,0,0,0,0,0
Quesnel,6,1955,63,30,,,,180,0,0,0,0,0,0,0,0,0,0,0,0
Quesnel,6,1956,2669,39,,,,1115,0,0,0,0,0,0,0,0,0,18,0,0
Quesnel,6,1957,223667,132852,,,,989580,144,30,0,0,1420,0,0,0,0,8359,0,0
Quesnel,6,1958,1863,1269,,,,3362,23,0,0,0,0,0,0,0,0,27,0,0
Quesnel,6,1959,76,29,,,,165,0,0,0,0,0,0,0,0,0,0,0,0
Quesnel,6,1960,3057,123,,,,1469,0,0,0,0,0,0,0,0,0,6,0,0
Quesnel,6,1961,302563,70000,,,,1195807,509,93,0,0,0,0,0,0,0,44481,0,0
Quesnel,6,1962,1078,566,,,,7257,0,0,0,0,0,0,0,0,0,30,0,0
Quesnel,6,1963,86,40,,,,956,0,0,0,0,0,0,0,0,0,0,0,0
Quesnel,6,1964,15839,159,,,,2812,0,0,0,0,0,0,0,0,0,0,0,0
Quesnel,6,1965,364714,105393,,,,1652107,821,83,0,0,0,0,0,0,0,14161,0,0
Quesnel,6,1966,1753,1040,,,,7038,396,0,0,0,0,0,0,0,0,28,0,0
Quesnel,6,1967,119,24,,,,1750,0,0,0,0,0,0,0,0,0,11,0,0
Quesnel,6,1968,5763,333,,,,428,0,0,0,0,0,0,0,0,0,0,0,0
Quesnel,6,1969,273134,76565,,,,1626582,7768,0,0,0,69,0,0,0,0,6413,0,0
Quesnel,6,1970,1373,388,,,,20339,0,0,0,0,0,0,0,0,0,0,0,0
Quesnel,6,1971,171,16,,,,747,0,0,0,0,0,0,0,0,0,0,0,0
Quesnel,6,1972,3488,46,,,,856,0,0,0,0,0,0,0,0,0,9,0,0
Quesnel,6,1973,278061,112414,,,,2326864,3929,0,0,0,527,0,0,0,0,5114,0,0
Quesnel,6,1974,4459,2587,,,,29304,1570,129,0,0,0,0,0,0,0,21,0,0
Quesnel,6,1975,201,105,,,,1865,0,0,0,0,0,0,0,0,0,0,0,0
Quesnel,6,1976,2197,209,,,114400,1233,0,0,0,0,0,0,0,0,0,0,0,0
Quesnel,6,1977,516223,160717,,,49600000,3810786,54029,5261,0,0,0,0,0,0,0,8446,0,0
Quesnel,6,1978,8614,4349,,,,186073,10473,36,0,0,0,0,0,0,0,142,0,0
Quesnel,6,1979,511,238,,,,2103,3908,0,0,0,0,0,0,0,0,0,0,0
Quesnel,6,1980,3176,98,,,,2446,0,0,0,0,0,0,0,0,0,0,0,0
Quesnel,6,1981,748652,332290,,,67584371,9553856,213188,0,0,0,0,0,0,0,0,19608,0,0
Quesnel,6,1982,39841,20054,,,,499074,56312,0,0,156,0,0,0,0,0,0,0,0
Quesnel,6,1983,2155,1098,,,,31515,8864,0,0,0,0,0,0,0,0,33,0,0
Quesnel,6,1984,6186,551,,,,6868,0,0,0,0,0,0,0,0,0,85,0,0
Quesnel,6,1985,1349263,692799,,,46515454,12137664,334171,17706,0,993,2870,23700,0,0,0,28135,0,0
Quesnel,6,1986,181473,94792,,,14683961,2364628,168115,0,0,0,0,0,0,0,0,41,0,0
Quesnel,6,1987,20559,11238,,,11009225,119437,57144,0,0,0,0,0,0,0,0,11,0,0
Quesnel,6,1988,27034,4185,,,,26342,0,0,0,0,0,0,0,0,0,0,0,0
Quesnel,6,1989,1870685,940432,,,58013355,10339444,280053,9408,0,0,2122,0,0,0,0,10417,51,0
Quesnel,6,1990,487651,259218,,,5244447,2946813,336236,0,0,0,0,0,0,0,0,585,0,0
Quesnel,6,1991,46259,24861,,,12291054,100196,50671,282,0,0,0,0,0,0,0,26,0,0
Quesnel,6,1992,8901,3046,,,,29213,0,0,0,0,0,0,0,0,0,1,0,0
Quesnel,6,1993,2620757,1507350,,,62550416,6446036,398551,4529,0,0,282,0,0,0,0,1642,0,0
Quesnel,6,1994,659505,356251,,,16753374,2263471,212902,470,0,0,0,0,0,0,0,248,0,0
Quesnel,6,1995,216110,116867,,,,119078,48228,0,0,0,0,0,0,0,0,0,0,0
Quesnel,6,1996,42499,21719,,,,67906,19609,3175,0,0,0,0,0,0,0,0,0,0
Quesnel,6,1997,1858809,904914,,,53907364,4358762,318446,13897,0,0,1589,0,0,0,0,79,0,0
Quesnel,6,1998,1179252,534532,,,36115538,4467804,272015,0,0,0,0,0,0,0,0,56,0,0
Quesnel,6,1999,189360,106908,,,13789241,581976,228610,0,0,0,0,0,0,0,0,0,0,0
Quesnel,6,2000,63782,37163,,,5159686,38143,15667,0,0,0,0,0,0,0,0,0,0,0
Quesnel,6,2001,3510976,1740454,,,65395199,3576455,115416,4166,0,0,4927,0,0,0,0,42,0,0
Quesnel,6,2002,2985212,1312599,,,48395032,603583,36207,437,0,0,0,0,0,0,0,38,0,0
Quesnel,6,2003,278990,148235,,,10372264,82424,60604,848,0,0,0,0,0,0,0,0,0,0
Quesnel,6,2004,10264,6629,,,1860000,6545,5986,0,0,0,0,164,0,0,0,0,0,0
Quesnel,6,2005,1436789,772179,,,51806108,198055,8017,2646,511,200,0,0,0,0,0,0,11,0
Quesnel,6,2006,169127,90069,,,15164301,598192,47841,0,0,0,234,0,0,0,0,56,0,0
Quesnel,6,2007,74715,33601,,,,72938,648,15,0,0,0,0,0,0,0,21,0,0
Quesnel,6,2008,7091,2473,,,,727,6536,307,0,0,0,0,0,0,0,0,0,0
Quesnel,6,2009,149467,82781,,,14182463,296451,21900,0,0,0,0,137,0,0,0,19,0,0
Quesnel,6,2010,246584,131545,,,24970095,2497652,30937,128,0,0,0,0,0,0,0,2958,46,0
Quesnel,6,2011,45433,16936,,,6427365,35995,3922,0,0,0,0,0,0,0,0,31,0,0
Quesnel,6,2012,624,97,,,1892798,358,2285,0,0,0,0,0,0,0,0,1,0,0
Quesnel,6,2013,179081,93727,,,15426032,141418,8479,0,0,0,0,0,0,0,0,287,0,0
Quesnel,6,2014,832344,430821,,,70826120,2130793,40005,233,0,0,0,0,0,0,,1571,0,0
Quesnel,6,2015,45357,25749,,,6758494,5164,1133,44,,,0,0,0,,,0,0,0
Chilko,7,1948,671025,364597,,,,1643062,11182,254316,0,1282,0,0,,0,0,32000,6131,0
Chilko,7,1949,58310,33029,,,,560635,10368,46358,0,1424,0,0,0,0,0,3732,621,0
Chilko,7,1950,26447,6555,,,,183278,4705,15449,0,0,0,0,0,0,0,1489,954,0
Chilko,7,1951,118110,57563,,,,644911,20763,74115,0,3609,0,0,0,0,0,3925,5004,0
Chilko,7,1952,490065,233628,,,,1763929,35975,38833,0,893,0,0,0,0,0,18732,114,0
Chilko,7,1953,201245,94471,,,,514554,14004,86362,0,781,0,0,0,0,0,1172,2583,0
Chilko,7,1954,37743,21247,22973478,,,632132,4415,58891,0,2233,0,0,0,0,0,12234,2844,0
Chilko,7,1955,132146,75834,,189317,,1407963,31011,40510,0,0,0,0,0,0,0,32418,1373,0
Chilko,7,1956,647768,368607,3007274,,,2379854,16684,25152,0,0,0,0,0,0,0,13905,75,0
Chilko,7,1957,140765,83128,,126368,,117362,3149,17578,0,0,0,0,0,0,0,76,63,0
Chilko,7,1958,137081,70433,,,,278320,13613,130581,0,5091,0,0,0,0,0,4055,1711,0
Chilko,7,1959,471162,272891,,,,2080497,18659,88363,0,0,0,0,0,0,0,23792,1272,0
Chilko,7,1960,426607,244864,6902846,,,958877,5980,81961,0,0,0,0,0,0,0,5472,1045,0
Chilko,7,1961,40315,15038,32629026,159392,,52713,11583,4492,0,0,0,0,0,0,0,256,409,0
Chilko,7,1962,92467,42125,33817514,612971,,960609,13582,696,0,18,0,0,0,0,0,10657,0,0
Chilko,7,1963,1002252,57207,1593017,2478906,,1112861,4045,47006,0,841,0,0,0,0,0,37579,3971,0
Chilko,7,1964,238601,131590,8808628,1441353,,1818921,55810,156756,0,0,0,0,0,0,0,7252,1343,0
Chilko,7,1965,39902,20813,9263733,117255,,138555,2360,14460,0,0,0,0,0,0,0,1787,1782,0
Chilko,7,1966,226702,107541,23643449,54307,,744469,27636,89160,0,0,0,0,0,0,0,26456,1479,0
Chilko,7,1967,176337,90006,2343404,713727,,1933329,23351,13996,0,0,0,0,0,0,0,28734,5300,0
Chilko,7,1968,414446,181912,16816182,1802482,,2349375,21925,55581,0,1128,0,0,0,0,0,46952,1108,0
Chilko,7,1969,76518,25519,8812334,816625,,369954,15839,12146,0,0,0,0,0,0,0,4126,294,0
Chilko,7,1970,145049,50923,31772048,620665,,630046,1084,41128,0,0,0,0,0,0,0,16775,5423,0
Chilko,7,1971,186589,97365,3570614,313595,,740253,0,40581,0,0,0,0,0,0,0,58786,13222,0
Chilko,7,1972,564465,332353,3848709,475294,,1947465,34424,83501,0,166,0,0,0,0,0,42709,1309,0
Chilko,7,1973,61707,30231,7608969,105981,,200775,6807,27243,0,1744,0,0,0,0,0,8835,2893,0
Chilko,7,1974,142595,71127,20273314,771751,,641497,4312,36356,0,0,0,0,0,0,0,26487,3815,0
Chilko,7,1975,275698,133782,4300031,685376,,1389008,7375,73812,0,390,0,0,0,0,0,22821,20230,0
Chilko,7,1976,387467,228326,7245661,1545883,,1650944,25168,14210,0,0,0,0,0,0,0,8457,334,0
Chilko,7,1977,56782,20385,14145005,132596,,190527,2743,2584,0,0,0,0,0,0,0,3346,0,0
Chilko,7,1978,159174,85570,26010772,169422,,1169034,77743,9789,0,0,0,0,0,0,0,8616,397,0
Chilko,7,1979,272694,147920,2268157,1523160,,1615466,72206,15308,0,7804,0,0,0,0,0,9358,1371,0
Chilko,7,1980,498826,293234,16490014,210230,,3920494,473961,32179,0,2375,0,0,0,0,0,12504,414,0
Chilko,7,1981,36149,20164,21152257,68171,,180656,4547,18862,0,0,0,0,0,0,0,1722,2919,0
Chilko,7,1982,253551,142515,35037719,182149,,1355953,131741,57505,0,1412,0,0,0,0,0,52424,182,0
Chilko,7,1983,386571,213715,1704324,226449,,1717330,36418,310875,0,4399,0,0,0,0,0,45476,5243,0
Chilko,7,1984,580664,283152,13967231,314498,,500714,2890,153893,0,5802,0,0,0,0,0,11108,1951,0
Chilko,7,1985,88120,34979,19714627,113603,,366037,184400,18862,0,1136,0,0,0,0,0,970,1563,0
Chilko,7,1986,323971,165504,9843219.347,395902,,4413216,279555,54465,0,5033,0,0,0,0,0,47835,335,0
Chilko,7,1987,430492,268111,5591056.048,2250453.653,,4032356,316979,56111,0,2975,0,0,0,0,0,11552,863,0
Chilko,7,1988,365790,206206,18884731,816713.9519,,2979547,157913,155406,0,0,0,0,0,0,0,2697,797,0
Chilko,7,1989,78647,42811,21695020.98,192026.0009,,3015024,86942,3564,0,0,0,0,0,0,0,11841,0,0
Chilko,7,1990,833313,497991,20900735.08,232533.0216,,2412516,178745,19347,0,0,0,0,0,0,0,13262,4715,0
Chilko,7,1991,1039624,597537,,208031.9216,,1126703,128342,122472,0,0,0,0,0,0,0,4495,537,0
Chilko,7,1992,515663,319959,34168373.9,,,1773513,78754,9714,0,0,0,0,0,0,0,3754,614,0
Chilko,7,1993,561865,322298,39721809.88,129657.0971,,3380892,548667,15931,0,0,0,0,0,0,0,18173,208,0
Chilko,7,1994,452239,253976,12866431.98,444609.123,,1331935,72717,4545,0,0,0,0,0,0,0,10606,184,0
Chilko,7,1995,547755,298027,27257810.9,716975.0174,,1045307,179013,44788,0,2414,0,0,0,0,0,2778,36,0
Chilko,7,1996,989422,504469,16976926.71,324653.0997,,1175834,159331,26555,0,1811,0,0,0,0,0,359,0,0
Chilko,7,1997,993254,509298,39826472.67,658587.2905,,663879,204615,16297,0,0,0,0,0,0,0,222,0,0
Chilko,7,1998,880944,467624,18700495.83,373560.3264,,423716,73801,34730,0,3035,0,0,0,0,0,1084,0,0
Chilko,7,1999,891922,432565,21837625.14,348083.1729,,1449980,109275,9106,0,0,0,0,0,0,0,2228,0,0
Chilko,7,2000,759163,395559,11078243.73,123059.8612,,424960,27152,42236,0,3565,0,0,0,0,0,3918,59,0
Chilko,7,2001,669920,331244,19985332.48,667432.267,,1001606,89122,67732,0,0,0,0,0,0,0,176,0,0
Chilko,7,2002,385042,215050,19475377,262063.5231,,1119367,106118,8734,0,554,0,0,0,0,0,4514,0,0
Chilko,7,2003,612239,334896,35710945.32,281214.0012,,321849,29357,30465,0,3834,0,0,0,0,0,557,0,0
Chilko,7,2004,92143,49193,19625176.85,1129730.676,,388845,33231,3834,0,0,0,0,0,0,0,854,0,0
Chilko,7,2005,540481,285065,24778429.03,1378262.152,,262014,37748,62913,0,0,0,0,0,0,0,720,164,0
Chilko,7,2006,469504,261918,10974249.3,241511.969,,4429045,339299,293379,0,0,0,0,0,0,0,4235,660,0
Chilko,7,2007,306707,156518,76507905.21,569437.704,,1056164,16286,57479,0,0,0,0,0,0,0,2369,781,0
Chilko,7,2008,250583,68731,72782870.79,50182.78815,,477074,45259,14292,0,0,0,0,0,0,0,1830,0,0
Chilko,7,2009,217778,127367,25223336.49,1157350.209,,1643617,187156,5199,0,1489,0,0,0,0,0,1081,689,0
Chilko,7,2010,2462975,1181540,12115484.06,2302529.511,,2666978,78928,132540,597,0,0,0,0,0,0,36812,1552,0
Chilko,7,2011,919254,457653,33837812.71,1371344.938,,786305,85377,2985,0,0,0,0,0,0,0,2174,166,0
Chilko,7,2012,246605,90759,54972235.55,360368.2859,,197621,25175,0,0,0,0,0,0,0,0,1941,0,0
Chilko,7,2013,1235222,624483,43224183.93,655326.7007,,435384,51441,0,0,0,0,0,0,0,0,769,0,0
Chilko,7,2014,1034250,669181,11492487.77,4235133.074,,1554832,84803,1422,0,156,0,0,0,0,,2639,0,0
Chilko,7,2015,662707,429012,,1075840.227,,164947,48961,1129,,,0,0,0,,,1480,104,0
Seymour,8,1948,4099,1280,,,,29658,0,0,0,0,0,0,,0,0,0,0,0
Seymour,8,1949,10772,3476,,,,25617,0,8355,0,0,0,0,0,0,0,733,0,0
Seymour,8,1950,12471,4697,,,,161081,0,0,0,0,0,0,0,0,0,909,36,0
Seymour,8,1951,24344,11504,,,,67964,731,123,0,0,0,0,0,0,0,125,0,0
Seymour,8,1952,6428,2780,,,,11156,0,0,0,0,0,0,0,0,0,93,0,0
Seymour,8,1953,5947,2907,,,,44870,0,0,0,0,0,0,0,0,0,150,248,0
Seymour,8,1954,24876,12463,,,,428958,3444,5238,0,0,0,0,0,0,0,23882,0,0
Seymour,8,1955,9011,5178,,,,308775,550,305,0,0,0,0,0,0,0,372,0,0
Seymour,8,1956,2562,1102,,,,10971,1766,0,0,0,0,0,0,0,0,26,0,0
Seymour,8,1957,14295,7106,,,,11959,0,11914,0,0,0,0,0,0,0,262,448,0
Seymour,8,1958,78578,44285,,,,188824,510,0,0,0,0,0,0,0,0,6184,0,0
Seymour,8,1959,52325,25473,,,,175192,368,0,0,0,0,0,0,0,0,409,11,0
Seymour,8,1960,3047,1862,,,,8697,0,89,0,0,0,0,0,0,0,51,0,0
Seymour,8,1961,5822,1957,,,,25649,0,7081,0,0,0,0,0,0,0,55,138,0
Seymour,8,1962,58104,27411,,,,169778,572,3257,0,0,0,0,0,0,0,2939,0,0
Seymour,8,1963,71690,26742,,,,112265,1674,0,0,0,0,0,0,0,0,147,0,0
Seymour,8,1964,2784,1321,,,,17994,504,0,0,0,0,0,0,0,0,0,0,0
Seymour,8,1965,6954,2550,,,,34707,0,0,0,0,0,0,0,0,0,183,0,0
Seymour,8,1966,28754,12943,,,,139745,1425,0,0,0,0,0,0,0,0,658,0,0
Seymour,8,1967,13361,7264,,,,216733,2954,1098,0,0,0,0,0,0,0,66,0,0
Seymour,8,1968,3957,2064,,,,21963,145,0,0,0,0,0,0,0,0,0,0,0
Seymour,8,1969,7327,3276,,,,14617,0,0,0,0,0,0,0,0,0,258,0,0
Seymour,8,1970,11991,3603,,,,223705,0,2194,0,0,0,0,0,0,0,470,0,0
Seymour,8,1971,19028,9463,,,,132035,1934,0,0,0,0,0,0,0,0,1341,0,0
Seymour,8,1972,2889,1418,,,,56465,0,0,0,0,0,0,0,0,0,320,0,0
Seymour,8,1973,2856,1150,,,,24381,0,0,0,0,0,0,0,0,0,419,0,0
Seymour,8,1974,45189,25096,,,,247377,0,0,0,0,0,0,0,0,0,1353,0,0
Seymour,8,1975,37024,15756,,,,175012,4007,0,0,0,0,0,0,0,0,1665,0,0
Seymour,8,1976,8489,4898,,,,18193,191,0,0,0,0,0,0,0,0,38,0,0
Seymour,8,1977,5911,2883,,,,53835,1444,14632,0,0,0,0,0,0,0,135,0,0
Seymour,8,1978,62929,30757,,,,256211,4984,0,0,0,0,0,0,0,0,730,0,0
Seymour,8,1979,49321,24866,,,,92992,42223,314,0,0,0,0,0,0,0,85,0,0
Seymour,8,1980,8390,4616,,,,45127,7711,0,0,0,0,0,0,0,0,10,0,0
Seymour,8,1981,11529,5354,,,,26268,0,4607,0,0,0,0,0,0,0,0,0,0
Seymour,8,1982,63306,27219,,,,492244,13474,0,0,0,0,0,0,0,0,2737,0,0
Seymour,8,1983,29838,14014,,,,261161,7562,734,0,0,0,0,0,0,0,3003,0,0
Seymour,8,1984,17172,9148,,,,35743,100,0,0,0,0,0,0,0,0,174,0,0
Seymour,8,1985,6435,2684,,,,32018,11226,0,0,0,0,0,0,0,0,332,0,0
Seymour,8,1986,128497,57017,,,,811714,11322,0,0,0,0,0,0,0,0,1132,1,0
Seymour,8,1987,84409,41080,,,,416101,25805,0,0,0,0,0,0,0,0,314,0,0
Seymour,8,1988,17014,7989,,,,9027,1816,0,0,0,0,0,0,0,0,0,0,0
Seymour,8,1989,5692,2864,,,,18809,0,0,0,0,0,0,0,0,0,68,0,0
Seymour,8,1990,272157,108234,,,,272278,6413,0,0,0,0,0,0,0,0,136,0,0
Seymour,8,1991,128253,60797,,,,84310,11139,116,0,0,0,0,0,0,0,0,0,0
Seymour,8,1992,5765,3586,,,,15128,2778,0,0,0,0,0,0,0,0,0,0,0
Seymour,8,1993,10206,4950,,,,6251,2465,0,0,0,0,0,0,0,0,0,0,0
Seymour,8,1994,64038,19152,,,,169885,2662,0,0,0,0,0,0,0,0,0,0,0
Seymour,8,1995,48746,23901,,,,64323,1700,0,0,0,0,0,0,0,0,17,0,0
Seymour,8,1996,21654,9590,,,,32991,6479,0,0,0,0,0,0,0,0,0,0,0
Seymour,8,1997,2254,836,,,,1944,0,0,0,0,0,0,0,0,0,0,0,0
Seymour,8,1998,34059,14548,,,,210538,3684,0,0,0,0,0,0,0,0,182,0,0
Seymour,8,1999,18895,10072,,,,105903,27996,0,0,0,0,0,0,0,0,32,0,0
Seymour,8,2000,25465,11860,,,,58537,1026,0,0,0,0,0,0,0,0,0,0,0
Seymour,8,2001,7074,3743,,,,14842,4200,0,0,0,0,0,0,0,0,0,0,0
Seymour,8,2002,113440,55465,,,,497726,9077,224,0,0,79,0,0,0,0,851,0,0
Seymour,8,2003,31345,18483,,,,11206,870,290,0,0,0,0,0,0,0,0,0,0
Seymour,8,2004,1323,762,,,,6671,247,0,0,0,0,0,0,0,0,0,0,0
Seymour,8,2005,4459,2326,,,,7820,0,0,0,0,0,0,0,0,0,0,0,0
Seymour,8,2006,107941,57783,,,,1063631,22106,169,0,0,211,0,0,0,0,551,0,0
Seymour,8,2007,9979,5905,,,,18056,217,0,0,0,0,0,0,0,0,0,0,0
Seymour,8,2008,1350,311,,,,2173,182,0,0,0,0,0,0,0,0,0,0,0
Seymour,8,2009,5627,3093,,,,43538,3429,0,0,0,0,0,0,0,0,2,8,0
Seymour,8,2010,552134,287496,,,,268598,4283,487,0,0,0,0,0,0,0,827,0,0
Seymour,8,2011,16456,7994,,,,16741,225,0,0,0,0,0,0,0,0,11,0,0
Seymour,8,2012,824,264,,,,676,143,0,0,0,0,0,0,0,0,0,0,0
Seymour,8,2013,23429,13883,,,,4528,3310,0,0,0,0,0,0,0,0,0,0,0
Seymour,8,2014,114013,57414,,,,384044,1806,0,0,0,0,0,0,0,,787,0,0
Seymour,8,2015,7897,3960,,,,858,0,0,,,0,0,0,,,0,0,0
Late Shuswap,9,1948,16899,8502,,,,22876,5454,0,0,0,0,0,,0,0,0,0,0
Late Shuswap,9,1949,21342,2011,,,,21384,0,13994,0,0,0,0,0,0,0,5415,0,0
Late Shuswap,9,1950,1304541,583072,,,,9303676,12645,30150,0,0,2618,0,0,0,0,594356,613,0
Late Shuswap,9,1951,145104,82094,,,,519779,2251,262,0,0,0,0,0,0,0,7290,0,0
Late Shuswap,9,1952,10753,4211,,,,14320,2131,0,0,0,0,0,0,0,0,1481,0,0
Late Shuswap,9,1953,220364,1623,,,,29571,0,0,0,0,0,0,0,0,0,1456,0,0
Late Shuswap,9,1954,2031013,1067640,,,,15095741,12060,43279,0,0,0,0,0,0,0,714720,3536,0
Late Shuswap,9,1955,64584,44634,,,,853267,609,528,0,0,0,0,0,0,0,11116,0,0
Late Shuswap,9,1956,4505,2103,,,,6961,458,0,0,0,0,0,0,0,0,555,0,0
Late Shuswap,9,1957,307228,1651,,,,2206,0,941,0,0,0,0,0,0,0,16,0,0
Late Shuswap,9,1958,2299974,1128898,,,,2076776,4097,7843,0,0,871,0,0,0,0,123575,646,0
Late Shuswap,9,1959,135090,89270,,,,374501,106,16,0,0,0,0,0,0,0,7679,0,0
Late Shuswap,9,1960,1914,1322,,,,2333,0,15,0,0,0,0,0,0,0,201,0,0
Late Shuswap,9,1961,65857,854,,,,6996,0,947,0,0,0,0,0,0,0,204,0,0
Late Shuswap,9,1962,1151142,652104,,,,2740250,10891,83623,0,0,307,0,0,0,0,90241,0,0
Late Shuswap,9,1963,158581,80246,,,,3047429,3663,1326,0,0,0,0,0,0,0,78928,0,0
Late Shuswap,9,1964,716,345,,,,17103,177,0,0,0,0,0,0,0,0,2346,0,0
Late Shuswap,9,1965,59529,1332,,,,24312,0,0,0,0,0,0,0,0,0,496,0,0
Late Shuswap,9,1966,1322480,661765,,,,3914887,22138,12377,0,0,4854,0,0,0,0,96198,1478,0
Late Shuswap,9,1967,845930,402434,,,,3108302,8076,1890,0,0,0,0,0,0,0,65955,0,0
Late Shuswap,9,1968,3998,2713,,,,20709,74,956,0,0,0,0,0,0,0,222,0,0
Late Shuswap,9,1969,55319,3166,,,,27967,0,0,0,0,0,0,0,0,0,1625,268,0
Late Shuswap,9,1970,1556824,787577,,,,5373956,2667,28383,0,0,74,0,0,0,0,173639,2188,0
Late Shuswap,9,1971,290293,159119,,,,680311,128,219,0,0,0,0,0,0,0,21467,0,0
Late Shuswap,9,1972,4698,2155,,,,38342,2065,0,0,0,0,0,0,0,0,4098,0,0
Late Shuswap,9,1973,47998,2467,,,,64051,0,0,0,0,0,0,0,0,0,3817,0,0
Late Shuswap,9,1974,1157533,619143,,,90475861,6888446,9750,6962,0,0,0,0,0,0,0,145210,54,0
Late Shuswap,9,1975,168565,85540,,,21208499,1022005,1078,0,0,0,0,0,0,0,0,3181,0,0
Late Shuswap,9,1976,5588,3072,,,12460947,13049,0,543,0,0,0,0,0,0,0,578,0,0
Late Shuswap,9,1977,81775,6027,,,3901516,93025,0,0,0,0,0,0,0,0,0,620,0,0
Late Shuswap,9,1978,1900403,1014791,,,172618632,9358872,115757,62987,0,271,0,0,0,0,0,119355,137,0
Late Shuswap,9,1979,299713,162068,,,51295653,1475536,15681,1106,0,0,0,0,0,0,0,7343,0,0
Late Shuswap,9,1980,2675,1817,,,,21350,444,0,0,0,0,0,0,0,0,1513,0,0
Late Shuswap,9,1981,46907,5950,,,,9466,0,0,0,0,0,0,0,0,0,4,0,0
Late Shuswap,9,1982,3061258,1568612,,,137424814,9206624,105481,72834,0,53,0,0,0,0,0,79877,30,0
Late Shuswap,9,1983,211424,100257,,,34362244,1947570,16259,0,0,0,0,0,0,0,0,17088,0,0
Late Shuswap,9,1984,4339,2403,,,,32672,399,0,0,0,0,0,0,0,0,103,0,0
Late Shuswap,9,1985,15200,813,,,,4319,0,9343,0,1211,0,0,0,0,0,61,0,0
Late Shuswap,9,1986,2356264,1068368,,,141256617,10620066,194400,51912,0,11743,0,0,0,0,0,67599,75,0
Late Shuswap,9,1987,603163,310451,,,153543643,3840210,55204,0,0,0,0,0,0,0,0,8518,0,0
Late Shuswap,9,1988,5059,3556,,,15103054,6611,1608,0,0,0,0,0,0,0,0,1,0,0
Late Shuswap,9,1989,11653,382,,,14765826,12858,0,0,0,0,0,0,0,0,0,277,0,0
Late Shuswap,9,1990,3721181,1744387,,,99469636,7602634,125559,20134,0,159,2206,0,0,0,0,19675,3,0
Late Shuswap,9,1991,1255518,615852,,,56186507,845854,19352,213,0,0,0,0,0,0,0,770,0,0
Late Shuswap,9,1992,13128,6640,,,10687339,11466,8443,0,0,0,0,0,0,0,0,0,0,0
Late Shuswap,9,1993,11366,753,,,,15343,0,0,0,0,0,0,0,0,0,23,0,0
Late Shuswap,9,1994,1370929,664678,,,63883374,2589723,17569,2243,0,0,0,0,0,0,0,634,31,0
Late Shuswap,9,1995,428875,210742,,,16496572,750905,20211,0,0,0,0,0,0,0,0,475,0,0
Late Shuswap,9,1996,12484,5493,,,,31740,29362,430,0,0,0,0,0,0,0,0,0,0
Late Shuswap,9,1997,1446,597,,,,33707,722,0,0,0,0,282,0,0,0,0,0,0
Late Shuswap,9,1998,1389583,680552,,,40253416,7141837,20407,28,0,0,64859,0,0,0,0,20892,0,0
Late Shuswap,9,1999,343540,138275,,,,677510,21292,0,0,0,0,0,0,0,0,111,0,0
Late Shuswap,9,2000,855,164,,,,1388,0,0,0,0,0,0,0,0,0,0,0,0
Late Shuswap,9,2001,23130,2138,,,,6455,1243,0,0,0,0,1104,0,0,0,88,0,0
Late Shuswap,9,2002,5532386,2844548,,,132234134,7387191,53848,1018,0,0,25496,0,0,0,0,42234,0,0
Late Shuswap,9,2003,381278,189695,,,18456594,120226,12198,0,0,0,5984,0,0,0,0,12,0,0
Late Shuswap,9,2004,3082,2234,,,,0,1935,0,0,0,0,0,0,0,0,0,0,0
Late Shuswap,9,2005,63347,11793,,,,32714,0,0,0,0,0,1119,0,0,0,0,37,0
Late Shuswap,9,2006,2897721,1170692,,,104566067,17333012,163973,399,0,0,29047,0,0,0,0,45470,0,0
Late Shuswap,9,2007,61043,32296,,,,214296,94,0,63,0,0,0,0,0,0,58,0,0
Late Shuswap,9,2008,164,83,,,,0,9300,0,0,0,0,0,0,0,0,0,0,0
Late Shuswap,9,2009,71344,20208,,,,384008,0,0,0,43,0,1259,0,0,0,0,211,0
Late Shuswap,9,2010,7519076,3073220,,,186627751,8155534,10631,993,0,0,14837,0,0,0,0,41206,20,0
Late Shuswap,9,2011,165695,46028,,,11176047,19139,805,0,0,0,0,0,0,0,0,89,0,0
Late Shuswap,9,2013,185245,87946,,,,27943,0,0,0,0,72,0,0,0,0,0,26,0
Late Shuswap,9,2014,2207956,1053404,,,129200513,4289386,12115,33,0,0,0,0,0,0,,9157,0,0
Late Shuswap,9,2015,9688,3178,,,,1626,63,0,,,0,0,0,,,0,0,0
Birkenhead,10,1948,122424,54755,,,,179637,12353,13100,0,1606,0,0,,0,0,0,2095,0
Birkenhead,10,1949,74085,43328,,,,228462,8696,14278,0,1838,0,0,0,0,0,44548,10840,0
Birkenhead,10,1950,72567,41370,,,,183919,30830,9493,0,1576,0,0,0,0,0,13166,3756,0
Birkenhead,10,1951,42063,13589,,,,107397,66404,8861,0,1522,0,0,0,0,0,31161,1374,0
Birkenhead,10,1952,77386,24744,,,,180787,33154,11993,0,735,0,0,0,0,0,14902,3107,0
Birkenhead,10,1953,55823,16287,,,,102206,16671,24273,0,953,0,0,0,0,0,8205,3835,0
Birkenhead,10,1954,40453,8635,,,,128222,17949,10328,0,1228,0,0,0,0,0,12671,5306,0
Birkenhead,10,1955,24450,8185,,,,221160,7193,7790,0,5618,0,0,0,0,0,35100,3522,0
Birkenhead,10,1956,57899,27156,,,,209127,42071,3840,0,1697,0,0,0,0,0,20500,1874,0
Birkenhead,10,1957,24168,7068,,,,37495,5340,21961,0,2394,0,0,0,0,0,3587,5586,0
Birkenhead,10,1958,33055,5510,,,,74626,11443,17844,0,722,0,0,0,0,0,21115,3512,0
Birkenhead,10,1959,38604,11388,,,,188393,36763,7505,0,172,0,0,0,0,0,26205,8984,0
Birkenhead,10,1960,39848,19198,,,,119526,10607,6980,0,3336,0,0,0,0,0,28566,3085,0
Birkenhead,10,1961,49627,10550,,,,67104,17364,19054,0,1300,0,0,0,0,0,21891,3102,0
Birkenhead,10,1962,52146,14311,,,,66117,8304,3995,0,8,0,0,0,0,0,21342,2725,0
Birkenhead,10,1963,67151,20769,,,,281641,48565,26112,0,311,0,0,0,0,0,95525,3924,0
Birkenhead,10,1964,69939,27978,,,,225898,85137,14542,0,213,0,0,0,0,0,39236,869,0
Birkenhead,10,1965,30008,9769,,,,109033,14770,7215,0,1483,0,0,0,0,0,30602,2068,0
Birkenhead,10,1966,81134,13462,,,,155016,61319,36465,0,628,0,0,0,0,0,56603,6824,0
Birkenhead,10,1967,58036,17580,,,,365358,45896,19124,0,820,0,0,0,0,0,54257,6953,0
Birkenhead,10,1968,83750,31042,,,,218223,35366,8346,0,102,0,0,0,0,0,21213,1957,0
Birkenhead,10,1969,64527,14324,,,,451184,239195,25067,0,261,0,0,0,0,0,73972,2190,0
Birkenhead,10,1970,72760,19252,,,,531214,30799,32549,0,2856,0,0,0,0,0,119108,22383,0
Birkenhead,10,1971,32672,16143,,,,245897,46347,12033,0,551,0,0,0,0,0,62316,1952,0
Birkenhead,10,1972,113097,26202,,,,424942,46655,3256,0,215,0,0,0,0,0,42841,1431,0
Birkenhead,10,1973,139295,28374,,,,140353,24973,4070,0,0,0,0,0,0,0,44117,3011,0
Birkenhead,10,1974,173463,85495,,,,424633,207538,32659,0,4272,0,0,0,0,0,54695,3384,0
Birkenhead,10,1975,92928,19653,,,,80976,18616,10152,0,484,0,0,0,0,0,9335,1030,0
Birkenhead,10,1976,108121,50023,,,,479356,84392,22209,0,3364,0,0,0,0,0,29279,977,0
Birkenhead,10,1977,43139,12799,,,,287020,98126,21384,0,5972,0,0,0,0,0,15580,3551,0
Birkenhead,10,1978,99857,48158,,,,493542,117215,11450,0,1482,0,0,0,0,0,42233,292,0
Birkenhead,10,1979,78088,35168,,,,273583,121177,5205,0,1210,0,0,0,0,0,13881,895,0
Birkenhead,10,1980,90922,32786,,,,115564,36212,1265,0,0,0,0,0,0,0,10131,0,0
Birkenhead,10,1981,65495,27175,,,,105179,156430,0,0,0,0,0,0,0,0,4550,0,0
Birkenhead,10,1982,128771,72353,,,,1471487,281339,12955,0,513,0,0,0,0,0,48333,1815,0
Birkenhead,10,1983,48841,21069,,,,625519,149561,15531,0,1436,0,0,0,0,0,15268,795,0
Birkenhead,10,1984,42849,23226,,,,347631,86729,27258,0,2705,0,0,0,0,0,5918,120,0
Birkenhead,10,1985,37612,5757,,,,123208,93098,15248,0,1211,0,0,0,0,0,12226,851,0
Birkenhead,10,1986,348294,197841,,,,869228,315301,2860,0,0,0,0,0,0,0,24019,559,0
Birkenhead,10,1987,168841,89492,,,,698300,279598,3799,0,11345,0,0,0,0,0,5671,1185,0
Birkenhead,10,1988,177327,75537,,,,200724,664723,27396,0,3864,0,0,0,0,0,29507,1501,0
Birkenhead,10,1989,46703,15690,,,,935181,173958,1174,0,0,0,0,0,0,0,36435,1181,0
Birkenhead,10,1990,170262,97108,,,,200407,24968,3059,0,0,0,0,0,0,0,10179,0,0
Birkenhead,10,1991,316469,152077,,,,55270,61746,3222,0,1717,0,0,0,0,0,244,186,0
Birkenhead,10,1992,218533,93445,,,,47661,46563,435,0,876,0,0,0,0,0,3522,125,0
Birkenhead,10,1993,250425,151089,,,,180208,380162,4380,0,2414,0,0,0,0,0,8716,0,0
Birkenhead,10,1994,39445,22315,,,,21899,40686,3793,0,0,0,0,0,0,0,1028,7,0
Birkenhead,10,1995,43010,18407,,,,141021,28997,0,0,0,0,0,0,0,0,486,21,0
Birkenhead,10,1996,64123,27824,,,,34094,41519,2595,0,0,0,0,0,0,0,723,0,0
Birkenhead,10,1997,50872,23274,,,,18165,10200,2217,0,0,0,0,0,0,0,0,0,0
Birkenhead,10,1998,296249,173098,,,,213323,403021,1752,0,948,0,0,0,0,0,277,0,0
Birkenhead,10,1999,49586,26220,,,,47311,36027,190,0,0,0,0,0,0,0,0,0,0
Birkenhead,10,2000,13842,8333,,,,63710,37603,0,0,0,0,0,0,0,0,652,0,0
Birkenhead,10,2001,44727,28361,,,,110415,81203,0,0,0,0,0,0,0,0,56,0,0
Birkenhead,10,2002,189500,107481,,,,502582,129934,0,0,369,342,0,0,0,0,898,0,0
Birkenhead,10,2003,310530,152657,,,,6064,7010,184,0,0,0,0,0,0,0,80,0,0
Birkenhead,10,2004,37673,17516,,,,46487,29866,0,0,0,0,0,0,0,0,47,0,0
Birkenhead,10,2005,54444,27117,,,,33023,51290,684,0,705,0,0,0,0,0,361,0,0
Birkenhead,10,2006,266539,137365,,,,257819,178240,5636,0,0,0,0,0,0,0,179,0,0
Birkenhead,10,2007,93527,54290,,,,188807,54481,1977,265,1324,0,0,0,0,0,180,60,0
Birkenhead,10,2008,19861,6788,,,,46573,23300,1589,0,283,0,0,0,0,0,1015,14,0
Birkenhead,10,2009,54156,34475,,,,68048,72094,848,0,0,0,0,0,0,0,207,18,0
Birkenhead,10,2010,128465,67762,,,,28555,5636,528,0,145,0,0,0,0,0,18,0,0
Birkenhead,10,2011,228817,92420,,,,55477,34018,1454,0,0,0,0,0,0,0,211,0,0
Birkenhead,10,2012,56506,2549,,,,15555,7773,0,0,0,0,0,0,0,0,76,0,0
Birkenhead,10,2013,80121,46795,,,,14138,27454,95,0,0,0,0,0,0,0,37,0,0
Birkenhead,10,2014,35763,19612,,,,8343,3214,0,60,0,0,0,0,0,,7,0,0
Birkenhead,10,2015,45049,26687,,,,1050,324,265,,,0,0,0,,,11,0,0
Cultus,11,1948,13086,,,,,37820,1256,1827,0,0,0,0,,0,0,0,0,0
Cultus,11,1949,9301,,,,,37489,0,0,0,0,0,0,0,0,0,1662,16,0
Cultus,11,1950,30595,,,,,101664,0,3074,0,0,0,0,0,0,0,3623,0,0
Cultus,11,1951,13143,,,,,166043,4527,0,0,0,0,0,0,0,0,3498,0,0
Cultus,11,1952,18910,,,,,32999,11266,0,0,0,0,0,0,0,0,159,0,0
Cultus,11,1953,13000,,388873,,,62317,855,0,0,0,0,0,0,0,0,497,0,0
Cultus,11,1954,24150,,620213,,,61631,1933,6056,0,0,0,0,0,0,0,1631,44,0
Cultus,11,1955,26000,,,,,274490,1184,3596,0,0,0,0,0,0,0,1610,204,0
Cultus,11,1956,14133,,1903296,,,35165,1067,0,0,0,0,0,0,0,0,1273,0,0
Cultus,11,1957,20647,,2688063,,,26724,1264,0,0,0,0,0,0,0,0,95,0,0
Cultus,11,1958,14097,,976120,,,46269,1097,117,0,0,0,0,0,0,0,3547,0,0
Cultus,11,1959,48461,,319495,,,50631,1449,735,0,0,0,0,0,0,0,114,94,0
Cultus,11,1960,17689,,1427228,,,22606,414,436,0,0,0,0,0,0,0,483,0,0
Cultus,11,1961,15428,,1327842,,,5954,0,0,0,0,0,0,0,0,0,194,0,0
Cultus,11,1962,27070,,1025404,,,35483,0,534,0,0,0,0,0,0,0,524,201,0
Cultus,11,1963,20571,,1200498,,,131466,3157,0,0,0,0,0,0,0,0,3825,0,0
Cultus,11,1964,11143,,,,,67696,1550,797,0,0,0,0,0,0,0,1357,0,0
Cultus,11,1965,2532,,,,,19606,0,0,0,0,0,0,0,0,0,1380,34,0
Cultus,11,1966,17464,,,,,40079,435,0,0,0,0,0,0,0,0,4551,0,0
Cultus,11,1967,33492,,131106,,,96671,6114,473,0,0,0,0,0,0,0,7716,0,0
Cultus,11,1968,25736,,2101506,,,42418,0,0,0,0,0,0,0,0,0,36,0,0
Cultus,11,1969,6739,,2441694,,,5031,0,0,0,0,0,0,0,0,0,1446,0,0
Cultus,11,1970,15149,,1005291,,,44797,150,219,0,0,0,0,0,0,0,910,56,0
Cultus,11,1971,9145,,186787,,,47715,313,512,0,0,0,0,0,0,0,2673,58,0
Cultus,11,1972,10660,,799934,,,30020,3,0,0,0,0,0,0,0,0,337,3,0
Cultus,11,1973,858,,1086016,,,480,189,0,0,0,0,0,0,0,0,44,0,0
Cultus,11,1974,9814,,167111,,,27251,2406,0,0,0,0,0,0,0,0,636,0,0
Cultus,11,1975,11478,,,,,122240,267,0,0,0,0,0,0,0,0,6742,0,0
Cultus,11,1976,4450,,986300,,,6109,0,0,0,0,0,0,0,0,0,14,0,0
Cultus,11,1977,353,,1219211,,,1457,0,0,0,0,0,0,0,0,0,114,0,0
Cultus,11,1978,7265,,167982,,,69111,0,1279,0,0,0,0,0,0,0,4837,18,0
Cultus,11,1979,32045,,,,,106617,1627,610,0,0,0,0,0,0,0,1662,0,0
Cultus,11,1980,1687,,,,,4639,0,0,0,0,0,0,0,0,0,186,0,0
Cultus,11,1981,1159,,,,,965,0,0,0,0,0,0,0,0,0,579,0,0
Cultus,11,1982,17222,,,,,12419,5529,0,0,0,0,0,0,0,0,883,8,0
Cultus,11,1983,19952,11490,,,,95192,711,0,0,0,0,0,0,0,0,423,0,0
Cultus,11,1984,1147,419,,,,9074,32,85,0,0,0,0,0,0,0,215,0,0
Cultus,11,1985,571,209,,,,1980,122,0,0,0,0,0,0,0,0,329,0,0
Cultus,11,1986,3533,2194,,,,10278,0,0,0,0,0,0,0,0,0,210,0,0
Cultus,11,1987,32336,16515,,,,64919,917,0,0,0,0,0,0,0,0,19,0,0
Cultus,11,1988,964,487,,,,6584,1142,0,0,0,0,0,0,0,0,99,0,0
Cultus,11,1989,568,236,,,,9729,1012,0,0,0,0,0,0,0,0,4,0,0
Cultus,11,1990,1870,1011,65184,,,22231,2336,320,0,0,0,0,0,0,0,236,0,0
Cultus,11,1991,20191,9850,52865,,,16737,618,21,0,0,0,0,0,0,0,23,0,0
Cultus,11,1992,1205,748,178357,,,1813,0,0,0,0,0,0,0,0,0,71,0,0
Cultus,11,1993,1131,571,,,,934,0,0,0,0,0,0,0,0,0,11,0,0
Cultus,11,1994,4422,2524,,,,2299,142,0,0,0,0,0,0,0,0,7,0,0
Cultus,11,1995,10349,4278,,,,14024,512,17,0,0,0,0,0,0,0,240,0,0
Cultus,11,1996,2030,421,,,,1503,0,0,0,0,0,0,0,0,0,12,0,0
Cultus,11,1997,91,36,,,,699,18,0,0,0,0,0,0,0,0,0,0,0
Cultus,11,1998,2166,644,,,,5947,78,0,0,0,0,0,0,0,0,160,0,0
Cultus,11,1999,12403,,,,,2807,36,0,0,0,0,0,0,0,0,9,0,0
Cultus,11,2000,1227,,,,,72,8,0,0,0,0,0,0,0,0,1,0,0
Cultus,11,2001,675,,62564,,,212,0,0,0,0,13,0,0,0,0,0,0,0
Cultus,11,2002,4882,2363,7557,,,5003,107,0,0,0,0,0,0,0,0,182,0,0
Cultus,11,2003,1939,662,12858,,,716,0,7,0,0,0,0,0,0,0,12,0,0
Cultus,11,2004,52,33,117005,,,1172,35,0,0,0,0,0,0,0,0,111,0,0
Cultus,11,2005,226,59,98601,,,906,0,0,0,0,0,0,0,0,0,20,0,0
Cultus,11,2006,3521,164,105692,,,19919,247,0,0,0,0,0,0,0,0,834,0,0
Cultus,11,2007,649,120,98248,,,12280,220,0,0,0,0,0,0,0,0,643,0,0
Cultus,11,2008,360,29,389158,,,1873,63,0,0,0,0,0,0,0,0,272,0,0
Cultus,11,2009,1441,123,340147,,,2524,145,0,0,0,0,0,0,0,0,73,0,0
Cultus,11,2010,10297,1008,145282,,,18630,138,0,0,0,0,0,0,0,0,1248,0,0
Cultus,11,2011,7211,359,174102,,,1594,29,0,0,0,0,7,0,0,0,33,0,0
Cultus,11,2012,892,19,318447,,,3856,131,0,0,0,0,0,0,0,0,115,0,0
Cultus,11,2013,3312,520,119500,,,709,25,0,0,0,0,0,0,0,0,222,0,0
Cultus,11,2014,4411,1388,103169,,,1411,30,0,0,0,0,0,0,0,,8,0,0
Cultus,11,2015,1220,,109949,,,51,3,0,,,0,0,0,,,0,0,0
Portage,12,1951,29,15,,,,226,0,0,0,0,0,0,0,0,0,18,0,0
Portage,12,1953,200,24,,,,394,0,0,0,0,0,0,0,0,0,0,0,0
Portage,12,1954,3379,1729,,,,35946,0,856,0,0,0,0,0,0,0,1898,0,0
Portage,12,1955,43,20,,,,4376,0,0,0,0,0,0,0,0,0,16,0,0
Portage,12,1957,452,20,,,,47,0,0,0,0,0,0,0,0,0,0,0,0
Portage,12,1958,4803,2749,,,,24738,12,0,0,0,0,0,0,0,0,895,0,0
Portage,12,1959,572,286,,,,5431,0,0,0,0,0,0,0,0,0,134,0,0
Portage,12,1961,527,12,,,,2721,0,0,0,0,0,0,0,0,0,2,0,0
Portage,12,1962,12034,6326,,,,70118,184,0,0,0,0,0,0,0,0,1878,0,0
Portage,12,1963,2011,1116,,,,56214,16,0,0,0,0,0,0,0,0,2207,0,0
Portage,12,1964,9,5,,,,571,0,11,0,0,0,0,0,0,0,42,0,0
Portage,12,1965,2108,589,,,,3308,0,0,0,0,0,0,0,0,0,155,0,0
Portage,12,1966,31844,15201,,,,30704,303,0,0,0,0,0,0,0,0,332,0,0
Portage,12,1967,4048,1983,,,,4005,114,0,0,0,0,0,0,0,0,167,0,0
Portage,12,1968,173,50,,,,1046,0,0,0,0,0,0,0,0,0,0,0,0
Portage,12,1969,1040,491,,,,30743,0,0,0,0,0,0,0,0,0,3839,0,0
Portage,12,1970,3901,2139,,,,56751,0,0,0,0,0,0,0,0,0,1317,0,0
Portage,12,1971,281,155,,,,15812,0,181,0,0,0,0,0,0,0,2050,0,0
Portage,12,1972,1460,98,,,,13156,0,0,0,0,0,0,0,0,0,2127,0,0
Portage,12,1973,4272,1688,,,,80696,0,0,0,0,0,0,0,0,0,10591,0,0
Portage,12,1974,8986,4843,,,,40703,263,0,0,0,0,0,0,0,0,1645,0,0
Portage,12,1975,3829,1631,,,,14691,235,0,0,0,0,0,0,0,0,810,17,0
Portage,12,1976,3800,753,,,,7097,0,375,0,0,0,0,0,0,0,118,0,0
Portage,12,1977,7974,3923,,,,38060,1161,0,0,0,0,0,0,0,0,768,0,0
Portage,12,1978,10230,3963,,,,99561,4769,6042,0,50,0,0,0,0,0,1315,16,0
Portage,12,1979,3663,2023,,,,51559,597,303,0,0,0,0,0,0,0,233,0,0
Portage,12,1980,1998,996,,,,11292,184,0,0,0,0,0,0,0,0,675,74,0
Portage,12,1981,6086,2951,,,,15829,676,3410,0,0,0,0,0,0,0,154,0,0
Portage,12,1982,23965,11734,,,,198075,11246,387,0,0,0,0,0,0,0,1276,0,0
Portage,12,1983,7945,4909,,,,36858,0,68,0,0,0,0,0,0,0,432,0,0
Portage,12,1984,1768,941,,,,24388,25188,472,0,0,0,0,0,0,0,517,0,0
Portage,12,1985,2083,960,,,,23668,329,669,0,0,0,0,0,0,0,1174,0,0
Portage,12,1986,14447,6213,,,,67751,3588,0,0,0,0,0,0,0,0,255,0,0
Portage,12,1987,7042,3766,,,,60858,1015,506,0,0,0,0,0,0,0,292,373,0
Portage,12,1988,1411,784,,,,15654,5040,0,0,0,0,0,0,0,0,394,8,0
Portage,12,1989,8082,5067,,,,185837,9777,3561,0,0,0,0,0,0,0,178,0,0
Portage,12,1990,18479,8415,,,,50136,834,0,0,0,0,0,0,0,0,0,0,0
Portage,12,1991,12211,7292,,,,15705,124,62,0,0,0,0,0,0,0,0,0,0
Portage,12,1992,2795,1378,,,,13925,2162,0,0,0,0,0,0,0,0,1049,0,0
Portage,12,1993,19760,9829,,,,169441,4361,1093,0,0,0,0,0,0,0,7,0,0
Portage,12,1994,9270,3890,,,,124712,2935,0,0,0,0,0,0,0,0,23,0,0
Portage,12,1995,8447,4319,,,,37059,918,2294,0,182,0,0,0,0,0,43,0,0
Portage,12,1996,3427,1759,,,,83370,1817,1090,0,0,0,0,0,0,0,234,0,0
Portage,12,1997,9774,5056,,,,40148,1033,318,0,0,0,0,0,0,0,0,0,0
Portage,12,1998,25205,11873,,,,17568,110,366,0,0,0,0,0,0,0,9,0,0
Portage,12,1999,6475,2079,,,,8262,689,115,0,0,0,0,0,0,0,12,0,0
Portage,12,2000,1269,671,,,,12743,0,0,0,0,0,0,0,0,0,86,0,0
Portage,12,2001,3159,1851,,,,18585,0,0,0,0,0,0,0,0,0,25,0,0
Portage,12,2002,14965,8001,,,,48183,0,0,0,0,0,0,0,0,0,8,0,0
Portage,12,2003,5026,3179,,,,4835,0,375,0,0,0,0,0,0,0,0,0,0
Portage,12,2004,1312,778,,,,5627,61,0,0,0,0,0,0,0,0,0,0,0
Portage,12,2005,12090,8261,,,,2520,0,0,0,0,0,0,0,0,0,0,13,0
Portage,12,2006,18882,10971,,,,171032,1269,0,0,0,307,0,0,0,0,50,0,0
Portage,12,2007,1699,849,,,,2740,94,0,0,0,0,0,0,0,0,0,0,0
Portage,12,2008,97,63,,,,94,208,156,0,0,0,0,0,0,0,0,0,0
Portage,12,2009,1836,792,,,,12139,0,0,0,0,0,0,0,0,0,0,0,0
Portage,12,2010,57870,26699,,,,83764,28,3,0,0,0,0,0,0,0,182,0,0
Portage,12,2011,1114,330,,,,51,0,0,0,0,0,0,0,0,0,0,0,0
Portage,12,2012,25,13,,,,219,0,0,0,0,0,0,0,0,0,0,0,0
Portage,12,2013,7509,4181,,,,1821,573,0,0,0,0,0,0,0,0,0,0,0
Portage,12,2014,24275,12447,,,,92721,1069,0,0,0,0,0,0,0,,67,0,0
Portage,12,2015,36,17,,,,9,39,0,,,0,0,0,,,0,0,0
Weaver,13,1966,20416,9860,,,14493445,73515,1939,0,0,0,0,0,0,0,0,660,47,0
Weaver,13,1967,22617,10618,,,7001665,77288,8421,932,0,0,0,0,0,0,0,1764,0,0
Weaver,13,1968,4516,2202,,,3584282,141825,10577,0,0,0,0,0,0,0,0,2976,18,0
Weaver,13,1969,58946,30604,,,37132204,371636,38246,0,0,0,0,0,0,0,0,3031,0,0
Weaver,13,1970,11096,5003,,,9842982,371993,4653,0,0,0,0,0,0,0,0,7393,0,0
Weaver,13,1971,5623,2656,,,5232601,139598,2345,2647,0,0,0,0,0,0,0,10694,0,0
Weaver,13,1972,26548,15026,,,19400437,331589,11114,0,0,0,0,0,0,0,0,7439,0,0
Weaver,13,1973,50173,24885,,,38817463,257812,11669,959,0,0,0,0,0,0,0,4227,0,0
Weaver,13,1974,66807,28099,,,43626833,252878,26097,0,0,0,0,0,0,0,0,5905,0,0
Weaver,13,1975,32011,16033,,,25960860,165459,1479,0,0,0,0,0,0,0,0,2922,0,0
Weaver,13,1976,51078,28243,,,57577618,271322,23704,0,0,0,0,0,0,0,0,9408,0,0
Weaver,13,1977,55145,28510,,,19858604,217049,15719,0,0,0,0,0,0,0,0,2995,0,0
Weaver,13,1978,76237,42315,,,43047369,1184905,170418,636,0,0,0,0,0,0,0,10226,0,0
Weaver,13,1979,51403,25702,,,27036303,128249,11535,0,0,0,0,0,0,0,0,1244,0,0
Weaver,13,1980,74839,43286,,,53002809,331805,29742,0,0,0,0,0,0,0,0,3167,0,0
Weaver,13,1981,43793,22627,,,27213489,206879,60505,0,0,0,0,0,0,0,0,2908,0,0
Weaver,13,1982,294543,115030,,,58644000,1275213,221670,0,0,0,0,0,0,0,0,9112,0,0
Weaver,13,1983,40267,27380,,,31375249,219473,18144,0,0,0,0,0,0,0,0,2374,0,0
Weaver,13,1984,60370,30434,,,45937000,575398,51913,972,0,0,0,0,0,0,0,7491,4,0
Weaver,13,1985,39460,22773,,,20269000,48781,19418,0,0,0,0,0,0,0,0,1101,0,0
Weaver,13,1986,111596,41837,,,21771000,39242,3417,0,0,0,0,0,0,0,0,45,13,0
Weaver,13,1987,63184,30105,,,29529000,192151,27769,0,0,0,0,0,0,0,0,798,0,0
Weaver,13,1988,49606,27428,,,22201000,334751,175848,0,0,0,0,0,0,0,0,3179,0,0
Weaver,13,1989,17199,10365,,,22493850,684087,70074,1576,0,0,405,7553,0,0,0,2243,0,0
Weaver,13,1990,16816,8530,,,18908819,600890,27875,0,0,0,0,0,0,0,0,5895,0,0
Weaver,13,1991,39216,18489,,,43786968,48888,16397,0,0,0,0,190,0,0,0,70,0,0
Weaver,13,1992,59758,28480,,,49328879,624100,128433,0,0,0,0,0,0,0,0,684,0,0
Weaver,13,1993,86151,34018,,,43666198,381020,119185,0,0,671,0,0,0,0,0,449,0,0
Weaver,13,1994,65026,30208,,,45832300,646785,69090,0,0,0,0,0,0,0,0,57,0,0
Weaver,13,1995,33441,10904,,,22742909,170376,95953,0,0,0,0,0,0,0,0,114,0,0
Weaver,13,1996,72377,26848,,,47910067,350965,32221,0,0,0,0,0,0,0,0,227,0,0
Weaver,13,1997,25523,10724,,,14003023,192696,23291,0,0,0,0,0,0,0,0,10,0,0
Weaver,13,1998,57159,29811,,,51468574,500753,65956,0,0,0,0,0,0,0,0,176,0,0
Weaver,13,1999,34838,13106,,,31548568,182595,64316,0,0,0,0,0,0,0,0,18,0,0
Weaver,13,2000,6623,2732,,,6736434,104221,9522,0,0,0,0,0,0,0,0,389,0,0
Weaver,13,2001,20091,8035,,,21280940,145865,50168,0,0,0,0,0,0,0,0,50,0,0
Weaver,13,2002,101051,36269,,,50755295,227687,14822,0,0,0,0,0,0,0,0,321,0,0
Weaver,13,2003,49877,24683,,,46799352,127468,61308,0,0,0,0,0,0,0,0,23,0,0
Weaver,13,2004,25429,13968,,,28470517,55327,55643,0,0,0,7199,2991,0,0,0,92,0,0
Weaver,13,2005,48837,23597,,,35565076,60582,4536,0,0,0,0,0,0,0,0,57,0,0
Weaver,13,2006,39804,13618,,,46388762,228119,21500,0,0,0,1317,0,0,0,0,417,0,0
Weaver,13,2007,37392,15825,,,29480572,314083,14164,0,0,0,0,935,0,0,0,1366,0,0
Weaver,13,2008,2813,617,,,1409120,16273,46948,0,0,0,0,0,0,0,0,0,0,0
Weaver,13,2009,35973,12871,,,34731201,204609,25468,0,0,0,0,0,0,0,0,6,0,8
Weaver,13,2010,61263,25328,,,44484239,113627,10889,0,0,0,0,392,0,0,0,540,0,0
Weaver,13,2011,72577,24535,,,37644762,532,21,0,0,0,0,0,0,0,0,0,0,0
Weaver,13,2012,924,397,,,466409,1020,636,0,0,0,0,14,0,0,0,18,0,0
Weaver,13,2013,36077,15535,,,35881129,62623,30421,0,21,0,7,0,0,0,0,26,0,0
Weaver,13,2014,24646,10446,,,17430166,20584,1037,0,0,0,0,0,0,0,,102,0,0
Weaver,13,2015,3032,1133,,,1805148,2571,136,0,,,0,23,0,,,0,0,0
North Barriere,14,1958,5,3,,,,0,25,2,0,0,0,0,0,0,0,0,0,0
North Barriere,14,1959,27,14,,,,1025,89,0,0,0,0,0,0,0,0,0,0,0
North Barriere,14,1963,439,248,,,,6502,32,0,0,0,0,0,0,0,0,0,0,0
North Barriere,14,1964,146,67,,,,3623,0,0,0,0,0,0,0,0,0,14,0,0
North Barriere,14,1967,920,294,,,,15201,0,0,0,0,0,0,0,0,0,0,0,0
North Barriere,14,1968,954,577,,,,14846,169,8,0,0,0,0,0,0,0,14,0,0
North Barriere,14,1969,52,22,,,,881,0,0,0,0,0,0,0,0,0,0,0,0
North Barriere,14,1970,9,5,,,,740,0,0,0,0,0,0,0,0,0,0,0,0
North Barriere,14,1971,1300,306,,,,15407,819,178,0,0,0,0,0,0,0,263,40,0
North Barriere,14,1972,1931,1030,,,,28193,205,453,0,0,0,0,0,0,0,156,0,0
North Barriere,14,1973,205,83,,,,1106,0,0,0,0,0,0,0,0,0,0,0,0
North Barriere,14,1974,243,70,,,,536,0,50,0,0,0,0,0,0,0,0,0,0
North Barriere,14,1975,4127,2181,,,,58841,2143,898,0,0,0,0,0,0,0,569,0,0
North Barriere,14,1976,4090,2373,,,,20252,1106,1339,0,0,0,0,0,0,0,64,0,0
North Barriere,14,1977,355,174,,,,7426,1704,1354,0,0,0,0,0,0,0,0,0,0
North Barriere,14,1978,675,46,,,,2230,0,0,0,1210,0,0,0,0,0,160,0,0
North Barriere,14,1979,15590,8046,,,,9084,5145,4149,0,178,0,0,0,0,0,8,0,0
North Barriere,14,1980,8437,4413,,,,34268,1702,175,0,0,0,0,0,0,0,60,0,0
North Barriere,14,1981,2113,1067,,,,2742,1205,0,0,0,0,0,0,0,0,0,0,0
North Barriere,14,1982,1139,656,,,,9104,1724,251,0,0,0,0,0,0,0,61,0,0
North Barriere,14,1983,5018,2596,,,,35855,2395,748,0,0,0,0,0,0,0,124,0,0
North Barriere,14,1984,11021,6291,,,,42781,4283,2017,0,202,0,0,0,0,0,361,0,0
North Barriere,14,1985,1620,696,,,,23647,8179,1988,0,352,0,0,0,0,0,5,0,0
North Barriere,14,1986,6120,3323,,,,33093,1113,1090,0,0,0,0,0,0,0,115,0,0
North Barriere,14,1987,16871,9212,,,,65946,10502,2166,0,0,0,0,0,0,0,36,0,0
North Barriere,14,1988,27107,13209,,,,43984,4663,2003,0,0,0,0,0,0,0,0,0,0
North Barriere,14,1989,4037,2813,,,,13765,5689,246,0,0,0,0,0,0,0,104,0,0
North Barriere,14,1990,11898,6702,,,,14471,7886,446,0,192,0,0,0,0,0,0,0,0
North Barriere,14,1991,20554,11945,,,,10613,771,3464,0,0,0,0,0,0,0,0,6,0
North Barriere,14,1992,9392,6103,,,,42702,7561,357,0,0,0,0,0,0,0,9,0,0
North Barriere,14,1993,7703,5030,,,,28621,13201,782,0,659,0,0,0,0,0,52,0,0
North Barriere,14,1994,5930,3515,,,,4865,8122,878,0,196,0,0,0,0,0,0,0,0
North Barriere,14,1995,11263,5988,,,,31391,5357,262,0,0,0,0,0,0,0,0,0,0
North Barriere,14,1996,32757,15409,,,,9409,3534,884,0,0,0,0,0,0,0,0,0,0
North Barriere,14,1997,9110,4379,,,,3670,2475,99,0,0,0,0,0,0,0,17,0,0
North Barriere,14,1998,8750,4972,,,,9255,3860,0,0,0,0,0,0,0,0,25,0,0
North Barriere,14,1999,5710,3341,,,,30308,12588,629,0,0,0,0,0,0,0,0,0,0
North Barriere,14,2000,10479,4796,,,,56019,3934,405,0,0,0,0,0,0,0,239,0,0
North Barriere,14,2001,5885,3343,,,,9545,2316,0,0,0,0,0,0,0,0,0,0,0
North Barriere,14,2002,7331,4936,,,,66869,9039,258,0,0,0,0,0,0,0,46,0,0
North Barriere,14,2003,9493,5317,,,,10416,2932,345,0,0,0,0,0,0,0,0,0,0
North Barriere,14,2004,2763,1594,,,,6985,672,16,0,0,0,0,0,0,0,6,0,0
North Barriere,14,2005,4351,2817,,,,906,627,1253,0,0,0,0,0,0,0,0,0,0
North Barriere,14,2006,11482,8278,,,,18953,11741,427,0,0,0,0,0,0,0,0,0,0
North Barriere,14,2007,11409,6900,,,,4839,379,759,0,225,0,0,0,0,0,0,0,0
North Barriere,14,2008,2270,210,,,,7874,707,0,0,0,0,0,0,0,0,0,0,0
North Barriere,14,2009,1170,715,,,,6744,1599,0,0,28,0,0,0,0,0,0,0,0
North Barriere,14,2010,10808,5564,,,,22187,1656,55,0,0,0,0,0,0,0,42,0,0
North Barriere,14,2011,9988,4498,,,,1324,214,164,0,19,0,0,0,0,0,16,0,0
North Barriere,14,2012,1967,747,,,,2087,370,0,0,0,0,0,0,0,0,0,0,0
North Barriere,14,2013,3513,1951,,,,448,361,0,0,0,0,0,0,0,0,0,0,0
North Barriere,14,2014,11467,6828,,,,6249,540,0,0,0,0,0,0,0,,11,0,0
North Barriere,14,2015,1420,946,,,,136,347,96,,,0,0,0,,,0,0,0
Scotch,15,1948,50,5,,,,51,0,0,0,0,0,0,,0,0,0,0,0
Scotch,15,1949,1764,1003,,,,6023,0,0,0,0,0,0,0,0,0,496,0,0
Scotch,15,1952,338,10,,,,35,0,0,0,0,0,0,0,0,0,0,0,0
Scotch,15,1953,1364,780,,,,9205,0,0,0,0,0,0,0,0,0,294,0,0
Scotch,15,1956,155,8,,,,0,759,193,0,0,0,0,0,0,0,0,0,0
Scotch,15,1957,2230,1213,,,,1196,0,0,0,0,0,0,0,0,0,24,0,0
Scotch,15,1961,598,295,,,,8073,0,112,0,0,0,0,0,0,0,0,0,0
Scotch,15,1962,7,1,,,,2717,0,0,0,0,0,0,0,0,0,0,0,0
Scotch,15,1965,1910,777,,,,16437,0,0,0,0,0,0,0,0,0,200,0,0
Scotch,15,1966,459,236,,,,2956,0,0,0,0,0,0,0,0,0,0,0,0
Scotch,15,1969,3395,1317,,,,33883,0,0,0,0,0,0,0,0,0,120,0,0
Scotch,15,1970,304,142,,,,2236,0,0,0,0,0,0,0,0,0,0,0,0
Scotch,15,1973,6235,2966,,,,57852,54,0,0,0,0,0,0,0,0,0,0,0
Scotch,15,1974,464,275,,,,7918,0,0,0,0,0,0,0,0,0,0,0,0
Scotch,15,1976,41,20,,,,279,0,0,0,0,0,0,0,0,0,0,0,0
Scotch,15,1977,13586,6702,,,,76206,1334,0,0,0,0,0,0,0,0,163,0,0
Scotch,15,1978,2056,1091,,,,19287,41,0,0,0,0,0,0,0,0,0,0,0
Scotch,15,1980,205,62,,,,1532,0,0,0,0,0,0,0,0,0,0,0,0
Scotch,15,1981,18952,6887,,,,25296,0,0,0,0,0,0,0,0,0,71,0,0
Scotch,15,1982,4709,2544,,,,103900,5475,30,0,0,0,0,0,0,0,192,0,0
Scotch,15,1983,239,133,,,,2382,250,0,0,0,0,0,0,0,0,0,0,0
Scotch,15,1984,428,265,,,,2613,0,0,0,0,0,0,0,0,0,12,0,0
Scotch,15,1985,3442,1436,,,,42541,0,0,0,0,0,0,0,0,0,1471,0,0
Scotch,15,1986,26624,11299,,,,250911,6148,0,0,0,0,0,0,0,0,0,0,0
Scotch,15,1987,2097,1148,,,,20633,9762,0,0,0,0,0,0,0,0,49,0,0
Scotch,15,1988,2093,723,,,,3320,0,0,0,0,0,0,0,0,0,0,0,0
Scotch,15,1989,7236,3928,,,,16150,0,0,0,0,0,0,0,0,0,578,0,0
Scotch,15,1990,83406,34411,,,,311154,4738,123,0,0,0,0,0,0,0,265,0,0
Scotch,15,1991,9954,4539,,,,22037,3644,25,0,0,0,0,0,0,0,10,0,0
Scotch,15,1992,2281,1385,,,,2104,349,0,0,0,0,0,0,0,0,1,0,0
Scotch,15,1993,8528,3259,,,,11827,0,0,0,0,0,0,0,0,0,59,0,0
Scotch,15,1994,73183,26711,,,,181988,2267,0,0,0,0,0,0,0,0,196,0,0
Scotch,15,1995,14773,7810,,,,12240,1925,0,0,0,0,0,0,0,0,11,0,0
Scotch,15,1996,4665,2205,,,,3404,744,0,0,0,0,0,0,0,0,0,0,0
Scotch,15,1997,3095,1415,,,,2249,0,0,0,0,0,0,0,0,0,4,0,0
Scotch,15,1998,35993,17001,,,,191273,2269,0,0,0,0,0,0,0,0,148,0,0
Scotch,15,1999,4093,2034,,,,15722,10701,0,0,0,0,0,0,0,0,0,0,0
Scotch,15,2000,3769,1732,,,,40512,698,0,0,0,0,0,0,0,0,2,0,0
Scotch,15,2001,2597,1336,,,,17024,0,0,0,0,0,0,0,0,0,0,0,0
Scotch,15,2002,101269,50375,,,,675243,15810,0,0,0,1161,0,0,0,0,1008,0,0
Scotch,15,2003,5091,2477,,,,1305,376,0,0,0,0,0,0,0,0,0,0,0
Scotch,15,2004,783,432,,,,3764,148,0,0,0,0,0,0,0,0,2,0,0
Scotch,15,2005,5171,2686,,,,5761,0,0,0,0,0,0,0,0,0,0,0,0
Scotch,15,2006,144199,72735,,,,1006260,22199,0,0,0,394,0,0,0,0,1098,0,0
Scotch,15,2007,8274,4758,,,,48656,1020,0,0,0,0,0,0,0,0,0,0,0
Scotch,15,2008,654,139,,,,4810,619,0,0,0,0,0,0,0,0,0,0,0
Scotch,15,2009,5770,2665,,,,45359,2170,0,0,0,0,206,0,0,0,2,8,0
Scotch,15,2010,522367,273905,,,,384092,6122,122,0,0,0,0,0,0,0,833,0,0
Scotch,15,2011,33807,12451,,,,8020,326,0,0,0,0,0,0,0,0,34,0,0
Scotch,15,2012,2007,644,,,,1989,109,0,0,0,0,0,0,0,0,0,0,0
Scotch,15,2013,24708,10957,,,,7105,0,0,0,0,0,0,0,0,0,29,0,0
Scotch,15,2014,135134,68761,,,,224384,2204,0,0,0,0,0,0,0,,799,0,0
Scotch,15,2015,6614,3535,,,,1677,68,0,,,0,0,0,,,0,0,0
Gates,16,1952,7070,4147,,,,37343,657,0,0,0,0,0,0,0,0,0,0,0
Gates,16,1953,74,29,,,,7811,0,0,0,0,0,0,0,0,0,74,0,0
Gates,16,1954,45,18,,,,418,0,280,0,0,0,0,0,0,0,0,0,0
Gates,16,1955,77,31,,,,2149,323,0,0,0,0,0,0,0,0,33,0,0
Gates,16,1956,7848,4147,,,,14244,571,623,0,0,0,0,0,0,0,552,0,0
Gates,16,1957,891,429,,,,1051,30,0,0,0,0,0,0,0,0,82,0,0
Gates,16,1958,81,31,,,,398,128,0,0,0,0,0,0,0,0,13,0,0
Gates,16,1959,868,370,,,,8846,0,469,0,0,0,0,0,0,0,1212,0,0
Gates,16,1960,5449,2772,,,,82760,183,70,0,0,0,0,0,0,0,1219,0,0
Gates,16,1961,252,120,,,,13460,71,25,0,0,0,0,0,0,0,1038,0,0
Gates,16,1962,1046,68,,,,312,0,0,0,0,0,0,0,0,0,141,0,0
Gates,16,1963,4858,1068,,,,6769,680,0,0,0,0,0,0,0,0,879,0,0
Gates,16,1964,19971,8206,,,,99530,610,0,0,0,0,0,0,0,0,4850,0,0
Gates,16,1965,1679,941,,,,2198,18,0,0,0,0,0,0,0,0,279,0,0
Gates,16,1966,592,30,,,,310,0,0,0,0,0,0,0,0,0,608,0,0
Gates,16,1967,1665,351,,,,5076,263,0,0,0,0,0,0,0,0,1585,0,0
Gates,16,1968,10289,3834,,,7645278,78371,403,0,0,0,0,0,0,0,0,3891,0,0
Gates,16,1969,881,360,,,373951,3556,168,0,0,0,0,0,0,0,0,1042,0,0
Gates,16,1970,803,14,,,24570,154,0,0,0,0,0,0,0,0,0,258,0,0
Gates,16,1971,2299,115,,,238414,7721,0,0,0,0,0,0,0,0,0,4926,0,0
Gates,16,1972,8569,3128,,,6830705,128111,322,0,0,0,0,0,0,0,0,4180,0,0
Gates,16,1973,899,351,,,931724,9447,3794,100,0,0,0,0,0,0,0,1344,0,0
Gates,16,1974,1791,37,,,83675,1413,0,0,0,0,0,0,0,0,0,1559,0,0
Gates,16,1975,4556,1246,,,2261151,15888,0,0,0,0,0,0,0,0,0,3841,27,0
Gates,16,1976,17744,8820,,,18529307,67835,2350,36,0,0,0,0,0,0,0,3009,0,0
Gates,16,1977,2889,1174,,,2140130,17045,2975,587,0,0,0,0,0,0,0,690,27,0
Gates,16,1978,2570,129,,,224667,860,198,0,0,0,0,0,0,0,0,589,0,0
Gates,16,1979,5025,1649,,,2999602,15902,0,486,0,0,0,0,0,0,0,1866,12,0
Gates,16,1980,25494,11032,,,12171402,76467,1381,272,0,0,0,0,0,0,0,1496,15,0
Gates,16,1981,4809,1907,,,4111631,14267,3085,222,0,0,0,0,0,0,0,412,143,0
Gates,16,1982,2209,439,,,1170889,5472,868,0,0,0,0,0,0,0,0,3361,0,0
Gates,16,1983,8425,3055,,,5712440,26208,348,0,0,0,0,0,0,0,0,1542,0,0
Gates,16,1984,29072,9148,,,15057000,115017,21116,0,0,0,0,0,0,0,0,1730,56,0
Gates,16,1985,5804,2032,,,3711625,114856,10766,0,0,0,0,0,0,0,0,6340,0,0
Gates,16,1986,4816,1880,,,3374763,20390,610,0,0,0,0,0,0,0,0,6349,0,0
Gates,16,1987,9822,4105,,,6042600,22546,3604,0,0,0,0,0,0,0,0,1683,0,0
Gates,16,1988,50357,17841,,,15863186,305722,4031,191,0,0,0,0,0,0,0,9599,0,0
Gates,16,1989,19672,9795,,,11720740,38792,8523,0,0,0,0,0,0,0,0,5779,0,0
Gates,16,1990,6887,3304,,,3647741,13177,1607,0,0,0,0,0,0,0,0,826,339,0
Gates,16,1991,17669,4618,,,6852237,18884,1559,0,0,0,0,0,0,0,0,1242,0,0
Gates,16,1992,46649,9224,,,20052983,175651,8143,0,0,0,0,0,0,0,0,11639,0,0
Gates,16,1993,18628,8780,,,12640476,54410,12557,0,0,0,0,0,0,0,0,557,0,0
Gates,16,1994,4358,1706,,,2672720,21039,12510,0,0,0,0,0,0,0,0,815,0,0
Gates,16,1995,17798,4533,,,2179289,20949,540,0,0,0,0,0,0,0,0,1970,0,0
Gates,16,1996,100453,14139,,,14212396,189011,8576,58,0,0,0,0,0,0,0,413,0,0
Gates,16,1997,6867,1877,,,4372805,11493,1174,0,0,0,0,0,0,0,0,742,0,0
Gates,16,1998,8725,2442,,,6091980,3841,563,0,0,0,0,0,0,0,0,408,0,0
Gates,16,1999,4507,1765,,,13942,37729,2405,0,0,0,0,0,0,0,0,2508,0,0
Gates,16,2000,89389,16571,,,15192685,87114,4264,0,0,0,0,0,0,0,0,624,0,0
Gates,16,2001,13329,4007,,,6468268,43190,6741,0,0,0,0,0,0,0,0,315,0,0
Gates,16,2002,4681,1144,,,2813077,11045,694,0,0,0,0,0,0,0,0,1262,0,0
Gates,16,2003,10435,5036,,,6058553,3861,687,0,0,0,0,0,0,0,0,213,0,0
Gates,16,2004,9921,5483,,,7769612,40513,8461,0,0,0,17,0,0,0,0,343,0,0
Gates,16,2005,16412,8851,,,6352298,14038,872,0,0,0,0,0,0,0,0,180,0,0
Gates,16,2006,3071,1456,,,1800000,24856,13639,379,0,0,0,0,0,0,0,978,0,0
Gates,16,2007,2898,1079,,,1500000,106460,1193,239,0,0,0,0,0,0,0,6665,0,0
Gates,16,2008,15018,1752,,,1957687,66801,10514,0,0,0,0,0,0,0,0,1573,0,0
Gates,16,2009,10856,5274,,,4803344,101428,16003,0,0,0,0,0,0,0,0,2695,0,0
Gates,16,2010,22431,5903,,,4908002,33061,4140,224,0,0,0,0,0,0,0,2387,0,0
Gates,16,2011,57433,26445,,,15729992,33788,547,182,0,0,0,0,0,0,0,1178,0,0
Gates,16,2012,31179,6899,,,4792393,21156,1524,0,0,0,0,0,0,0,0,2043,0,0
Gates,16,2013,57326,23053,,,15590000,8551,4598,0,0,0,0,0,0,0,0,198,0,0
Gates,16,2014,16928,8495,,,9470759,8593,1086,0,0,0,0,0,0,0,,103,0,11
Gates,16,2015,20326,9686,,,10040000,12479,850,0,,,0,0,0,,,1722,22,0
Nadina,17,1973,19442,10726,,,12122936,67467,5741,0,0,0,0,0,0,0,0,146,0,0
Nadina,17,1974,3825,2072,,,2054207,20017,0,0,0,0,0,0,0,0,0,195,0,0
Nadina,17,1975,15800,8655,,,13856068,152807,5729,0,0,0,0,0,0,0,0,340,0,0
Nadina,17,1976,1774,898,,,1961881,7247,0,0,0,0,0,0,0,0,0,27,0,0
Nadina,17,1977,18349,10085,,,14502236,125303,6574,0,0,0,0,0,0,0,0,172,0,0
Nadina,17,1978,2782,1527,,,2922985,28397,2767,0,0,0,0,0,0,0,0,83,0,0
Nadina,17,1979,57495,21272,,,22064671,83912,17456,0,0,0,0,0,0,0,0,5,0,0
Nadina,17,1980,3284,1603,,,1990553,16037,5331,0,0,0,0,0,0,0,0,4,0,0
Nadina,17,1981,19737,11363,,,17002430,73214,3530,51,0,0,0,0,0,0,0,5,0,0
Nadina,17,1982,2350,1423,,,1415393,5364,1411,0,0,0,0,0,0,0,0,0,0,0
Nadina,17,1983,28215,15945,,,19328037,138480,11219,0,0,0,0,0,0,0,0,32,0,0
Nadina,17,1984,7878,3847,,,4411584,20594,4323,0,0,0,0,0,0,0,0,0,0,0
Nadina,17,1985,13825,7731,,,6700363,41411,5442,0,0,0,0,0,0,0,0,0,0,0
Nadina,17,1986,3575,2051,,,3930768,16080,4758,0,0,0,0,0,0,0,0,0,0,0
Nadina,17,1987,38515,15643,,,19871025,170901,20119,0,0,0,0,0,0,0,0,16,0,0
Nadina,17,1988,9311,4514,,,8596634,48538,9201,0,0,0,0,0,0,0,0,0,0,0
Nadina,17,1989,5008,2707,,,1974445,15466,3412,1138,0,0,0,0,0,0,0,0,0,0
Nadina,17,1990,6047,3405,,,2345642,14995,739,0,0,0,0,0,0,0,0,0,0,0
Nadina,17,1991,61074,33387,,,18315946,47222,9005,0,0,0,0,0,0,0,0,112,0,0
Nadina,17,1992,7728,2355,,,4280488,54950,49754,0,0,0,0,0,0,0,0,9,0,0
Nadina,17,1993,9595,4797,,,2206122,51434,5268,0,0,0,0,0,0,0,0,0,0,0
Nadina,17,1994,2097,1077,,,1993407,9887,8471,0,0,0,0,0,0,0,0,0,0,0
Nadina,17,1995,24006,8452,,,1832089,65492,0,0,0,0,0,0,0,0,0,25,0,0
Nadina,17,1996,38654,18036,,,20294594,451557,95036,0,0,0,0,0,0,0,0,4,0,0
Nadina,17,1997,9499,2624,,,1536551,2444,742,0,0,0,0,0,0,0,0,0,0,0
Nadina,17,1998,3724,1983,,,3300570,3913,957,0,0,0,0,0,0,0,0,9,0,0
Nadina,17,1999,10342,5026,,,4131116,11388,0,0,0,0,0,0,0,0,0,0,0,0
Nadina,17,2000,199381,67127,,,51617915,233547,25990,0,0,0,0,0,0,0,0,0,0,0
Nadina,17,2001,54864,17886,,,17787780,48020,48105,0,9,0,0,0,0,0,0,0,0,0
Nadina,17,2002,1925,1031,,,1873759,5758,422,0,0,0,0,0,0,0,0,0,0,0
Nadina,17,2003,3163,1677,,,2242409,3370,335,0,0,0,0,0,0,0,0,0,0,0
Nadina,17,2004,22603,13773,,,16411476,200535,18897,0,0,0,0,0,0,0,0,32,0,0
Nadina,17,2005,21834,12141,,,10933782,11563,4655,0,0,0,0,0,0,0,0,0,0,0
Nadina,17,2006,8655,4487,,,7299827,43344,21571,0,0,0,0,0,0,0,0,2,0,0
Nadina,17,2007,1773,1006,,,1350722,10326,1162,0,38,0,0,0,0,0,0,0,0,0
Nadina,17,2008,65975,10236,,,12223074,85994,5141,38,0,0,0,0,0,0,0,4,0,0
Nadina,17,2009,11402,3718,,,5461032,17162,5496,0,0,0,0,0,0,0,0,0,0,0
Nadina,17,2010,26142,11892,,,19259680,143207,77794,0,0,0,38,0,0,0,0,273,0,0
Nadina,17,2011,10060,1195,,,1310693,9067,1095,0,0,0,0,0,0,0,0,0,0,0
Nadina,17,2012,30942,16766,,,16571326,42701,3651,0,0,0,0,0,0,0,0,23,0,0
Nadina,17,2013,13493,7129,,,8439341,3524,6803,0,0,0,0,0,0,0,0,0,0,0
Nadina,17,2014,61389,30742,,,26419928,406903,80635,0,0,0,0,0,0,0,,374,0,0
Nadina,17,2015,34434,9411,,,11235310,1946,2288,0,,,0,0,0,,,0,0,0
Pitt,18,1948,55380,20340,,,,26803,95917,0,0,0,0,0,,0,0,0,0,0
Pitt,18,1949,9290,4449,,,,6085,13251,1442,0,0,0,0,0,0,0,0,0,0
Pitt,18,1950,40061,13313,,,,91231,55044,0,0,0,0,0,0,0,0,62,0,0
Pitt,18,1951,37837,17922,,,,41761,78541,0,0,0,0,0,0,0,0,0,0,0
Pitt,18,1952,48899,21904,,,,39952,31890,0,0,336,0,0,0,0,0,0,0,0
Pitt,18,1953,18693,9303,,,,12688,12372,747,0,0,0,0,0,0,0,0,0,0
Pitt,18,1954,17624,8332,,,,37926,13126,0,0,0,0,0,0,0,0,42,0,0
Pitt,18,1955,17950,11221,,,,78394,85616,976,0,1946,0,0,0,0,0,5,0,0
Pitt,18,1956,32094,11107,,,,28169,38686,1900,0,1553,0,0,0,0,0,15,0,0
Pitt,18,1957,12338,5130,,,,3474,24544,1189,0,0,0,0,0,0,0,0,0,0
Pitt,18,1958,10385,6658,,,,12978,3157,0,0,388,0,0,0,0,0,12,0,0
Pitt,18,1959,15740,6096,,,,21800,39932,234,0,517,0,0,0,0,0,10,0,0
Pitt,18,1960,24510,12532,,,,5842,27406,29,0,37,0,0,0,0,0,0,0,0
Pitt,18,1961,11162,6542,,,,26282,74479,1531,0,669,0,0,0,0,0,74,0,0
Pitt,18,1962,16585,8479,,,,24085,32679,465,0,0,0,0,0,0,0,46,0,0
Pitt,18,1963,12680,5798,,,,88616,54052,199,0,0,0,0,0,0,0,68,0,0
Pitt,18,1964,13804,6320,,,,48016,142584,1250,0,176,0,0,0,0,0,68,0,0
Pitt,18,1965,6981,3387,,,,14943,24041,0,0,0,0,0,0,0,0,0,0,0
Pitt,18,1966,20867,10735,,,,24568,51336,1732,0,0,0,0,0,0,0,65,0,0
Pitt,18,1967,10300,5241,,,,24122,42747,882,0,0,0,0,0,0,0,29,0,0
Pitt,18,1968,16988,8194,,,,38212,67282,0,0,49,0,0,0,0,0,45,0,0
Pitt,18,1969,25084,11739,,,,9262,51821,0,0,0,0,0,0,0,0,0,0,0
Pitt,18,1970,6657,3123,,,,21806,32749,645,0,117,0,0,0,0,0,81,0,0
Pitt,18,1971,15469,6696,,,,91337,123848,1827,0,4236,0,0,0,0,0,462,0,0
Pitt,18,1972,13412,6575,,,,78300,44584,0,0,264,0,0,0,0,0,31,0,0
Pitt,18,1973,11928,4713,,,,11903,17262,0,0,0,0,0,0,0,0,11,0,0
Pitt,18,1974,20792,8859,,,,53388,78361,3311,0,707,0,0,0,0,0,178,0,0
Pitt,18,1975,39942,21376,,,,64180,20578,391,0,0,0,0,0,0,0,81,0,0
Pitt,18,1976,36530,19475,,,,13812,91485,0,0,250,0,0,0,0,0,41,0,0
Pitt,18,1977,13887,7798,,,,15331,18676,522,0,0,0,0,0,0,0,57,0,0
Pitt,18,1978,24835,14116,,,,10736,24013,105,0,124,0,0,0,0,0,0,0,0
Pitt,18,1979,37558,20384,,,,3770,34444,0,0,583,0,0,0,0,0,22,0,0
Pitt,18,1980,17135,9191,,,,10736,6169,0,0,0,0,0,0,0,0,8,0,0
Pitt,18,1981,25327,13301,,,,2416,31641,215,382,5616,0,0,0,0,0,0,0,0
Pitt,18,1982,8725,5090,,,,4318,13910,0,0,0,0,0,0,0,0,37,0,0
Pitt,18,1983,16858,10093,,,,11730,50301,0,0,0,0,0,0,0,0,22,0,0
Pitt,18,1984,15797,8759,,,,18612,56977,0,0,298,0,0,0,0,0,107,0,0
Pitt,18,1985,3574,2113,,,,6180,17002,0,0,0,0,0,0,0,0,26,0,0
Pitt,18,1986,29195,12305,,,,6413,33585,0,0,0,0,0,0,0,0,0,3,0
Pitt,18,1987,13662,5533,,,,7374,14591,0,387,130,0,0,0,0,0,3,0,0
Pitt,18,1988,37769,19026,,,,2587,58490,223,1189,0,0,0,0,0,0,0,0,0
Pitt,18,1989,16037,9051,,,,4944,11658,0,82,0,0,0,0,0,0,7,0,0
Pitt,18,1990,12207,6037,,,,1561,7538,0,0,0,0,0,0,0,0,18,0,0
Pitt,18,1991,22500,10867,,,,1710,32177,0,0,0,0,0,0,0,0,1,0,0
Pitt,18,1992,9135,4411,,,,29707,70846,0,0,0,0,0,0,0,0,0,0,0
Pitt,18,1993,22850,11430,,,,16103,86635,0,0,344,174,0,0,0,0,11,0,0
Pitt,18,1994,9501,4363,,,,4617,30016,0,0,375,0,0,0,0,0,81,0,0
Pitt,18,1995,5500,3185,,,,8821,44150,0,0,0,0,0,0,0,0,0,0,0
Pitt,18,1996,50086,21678,,,,21331,129612,0,1003,0,0,0,0,0,0,18,0,0
Pitt,18,1997,35830,17239,,,,12324,83927,0,0,0,0,0,0,0,0,11,0,0
Pitt,18,1998,76888,49869,,,,33437,98506,356,0,0,0,1003,0,0,0,19,0,0
Pitt,18,1999,35977,19391,,,,24538,118076,0,211,0,0,0,0,0,0,0,0,0
Pitt,18,2000,42649,18581,,,,41913,69360,0,0,0,0,0,0,0,0,15,0,0
Pitt,18,2001,131500,74627,,,,7379,47231,210,0,0,0,0,0,0,0,0,0,0
Pitt,18,2002,90280,39138,,,,24980,44165,0,0,0,0,0,0,0,0,15,0,0
Pitt,18,2003,78244,39970,,,,373,13413,0,91,91,0,0,0,0,0,0,0,0
Pitt,18,2004,60942,33786,,,,9201,30713,0,0,0,0,130,0,0,0,9,0,0
Pitt,18,2005,62062,33806,,,,1726,6610,0,148,0,65,0,0,0,0,0,0,0
Pitt,18,2006,38816,21301,,,,12711,54327,0,0,0,0,254,0,0,0,8,0,0
Pitt,18,2007,41838,19935,,,,11429,69777,0,229,229,0,0,0,0,0,0,0,0
Pitt,18,2008,16921,6348,,,,14412,65539,0,244,0,0,0,0,0,0,9,0,0
Pitt,18,2009,31042,18838,,,,9166,48293,244,0,0,0,1604,0,0,0,0,0,0
Pitt,18,2010,16818,8783,,,,18781,28122,265,0,0,458,488,0,0,0,38,0,0
Pitt,18,2011,56006,30439,,,,26531,70107,219,549,961,0,0,0,0,0,13,0,0
Pitt,18,2012,78038,41415,,,,8544,46966,0,706,0,0,0,0,2,0,0,0,0
Pitt,18,2013,59279,30166,,,,824,25443,9,67,0,0,0,0,0,0,0,0,0
Pitt,18,2014,36507,14427,,,,1664,4303,0,42,0,0,0,0,0,,0,0,0
Pitt,18,2015,38478,18985,,,,925,5376,0,,,0,66,0,,,0,0,0
Harrison,19,1948,26186,14577,,,,0,0,0,0,0,0,43283,,0,0,0,0,0
Harrison,19,1949,8000,4372,,,,0,0,0,0,0,11423,25650,0,0,0,0,0,0
Harrison,19,1950,33864,18216,,,,0,0,0,0,0,48269,29830,0,0,0,0,0,0
Harrison,19,1951,17145,13181,,,,0,0,0,0,0,103041,18078,0,0,0,0,0,903
Harrison,19,1952,25794,17215,,,,0,0,0,0,0,18421,4633,0,0,0,0,0,0
Harrison,19,1953,21328,7641,,,,0,0,0,0,0,2232,7552,0,0,0,0,0,0
Harrison,19,1954,28800,16869,,,,0,0,0,0,0,6146,8651,0,0,0,0,0,0
Harrison,19,1955,5595,3405,,,,0,0,0,0,0,60115,80836,0,0,0,0,0,87
Harrison,19,1956,2586,1266,,,,0,114,0,0,0,87258,9600,0,0,0,0,0,0
Harrison,19,1957,3812,1820,,,,401,0,0,0,0,25371,34739,0,0,0,0,0,43
Harrison,19,1958,14701,6404,,,,0,0,0,0,0,55305,4480,0,0,0,0,0,107
Harrison,19,1959,27885,17657,,,,0,0,0,0,0,10452,31079,0,0,0,0,0,14
Harrison,19,1960,17280,7076,,,,0,0,0,0,0,26094,3357,0,0,0,0,0,0
Harrison,19,1961,42778,21725,,,,0,0,0,0,0,1634,11550,0,0,0,0,0,41
Harrison,19,1962,8162,4155,,,,0,0,0,0,0,31134,19678,0,0,0,0,0,0
Harrison,19,1963,22287,9803,,,,0,0,0,0,0,50277,37548,0,0,0,0,0,0
Harrison,19,1964,2202,1101,,,,0,27,0,0,0,43883,7247,0,0,0,0,0,47
Harrison,19,1965,15034,7779,,,,87,0,0,0,0,8237,12043,0,0,0,0,0,65
Harrison,19,1966,32672,9295,,,,0,0,0,0,0,42848,12577,0,0,0,0,0,19
Harrison,19,1967,20577,12672,,,,0,0,0,0,0,21814,28976,0,0,0,0,0,145
Harrison,19,1968,5391,2854,,,,27,0,0,0,0,13492,4193,0,0,0,0,0,126
Harrison,19,1969,15006,7559,,,,0,0,0,0,0,2150,5152,0,0,0,0,0,0
Harrison,19,1970,12675,6471,,,,0,0,0,0,0,18810,20855,0,0,0,0,0,98
Harrison,19,1971,3790,1970,,,,0,0,0,0,0,61283,23176,0,0,0,0,0,0
Harrison,19,1972,1399,794,,,,0,0,0,0,0,1153,810,0,0,0,0,0,0
Harrison,19,1973,3060,1571,,,,0,0,0,0,0,32256,5425,0,0,0,0,0,0
Harrison,19,1974,16920,8709,,,,0,0,0,0,0,6133,34205,0,0,0,0,0,0
Harrison,19,1975,5987,3381,,,,0,0,0,0,0,22979,105641,0,0,0,30,0,0
Harrison,19,1976,5130,2933,,,,0,0,0,0,0,43410,1184,0,0,0,134,0,0
Harrison,19,1977,2246,1374,,,,0,0,0,0,0,16076,7982,0,0,0,0,0,0
Harrison,19,1978,19747,10488,,,,0,0,0,0,0,7016,34177,0,0,0,0,0,0
Harrison,19,1979,45706,20234,,,,0,0,0,0,0,470,10425,0,0,0,0,0,0
Harrison,19,1980,5092,2262,,,,0,0,0,0,0,13416,977,0,0,0,0,0,0
Harrison,19,1981,3193,1788,,,,0,0,0,0,0,12466,5403,0,0,0,0,0,0
Harrison,19,1982,9189,4686,,,,0,0,0,0,0,4275,24681,0,0,0,0,0,0
Harrison,19,1983,4239,2132,,,,0,0,0,0,0,7855,9995,0,0,0,69,0,0
Harrison,19,1984,1267,689,,,,0,0,0,0,0,3558,1569,0,0,0,69,0,69
Harrison,19,1985,5097,1825,,,,0,0,0,0,0,3694,10713,0,0,0,0,0,69
Harrison,19,1986,7290,4145,,,,0,0,0,0,0,5680,3927,0,0,0,0,3,0
Harrison,19,1987,5297,2686,,,,954,0,0,0,0,3300,41748,0,0,0,182,0,0
Harrison,19,1988,1544,947,,,,37,0,0,0,0,2005,1786,0,0,0,0,0,185
Harrison,19,1989,2934,1997,,,,141,0,0,0,0,489,12934,0,0,0,0,0,0
Harrison,19,1990,4615,1888,,,,3590,0,0,0,0,61732,64156,0,0,0,24,0,0
Harrison,19,1991,15000,7958,,,,0,0,0,0,0,4426,33685,0,0,0,0,0,0
Harrison,19,1992,313,172,,,,0,0,0,0,0,517,3219,0,0,0,0,0,0
Harrison,19,1993,3265,2271,,,,0,0,0,0,0,14645,4451,0,0,0,0,0,0
Harrison,19,1994,9515,6087,,,,0,0,0,0,0,286,20396,0,0,0,0,0,0
Harrison,19,1995,16760,6758,,,,0,0,0,0,0,1537,48276,0,0,0,0,0,0
Harrison,19,1996,15379,8255,,,,0,0,0,0,0,3058,4502,0,0,0,0,0,0
Harrison,19,1997,1418,1084,,,,0,0,0,0,0,10357,71883,0,0,0,0,0,0
Harrison,19,1998,4496,3012,,,,265,0,0,0,0,18160,46050,0,0,0,0,0,0
Harrison,19,1999,8577,5592,,,,0,0,0,0,0,16673,74656,0,0,0,175,0,0
Harrison,19,2000,4343,1745,,,,0,0,0,0,0,7950,3873,0,0,0,350,0,0
Harrison,19,2001,15309,8335,,,,0,0,0,0,0,53960,333007,0,0,0,0,0,0
Harrison,19,2002,41717,24384,,,,0,0,0,0,0,88078,188564,0,0,0,195,0,0
Harrison,19,2003,8609,6043,,,,807,923,0,0,0,20138,83148,0,0,0,761,0,0
Harrison,19,2004,2106,986,,,,462,0,0,0,0,107366,34850,0,0,0,0,0,0
Harrison,19,2005,388800,211547,,,,0,0,0,0,0,5770,10133,0,0,0,33,0,0
Harrison,19,2006,169020,90944,,,,0,0,0,0,0,390123,998153,0,0,0,163,0,0
Harrison,19,2007,128295,57444,,,,0,0,0,0,0,304890,1334058,0,0,0,0,0,0
Harrison,19,2008,6750,4409,,,,0,0,0,0,0,58003,118880,0,0,0,0,0,0
Harrison,19,2009,307373,100603,,,,0,0,0,0,0,25217,149629,0,0,0,0,0,21
Harrison,19,2010,761668,399661,,,,0,0,0,0,0,229787,1008896,1560,0,0,0,0,98
Harrison,19,2011,805617,387080,,,,0,0,0,0,0,47200,170604,850,0,0,0,0,30
Harrison,19,2012,71002,32895,,,,0,0,0,0,0,14564,90971,0,0,0,0,0,26
Harrison,19,2013,250117,78023,,,,0,0,0,0,0,9636,66556,106,0,0,0,0,31
Harrison,19,2014,399557,238373,,,,0,0,0,0,0,1530,38068,21,0,,0,0,0
Harrison,19,2015,115715,58297,,,,21,0,0,,,2161,3039,0,,,0,0,0
Misc. Early Shuswap,21,2004,1782,1002,,,,,408,0,0,0,,,0,0,0,,,
Misc. Early Shuswap,21,2005,2425,1058,,,,2999,256,0,0,0,,0,0,0,0,,0,
Misc. Early Shuswap,21,2006,40087,21000,,,,682205,21099,418,0,0,142,0,0,0,0,202,0,
Misc. Early Shuswap,21,2007,6545,3851,,,,12142,57,23,0,0,0,0,0,0,0,0,0,0
Misc. Early Shuswap,21,2008,2984,586,,,,1859,360,0,0,0,0,0,0,0,0,0,0,0
Misc. Early Shuswap,21,2009,2844,1552,,,,20396,1297,0,0,123,0,5,0,0,0,0,8,0
Misc. Early Shuswap,21,2010,354292,118890,,,,775186,8443,221,0,0,0,0,0,0,0,866,0,0
Misc. Early Shuswap,21,2011,16060,7381,,,,27290,96,0,0,0,0,0,0,0,0,65,0,0
Misc. Early Shuswap,21,2012,667,217,,,,388,38,0,0,0,0,0,0,0,0,0,0,0
Misc. Early Shuswap,21,2013,11603,5075,,,,2420,0,0,0,0,0,0,0,0,0,2,0,0
Misc. Early Shuswap,21,2014,256176,119591,,,,813818,2844,0,0,0,0,0,0,0,,1295,0,0
Misc. Early Shuswap,21,2015,12697,7673,,,,2316,19,0,,,0,0,0,,,0,0,0
Misc. Taseko,22,2013,213,86,,,,,504,0,0,0,,,0,0,0,,,
Misc. Taseko,22,2014,114,58,,,,504,250,0,0,0,,0,0,0,,,0,
Misc. Taseko,22,2015,980,482,,,,301,71,64,,,0,0,0,,,0,0,
Misc. Chilliwack,23,2004,40329,20387,,,,,6882,42,0,0,,,0,0,0,,,
Misc. Chilliwack,23,2005,3407,1970,,,,1140,79,0,0,0,,0,0,0,0,,0,
Misc. Chilliwack,23,2006,1097,565,,,,3570,319,53,0,0,0,0,0,0,0,0,0,
Misc. Chilliwack,23,2007,1987,1071,,,,6167,24231,0,0,0,0,0,0,0,0,20,0,0
Misc. Chilliwack,23,2008,67822,19718,,,,187794,12285,0,0,0,0,0,0,0,0,14,0,0
Misc. Chilliwack,23,2009,5587,2355,,,,5323,1723,0,0,0,0,0,0,0,0,0,0,0
Misc. Chilliwack,23,2010,2795,1501,,,,4507,1061,0,0,0,0,0,0,0,0,0,0,0
Misc. Chilliwack,23,2011,4493,2466,,,,8677,2197,146,0,0,0,0,0,0,0,0,0,0
Misc. Chilliwack,23,2012,126164,78823,,,,64442,8798,0,0,0,0,0,0,0,0,137,0,0
Misc. Chilliwack,23,2013,11705,5433,,,,992,104,0,0,0,0,0,0,0,0,0,0,0
Misc. Chilliwack,23,2014,3470,1744,,,,2780,647,0,0,0,0,0,0,0,,0,0,0
Misc. Chilliwack,23,2015,6710,2966,,,,879,1125,0,,,0,0,0,,,0,0,0
Misc. Nahatlatch,24,2003,3070,1960,,,,,,,0,28,,,,0,0,,,
Misc. Nahatlatch,24,2004,1097,584,,,,,2468,28,0,7,,,0,0,0,,,
Misc. Nahatlatch,24,2005,2178,1290,,,,664,822,7,0,212,,0,0,0,0,,0,
Misc. Nahatlatch,24,2006,1678,939,,,,7805,9177,0,0,56,28,66,0,0,0,0,4,
Misc. Nahatlatch,24,2007,3853,2021,,,,5276,1118,307,0,192,7,32,0,0,0,4,0,0
Misc. Nahatlatch,24,2008,573,151,,,,5628,2304,121,0,0,0,0,0,0,0,14,3,0
Misc. Nahatlatch,24,2009,1439,740,,,,660,5355,191,0,0,0,0,0,0,0,3,0,0
Misc. Nahatlatch,24,2010,5420,2894,,,,7822,2501,119,0,35,0,0,0,0,0,16,0,0
Misc. Nahatlatch,24,2011,6969,3455,,,,4477,3143,0,0,193,0,0,0,0,0,0,0,0
Misc. Nahatlatch,24,2012,4071,1140,,,,2007,1945,0,0,92,0,0,0,0,0,0,0,0
Misc. Nahatlatch,24,2013,2115,800,,,,1251,4603,92,0,0,0,0,0,0,0,0,0,0
Misc. Nahatlatch,24,2014,3873,2059,,,,2324,852,57,0,0,0,0,0,0,,8,0,0
Misc. Nahatlatch,24,2015,4414,1355,,,,918,1260,158,,,0,0,0,,,0,0,0
Misc. N. Thompson Main.,25,2004,851,492,,,,,4624,0,0,0,,,0,0,0,,,
Misc. N. Thompson Main.,25,2005,74543,47725,,,,32367,13367,0,0,0,,0,0,0,0,,0,
Misc. N. Thompson Main.,25,2006,21692,12490,,,,50796,79170,558,0,0,797,4456,0,0,0,0,0,
Misc. N. Thompson Main.,25,2007,16940,9886,,,,50178,27847,0,0,0,891,0,0,0,0,0,0,0
Misc. N. Thompson Main.,25,2008,3226,1008,,,,27847,6930,0,0,0,0,0,0,0,0,0,0,0
Misc. N. Thompson Main.,25,2009,3186,1731,,,,49943,35602,0,0,0,1638,0,0,0,0,0,0,0
Misc. N. Thompson Main.,25,2010,6957,3246,,,,74393,11937,0,0,0,0,0,0,0,0,100,0,0
Misc. N. Thompson Main.,25,2011,4205,2015,,,,74876,17364,0,0,0,0,0,0,0,0,63,0,0
Misc. N. Thompson Main.,25,2012,185,32,,,,7623,2668,0,0,77,0,106,0,0,0,0,0,0
Misc. N. Thompson Main.,25,2013,19024,8461,,,,12821,6869,0,0,0,0,0,0,0,0,0,0,0
Misc. N. Thompson Main.,25,2014,21602,11963,,,,9115,1283,0,0,0,0,0,0,0,,0,0,0
Misc. N. Thompson Main.,25,2015,23072,11562,,,,1218,66,0,,,0,65,0,,,0,0,0
Misc. N. Thompson Tribs.,26,2004,1113,643,,,,,1040,24,0,0,,,0,0,0,,,
Misc. N. Thompson Tribs.,26,2005,3300,2120,,,,1494,72,540,0,0,,0,0,0,0,,0,
Misc. N. Thompson Tribs.,26,2006,3834,2406,,,,3665,2137,364,0,0,0,0,0,0,0,0,0,
Misc. N. Thompson Tribs.,26,2007,1202,711,,,,1893,406,313,0,52,0,0,0,0,0,0,0,0
Misc. N. Thompson Tribs.,26,2008,653,147,,,,1462,834,0,0,0,0,0,0,0,0,0,0,0
Misc. N. Thompson Tribs.,26,2009,1811,992,,,,4241,995,0,0,0,0,0,0,0,0,0,0,0
Misc. N. Thompson Tribs.,26,2010,1087,529,,,,2853,422,1215,1,0,0,0,0,0,0,17,0,0
Misc. N. Thompson Tribs.,26,2011,724,349,,,,2653,344,3,0,20,0,0,0,0,0,1,0,0
Misc. N. Thompson Tribs.,26,2012,911,235,,,,1000,1455,0,0,0,0,0,0,0,0,0,0,0
Misc. N. Thompson Tribs.,26,2013,2524,1367,,,,966,1,0,0,0,0,0,0,0,0,0,0,0
Misc. N. Thompson Tribs.,26,2014,1170,664,,,,347,161,0,0,0,0,0,0,0,,0,0,0
Misc. N. Thompson Tribs.,26,2015,932,511,,,,123,17,0,,,0,0,0,,,0,0,0
Misc. Widgeon,27,2014,364,146,,,,0,0,0,0,0,,58,0,0,,,0,
Misc. Widgeon,27,2015,137,58,,,,0,5,0,,,170,78,5,,,0,0,
Misc. Harrison/Lillooet,28,2004,22393,10927,,,,,2558,0,0,0,,,0,0,0,,,
Misc. Harrison/Lillooet,28,2005,5550,3383,,,,6213,4241,12,0,30,,0,0,0,0,,0,
Misc. Harrison/Lillooet,28,2006,23130,11332,,,,25972,3750,120,0,0,2132,260,0,0,0,19,0,
Misc. Harrison/Lillooet,28,2007,5033,2597,,,,14958,1396,29,0,25,1626,2319,0,0,0,14,0,0
Misc. Harrison/Lillooet,28,2008,2790,950,,,,5752,3546,84,82,0,88,181,0,0,0,140,0,0
Misc. Harrison/Lillooet,28,2009,7636,4333,,,,7181,4791,0,0,0,512,290,0,0,0,92,12,5
Misc. Harrison/Lillooet,28,2010,12592,6975,,,,13007,3133,56,0,86,1655,186,0,0,0,11,0,5
Misc. Harrison/Lillooet,28,2011,17082,6507,,,,8908,1951,0,48,24,157,236,0,0,0,31,0,0
Misc. Harrison/Lillooet,28,2012,3814,1368,,,,4873,1102,0,0,0,226,104,0,0,0,0,14,2
Misc. Harrison/Lillooet,28,2013,8755,5213,,,,7275,1371,0,0,0,24,43,0,0,0,0,0,0
Misc. Harrison/Lillooet,28,2014,6044,3568,,,,1247,69,0,0,0,145,0,0,0,,0,0,0
Misc. Harrison/Lillooet,28,2015,8997,5338,,,,13,49,0,,,0,0,0,,,0,0,0
