,stock,broodyear,spawners,recruits,R3,R4,R5,R6,R7
14,Alastair,1960,7770,23532,0,187,12340,11005,0
15,Alastair,1961,29417,32500,0,740,14674,17086,0
16,Alastair,1962,22079,43080,0,880,22781,19418,0
17,Alastair,1963,19981,30878,0,1367,25891,3621,0
18,Alastair,1964,4218,9103,0,1553,4828,2722,0
19,Alastair,1965,17539,5348,0,290,3629,1429,0
20,Alastair,1966,18649,7138,0,218,1905,5015,0
21,Alastair,1967,27752,12033,0,114,6686,5232,0
22,Alastair,1968,33302,9750,0,401,6976,2372,0
23,Alastair,1969,6660,4272,0,419,3163,690,0
24,Alastair,1970,4995,4898,0,190,920,3788,0
25,Alastair,1971,2553,13980,0,55,5050,8874,0
26,Alastair,1972,8881,23720,0,303,11832,11585,0
27,Alastair,1973,8881,27442,0,710,15447,11285,0
28,Alastair,1974,3885,35173,0,927,15047,19200,0
29,Alastair,1975,1332,27640,0,903,25600,1138,0
30,Alastair,1976,6660,9400,0,1536,1517,6347,0
31,Alastair,1977,15541,15598,0,91,8463,7044,0
32,Alastair,1978,19981,14667,0,508,9392,4768,0
33,Alastair,1979,19981,12071,0,564,6357,5150,0
34,Alastair,1980,33302,20450,0,381,6867,13202,0
35,Alastair,1981,1998,23513,0,412,17602,5499,0
36,Alastair,1982,10546,17978,0,1056,7331,9591,0
37,Alastair,1983,14431,22439,0,440,12788,9211,0
38,Alastair,1984,8881,19494,0,767,12281,6445,0
39,Alastair,1985,8881,24411,0,737,8594,15080,0
40,Alastair,1986,23311,33265,0,516,20107,12642,0
41,Alastair,1987,11101,29110,0,1206,16856,11048,0
42,Alastair,1988,14431,24301,0,1011,14730,8560,0
43,Alastair,1989,16576,24786,0,884,11413,12489,0
44,Alastair,1990,11101,37035,0,685,16652,19698,0
45,Alastair,1991,24421,49801,0,999,26264,22538,0
46,Alastair,1992,17761,42862,0,1576,30050,11236,0
47,Alastair,1993,16651,19706,0,1803,14981,2921,0
48,Alastair,1994,14431,12250,0,899,3895,7456,0
49,Alastair,1995,18871,20181,0,234,9942,10005,0
50,Alastair,1996,27752,16424,0,597,13340,2487,0
51,Alastair,1997,26642,36328,0,800,3316,32211,0
52,Alastair,1998,20536,50880,0,199,42948,7733,0
53,Alastair,1999,5550,19105,0,2577,10311,6218,0
54,Alastair,2000,12087,14795,0,619,8290,5886,0
55,Alastair,2001,19630,26137,0,497,7848,17792,0
56,Alastair,2002,4346,24671,0,471,23722,478,0
57,Alastair,2003,64724,15252,0,1423,637,13192,0
58,Alastair,2004,15951,53355,0,38,17589,35727,0
59,Alastair,2005,13324,70148,0,1055,47636,21457,0
60,Alastair,2006,11489,49001,0,2858,28609,17533,0
61,Alastair,2007,35091,38582,0,1717,23378,13488,0
62,Alastair,2008,985,24672,0,1403,17983,5286,0
63,Alastair,2009,29550,18475,0,1079,7048,10348,0
64,Alastair,2010,79168,45678,0,423,13797,31459,0
65,Alastair,2011,44309,48620,0,828,41945,5848,0
66,Alastair,2012,36410,11740,0,2517,7797,1426,0
67,Alastair,2013,30504,4329,0,468,1902,1960,0
68,Alastair,2014,11609,2932,0,114,2613,205,0
69,Alastair,2015,23622,6157,0,157,274,5727,0
70,Alastair,2016,66659,18278,0,16,7636,10626,0
71,Alastair,2017,13876,14885,0,458,14168,259,NA
91,Asitka,1961,600,1362,78,443,842,0,0
94,Asitka,1964,500,1198,134,720,344,0,0
95,Asitka,1965,550,526,113,310,103,0,0
96,Asitka,1966,600,250,49,93,108,0,0
97,Asitka,1967,600,229,15,98,117,0,0
98,Asitka,1968,600,956,15,105,836,0,NA
99,Asitka,1969,350,773,17,753,3,NA,NA
117,Asitka,1987,100,1751,46,623,1082,0,NA
129,Asitka,1999,406,1421,154,742,524,0,0
130,Asitka,2000,505,785,117,472,196,0,0
131,Asitka,2001,1164,326,74,177,74,0,0
132,Asitka,2002,1116,400,28,67,305,0,0
133,Asitka,2003,1067,371,11,275,86,0,0
134,Asitka,2004,667,613,43,77,492,0,0
135,Asitka,2005,267,1325,12,444,869,0,0
136,Asitka,2006,88,1961,70,783,1108,0,0
137,Asitka,2007,293,3217,123,999,2095,0,0
138,Asitka,2008,95,2387,157,1888,342,0,0
139,Asitka,2009,780,4268,297,308,3663,0,0
140,Asitka,2010,1311,4202,49,3301,853,0,0
141,Asitka,2011,1381,2251,519,768,964,0,0
142,Asitka,2012,2860,1180,121,868,191,0,0
143,Asitka,2013,550,992,137,172,683,0,0
144,Asitka,2014,4832,1626,27,616,983,0,0
145,Asitka,2015,1257,1052,97,885,69,0,0
146,Asitka,2016,1134,1522,139,63,1321,0,0
147,Asitka,2017,329,1513,10,1190,314,0,NA
148,Asitka,2018,1124,601,187,283,132,NA,NA
161,Babine Early Wild,1960,42485,75137,22446,36945,15746,0,0
162,Babine Early Wild,1961,133007,68644,5336,32635,30673,0,0
163,Babine Early Wild,1962,21587,168279,3586,34409,130284,0,0
164,Babine Early Wild,1963,77002,269041,12767,134869,121405,0,0
165,Babine Early Wild,1964,68409,84351,4586,18992,60773,0,0
166,Babine Early Wild,1965,29888,140371,5698,88783,45890,0,0
167,Babine Early Wild,1966,31977,141270,20371,93544,27354,0,0
168,Babine Early Wild,1967,95242,129313,16753,40722,71838,0,0
169,Babine Early Wild,1968,62457,174940,1961,24502,148478,0,0
170,Babine Early Wild,1969,89905,357739,14982,161902,180855,0,0
171,Babine Early Wild,1970,82164,143923,29212,92374,22337,0,0
172,Babine Early Wild,1971,34049,113008,28489,69125,15394,0,0
173,Babine Early Wild,1972,52692,80106,8423,9126,62557,0,0
174,Babine Early Wild,1973,140253,103618,4280,54712,44627,0,0
175,Babine Early Wild,1974,109851,25614,2310,13614,9691,0,0
176,Babine Early Wild,1975,60353,140928,15311,77251,48365,0,0
177,Babine Early Wild,1976,13336,26599,2798,12743,11058,0,0
178,Babine Early Wild,1977,54679,288997,10327,85437,193233,0,0
179,Babine Early Wild,1978,32032,72810,4171,39536,29102,0,0
180,Babine Early Wild,1979,42455,37452,3852,17138,16462,0,0
181,Babine Early Wild,1980,31679,133304,8297,30404,94603,0,0
182,Babine Early Wild,1981,46466,86702,2562,49213,34926,0,0
183,Babine Early Wild,1982,93630,47445,1825,19154,26466,0,0
184,Babine Early Wild,1983,26965,51382,2673,20419,28290,0,0
185,Babine Early Wild,1984,26503,105955,12888,69363,23704,0,0
186,Babine Early Wild,1985,75649,43735,1975,12745,29016,0,0
187,Babine Early Wild,1986,26865,103359,1772,14610,86977,0,0
188,Babine Early Wild,1987,38206,99438,1544,31885,66009,0,0
189,Babine Early Wild,1988,42435,97301,14329,56243,26729,0,0
190,Babine Early Wild,1989,18412,61013,8994,14777,37242,0,0
191,Babine Early Wild,1990,21328,107316,861,13041,93414,0,0
192,Babine Early Wild,1991,58719,181679,6395,101124,74160,0,0
193,Babine Early Wild,1992,52358,356760,20463,100295,236003,0,0
194,Babine Early Wild,1993,16646,149515,1084,74496,73935,0,0
195,Babine Early Wild,1994,25124,14062,580,5201,8281,0,0
196,Babine Early Wild,1995,79679,94981,4138,68566,22277,0,0
197,Babine Early Wild,1996,60909,629521,15584,184101,429836,0,0
198,Babine Early Wild,1997,92245,64172,768,36551,26853,0,0
199,Babine Early Wild,1998,43130,97830,8328,29357,60146,0,0
200,Babine Early Wild,1999,63692,34679,799,19596,14284,0,0
201,Babine Early Wild,2000,84558,69509,5246,48974,15289,0,0
202,Babine Early Wild,2001,232802,39057,753,19354,18950,0,0
203,Babine Early Wild,2002,29324,147269,5043,54575,87651,0,0
204,Babine Early Wild,2003,55028,18000,761,5739,11500,0,0
205,Babine Early Wild,2004,39546,66928,2145,42786,21998,0,0
206,Babine Early Wild,2005,25141,18748,534,6526,11687,0,0
207,Babine Early Wild,2006,40874,74155,788,16070,57297,0,0
208,Babine Early Wild,2007,52862,138814,3561,50191,85063,0,0
209,Babine Early Wild,2008,28667,20608,1849,15373,3386,0,0
210,Babine Early Wild,2009,20503,8047,244,3312,4491,0,0
211,Babine Early Wild,2010,20455,66888,4964,24849,37075,0,0
212,Babine Early Wild,2011,64622,98817,1513,33199,64104,0,0
213,Babine Early Wild,2012,60983,46230,744,16503,28983,0,0
214,Babine Early Wild,2013,8760,2135,265,1135,734,0,0
215,Babine Early Wild,2014,20322,25974,1472,13945,7514,3042,124
216,Babine Early Wild,2015,52239,10548,107,1691,8131,619,0
217,Babine Early Wild,2016,41607,26776,732,6552,18687,804,0
218,Babine Early Wild,2017,28036,34675,197,17079,17400,0,NA
232,Babine Late Wild,1960,112920,528122,62487,270655,194980,0,0
233,Babine Late Wild,1961,467457,775612,39095,404118,332399,0,0
234,Babine Late Wild,1962,354597,1072980,44401,372894,655684,0,0
235,Babine Late Wild,1963,193636,1537616,138359,678762,720495,0,0
236,Babine Late Wild,1964,396889,422135,23078,112713,286344,0,0
237,Babine Late Wild,1965,313242,677457,33814,418318,225325,0,0
238,Babine Late Wild,1966,243131,1005183,95981,459313,449889,0,0
239,Babine Late Wild,1967,296655,1301038,82258,669741,549039,0,0
240,Babine Late Wild,1968,267415,574425,32251,187259,354915,0,0
241,Babine Late Wild,1969,345342,1255132,114501,387003,753627,0,0
242,Babine Late Wild,1970,327830,505521,69828,384923,50770,0,0
243,Babine Late Wild,1971,436876,524003,118715,157114,248174,0,0
244,Babine Late Wild,1972,309504,469660,19145,147130,303385,0,0
245,Babine Late Wild,1973,236140,443829,68995,265338,109496,0,0
246,Babine Late Wild,1974,291444,150801,11201,33402,106198,0,0
247,Babine Late Wild,1975,118485,1291170,37568,846543,407059,0,0
248,Babine Late Wild,1976,163137,173522,30663,107248,35611,0,0
249,Babine Late Wild,1977,199711,770631,86913,275141,408576,0,0
250,Babine Late Wild,1978,57402,244544,13434,83596,147515,0,0
251,Babine Late Wild,1979,357449,267691,8144,86868,172679,0,0
252,Babine Late Wild,1980,197031,1349751,42055,318917,988779,0,0
253,Babine Late Wild,1981,113332,817576,26876,514370,276330,0,0
254,Babine Late Wild,1982,159595,370993,19071,151544,200379,0,0
255,Babine Late Wild,1983,103027,369446,21148,154598,193700,0,0
256,Babine Late Wild,1984,204447,789445,97573,474929,216943,0,0
257,Babine Late Wild,1985,623637,532209,13522,116646,402041,0,0
258,Babine Late Wild,1986,167437,1138056,16216,202439,919402,0,0
259,Babine Late Wild,1987,237400,1401026,21401,337040,1042585,0,0
260,Babine Late Wild,1988,241974,2144883,151462,888339,1105083,0,0
261,Babine Late Wild,1989,132563,1036725,142061,610950,283714,0,0
262,Babine Late Wild,1990,198864,234101,35614,99350,99137,0,0
263,Babine Late Wild,1991,432582,365727,48717,107319,209692,0,0
264,Babine Late Wild,1992,582914,661265,21716,283589,355959,0,0
265,Babine Late Wild,1993,595377,314775,3065,112360,199350,0,0
266,Babine Late Wild,1994,132299,35280,875,14024,20381,0,0
267,Babine Late Wild,1995,69506,231973,11157,168756,52060,0,0
268,Babine Late Wild,1996,143305,1965568,38356,430227,1496986,0,0
269,Babine Late Wild,1997,129975,259926,1795,127297,130834,0,0
270,Babine Late Wild,1998,97880,291458,29002,143034,119422,0,0
271,Babine Late Wild,1999,155040,151930,3893,38909,109129,0,0
272,Babine Late Wild,2000,185020,485631,10416,374155,101061,0,0
273,Babine Late Wild,2001,617401,199543,5754,127931,65858,0,0
274,Babine Late Wild,2002,130726,487062,33334,189671,264058,0,0
275,Babine Late Wild,2003,99284,68282,2644,17289,48349,0,0
276,Babine Late Wild,2004,249231,291126,6462,179883,104781,0,0
277,Babine Late Wild,2005,163178,74829,2247,31086,41496,0,0
278,Babine Late Wild,2006,137660,217627,3752,57057,156818,0,0
279,Babine Late Wild,2007,100762,310126,12643,137368,160115,0,0
280,Babine Late Wild,2008,93158,49090,5061,28936,15093,0,0
281,Babine Late Wild,2009,93791,50436,459,14765,35212,0,0
282,Babine Late Wild,2010,74126,330958,22127,194841,113990,0,0
283,Babine Late Wild,2011,152998,380731,11867,102074,266791,0,0
284,Babine Late Wild,2012,112218,172403,2288,68682,101433,0,0
285,Babine Late Wild,2013,39602,18534,1105,3973,13455,0,0
286,Babine Late Wild,2014,133779,392386,5153,255627,120139,11468,217
287,Babine Late Wild,2015,140168,60734,1966,27031,30654,1083,0
288,Babine Late Wild,2016,164716,70219,11705,24699,32711,1104,0
289,Babine Late Wild,2017,84732,54516,742,29895,23879,0,NA
308,Babine Mid Wild,1960,12298,45409,17276,21781,6353,0,0
309,Babine Mid Wild,1961,33657,33571,3146,13167,17258,0,0
310,Babine Mid Wild,1962,16828,62111,1447,19361,41304,0,0
311,Babine Mid Wild,1963,56280,175926,7184,42757,125985,0,0
312,Babine Mid Wild,1964,35960,45527,1454,19709,24365,0,0
313,Babine Mid Wild,1965,11094,46101,5913,35594,4594,0,0
314,Babine Mid Wild,1966,15196,25136,8167,9365,7604,0,0
315,Babine Mid Wild,1967,24201,28929,1677,11320,15932,0,0
316,Babine Mid Wild,1968,55410,46245,545,5434,40266,0,0
317,Babine Mid Wild,1969,32575,124776,3323,43907,77547,0,0
318,Babine Mid Wild,1970,7423,58958,7922,39608,11428,0,0
319,Babine Mid Wild,1971,8381,58171,12216,35365,10590,0,0
320,Babine Mid Wild,1972,10277,31034,4309,6278,20446,0,0
321,Babine Mid Wild,1973,32179,27197,2944,17882,6371,0,0
322,Babine Mid Wild,1974,38189,8349,755,1944,5650,0,0
323,Babine Mid Wild,1975,28686,66954,2186,45040,19729,0,0
324,Babine Mid Wild,1976,8022,8785,1631,5198,1955,0,0
325,Babine Mid Wild,1977,15573,30860,4212,15107,11541,0,0
326,Babine Mid Wild,1978,3931,13630,738,2361,10531,0,0
327,Babine Mid Wild,1979,21765,12234,230,6202,5803,0,0
328,Babine Mid Wild,1980,11166,38711,3002,10717,24992,0,0
329,Babine Mid Wild,1981,7178,19508,903,13001,5604,0,0
330,Babine Mid Wild,1982,4827,15554,482,3073,11999,0,0
331,Babine Mid Wild,1983,8904,27206,429,9258,17520,0,0
332,Babine Mid Wild,1984,8065,59718,5843,42956,10919,0,0
333,Babine Mid Wild,1985,17229,19260,1223,5871,12166,0,0
334,Babine Mid Wild,1986,3874,51392,816,6126,44450,0,0
335,Babine Mid Wild,1987,15786,29242,648,16295,12300,0,0
336,Babine Mid Wild,1988,23459,56070,7323,10480,38267,0,0
337,Babine Mid Wild,1989,7701,35961,1676,21156,13129,0,0
338,Babine Mid Wild,1990,7395,14442,1233,4598,8611,0,0
339,Babine Mid Wild,1991,24980,22859,2254,9322,11283,0,0
340,Babine Mid Wild,1992,8426,112067,1886,15260,94921,0,0
341,Babine Mid Wild,1993,21962,59876,165,29962,29749,0,0
342,Babine Mid Wild,1994,7560,5213,233,2093,2887,0,0
343,Babine Mid Wild,1995,6555,31227,1665,23901,5661,0,0
344,Babine Mid Wild,1996,7975,155725,5432,46782,103511,0,0
345,Babine Mid Wild,1997,34660,33238,195,8802,24241,0,0
346,Babine Mid Wild,1998,16545,123384,2005,26502,94878,0,0
347,Babine Mid Wild,1999,22946,51590,721,30912,19957,0,0
348,Babine Mid Wild,2000,19982,95441,8275,68423,18743,0,0
349,Babine Mid Wild,2001,47818,31173,1052,23726,6395,0,0
350,Babine Mid Wild,2002,24573,50233,6182,18416,25634,0,0
351,Babine Mid Wild,2003,83151,7751,257,1678,5816,0,0
352,Babine Mid Wild,2004,51747,41610,627,21639,19343,0,0
353,Babine Mid Wild,2005,31371,9317,270,5739,3308,0,0
354,Babine Mid Wild,2006,12515,45342,693,4549,40101,0,0
355,Babine Mid Wild,2007,12595,149474,1008,35127,113339,0,0
356,Babine Mid Wild,2008,12744,24730,1294,20483,2953,0,0
357,Babine Mid Wild,2009,18341,6686,325,2888,3473,0,0
358,Babine Mid Wild,2010,6065,74400,4329,19218,50853,0,0
359,Babine Mid Wild,2011,43110,105950,1170,45537,59243,0,0
360,Babine Mid Wild,2012,82348,39293,1021,15251,23021,0,0
361,Babine Mid Wild,2013,7960,1320,245,902,173,0,0
362,Babine Mid Wild,2014,14701,30338,1169,3280,12176,13712,28
363,Babine Mid Wild,2015,68421,39560,25,2740,36654,141,0
364,Babine Mid Wild,2016,39540,35423,1186,29534,4256,447,0
365,Babine Mid Wild,2017,21094,14437,887,3889,9661,0,NA
385,Bear,1960,3808,9187,1073,4889,3225,0,0
386,Bear,1961,3288,5046,1222,1389,2435,0,0
387,Bear,1962,5020,6681,347,1049,5285,0,0
388,Bear,1963,9954,6818,262,2277,4279,0,0
389,Bear,1964,7814,5055,569,1843,2643,0,0
390,Bear,1965,2633,3830,461,1138,2231,0,0
391,Bear,1966,1307,2139,285,961,894,0,0
392,Bear,1967,2320,16792,240,385,16167,0,0
393,Bear,1968,2420,41933,96,6964,34873,0,0
394,Bear,1969,2027,38050,1741,15022,21287,0,0
395,Bear,1970,1635,15522,3756,9170,2597,0,0
396,Bear,1971,594,3731,2292,1119,320,0,0
397,Bear,1972,10400,2652,280,138,2234,0,0
398,Bear,1973,18857,5657,34,962,4660,0,0
399,Bear,1974,10553,5830,241,2007,3582,0,0
400,Bear,1975,2249,5391,502,1543,3346,0,NA
401,Bear,1976,200,3454,386,1441,1627,NA,NA
406,Bear,1981,1014,4744,90,1650,3004,0,0
409,Bear,1984,600,8840,1341,5093,2406,0,0
410,Bear,1985,2643,5932,1273,1036,3623,0,0
411,Bear,1986,2000,14691,259,1560,12872,0,0
412,Bear,1987,11217,14634,390,5545,8699,0,0
413,Bear,1988,6965,13679,1386,3747,8545,0,0
414,Bear,1989,1607,16737,937,3681,12119,0,0
415,Bear,1990,2193,26532,920,5220,20391,0,0
416,Bear,1991,7283,23393,1305,8784,13304,0,0
417,Bear,1992,4843,15763,2196,5731,7836,0,0
418,Bear,1993,5322,9707,1433,3376,4899,0,0
419,Bear,1994,7948,11243,844,2110,8289,0,0
420,Bear,1995,10573,10011,528,3571,5913,0,0
421,Bear,1996,6430,17164,893,2547,13725,0,0
422,Bear,1997,3632,6959,637,5912,410,0,0
423,Bear,1998,3729,21805,1478,176,20151,0,0
424,Bear,1999,9420,17647,44,8680,8923,0,0
425,Bear,2000,3620,7192,2170,3844,1178,0,0
426,Bear,2001,10548,3912,961,508,2443,0,0
427,Bear,2002,316,1937,127,1052,757,0,0
428,Bear,2003,19669,8509,263,326,7919,0,0
429,Bear,2004,8118,10846,82,3411,7353,0,0
430,Bear,2005,1207,9394,853,3168,5373,0,0
431,Bear,2006,2177,17531,792,2315,14424,0,0
432,Bear,2007,548,15156,579,6213,8364,0,0
433,Bear,2008,6625,11604,1553,3603,6448,0,0
434,Bear,2009,8780,21496,901,2778,17818,0,0
435,Bear,2010,6105,18637,694,7675,10267,0,0
436,Bear,2011,13532,27102,1919,4423,20760,0,0
437,Bear,2012,8600,20664,1106,8943,10615,0,0
438,Bear,2013,7803,21928,2236,4573,15119,0,0
439,Bear,2014,17701,15283,1143,6513,7627,0,0
440,Bear,2015,11403,17877,1628,3285,12963,0,0
441,Bear,2016,18402,11312,821,5584,4907,0,0
442,Bear,2017,13786,5789,1396,2114,2279,0,NA
443,Bear,2018,18721,4580,528,982,3069,NA,NA
456,Bowser,1982,31772,108850,0,35186,66705,6959,0
457,Bowser,1983,11844,91795,0,29257,28333,34205,0
458,Bowser,1984,34187,159565,0,12427,139263,7876,0
459,Bowser,1985,40453,102934,0,61080,32065,9789,0
460,Bowser,1986,39601,75429,0,14064,39854,21512,0
461,Bowser,1987,35398,122148,0,17480,87584,17084,0
462,Bowser,1988,17114,115746,0,38414,69557,7775,0
463,Bowser,1989,45911,87551,0,30507,31657,25387,0
464,Bowser,1990,17474,148164,0,13885,103361,30918,0
465,Bowser,1991,18643,212070,0,45334,125880,40856,0
466,Bowser,1992,41113,232361,0,55211,166341,10810,0
467,Bowser,1993,21504,118771,0,72957,44011,1804,0
468,Bowser,1994,18675,29702,0,19303,7343,3056,0
469,Bowser,1995,27811,19409,0,3221,12443,3746,0
470,Bowser,1996,38189,27013,0,5458,15250,6306,0
471,Bowser,1997,64351,37265,0,6689,25673,4904,0
472,Bowser,1998,31512,36128,0,11260,19965,4903,0
473,Bowser,1999,3340,31097,0,8757,19964,2376,0
474,Bowser,2000,8369,21970,0,8756,9675,3539,0
475,Bowser,2001,9524,21520,0,4243,14409,2868,0
476,Bowser,2002,16190,19780,0,6320,11678,1782,0
477,Bowser,2003,14548,14112,0,5122,7256,1734,0
478,Bowser,2004,13674,12658,0,3183,7059,2417,0
479,Bowser,2005,9337,16093,0,3096,9840,3158,0
480,Bowser,2006,12049,19070,0,4316,12856,1898,0
481,Bowser,2007,6817,15316,0,5639,7728,1950,0
482,Bowser,2008,8110,15570,0,3389,7938,4243,0
483,Bowser,2009,6646,26045,0,3482,17274,5289,0
484,Bowser,2010,12697,35726,0,7576,21534,6616,0
485,Bowser,2011,13531,38132,0,9445,26936,1751,0
486,Bowser,2012,8548,20797,0,11814,7130,1854,0
487,Bowser,2013,8025,12397,0,3127,7547,1724,0
488,Bowser,2014,20926,11667,0,3310,7018,1339,0
489,Bowser,2015,21382,9717,0,3078,5452,1187,0
490,Bowser,2016,33407,9738,0,2391,4833,2513,0
491,Bowser,2017,10656,16180,0,2120,10233,3828,0
492,Bowser,2018,11120,23440,0,4488,15584,3368,NA
513,Damdochax,1982,7270,25058,0,18181,6499,378,0
514,Damdochax,1983,798,10812,0,3466,5674,1672,0
515,Damdochax,1984,1599,28901,0,3026,25087,789,0
516,Damdochax,1985,22282,26023,0,13380,11828,815,0
517,Damdochax,1986,15196,19461,0,6308,12225,928,0
518,Damdochax,1987,3208,23375,0,6520,13912,2943,0
519,Damdochax,1988,3275,52766,0,7420,44141,1205,0
520,Damdochax,1989,7713,41990,0,23542,18078,370,0
521,Damdochax,1990,6091,15712,0,9642,5550,521,0
522,Damdochax,1991,5297,11449,0,2960,7808,681,0
523,Damdochax,1992,5976,16083,0,4164,10221,1698,0
524,Damdochax,1993,13414,31212,0,5451,25471,291,0
525,Damdochax,1994,10283,18080,0,13584,4363,133,0
526,Damdochax,1995,1546,4858,0,2327,1990,541,0
527,Damdochax,1996,2187,9274,0,1061,8110,103,0
528,Damdochax,1997,4109,6301,0,4325,1548,428,0
529,Damdochax,1998,15728,7456,0,825,6422,209,0
530,Damdochax,1999,1844,6661,0,3425,3128,108,0
531,Damdochax,2000,1303,3661,0,1668,1620,373,0
532,Damdochax,2001,4687,7084,0,864,5589,630,0
533,Damdochax,2002,944,12682,0,2981,9455,246,0
534,Damdochax,2003,4240,9027,0,5043,3686,299,0
535,Damdochax,2004,1914,6735,0,1966,4483,286,0
536,Damdochax,2005,1488,7199,0,2391,4292,516,0
537,Damdochax,2006,4439,10597,0,2289,7744,565,0
538,Damdochax,2007,4439,13012,0,4130,8469,412,0
539,Damdochax,2008,3882,11669,0,4517,6184,968,0
540,Damdochax,2009,3890,18677,0,3298,14513,865,0
541,Damdochax,2010,5251,21102,0,7740,12982,379,0
542,Damdochax,2011,7632,12896,0,6924,5692,280,0
543,Damdochax,2012,8775,7941,0,3036,4201,704,0
544,Damdochax,2013,5925,13216,0,2241,10563,412,0
545,Damdochax,2014,16528,12325,0,5634,6177,514,0
546,Damdochax,2015,12298,11699,0,3294,7716,688,0
547,Damdochax,2016,6738,15941,0,4115,10322,1503,0
548,Damdochax,2017,5997,29059,0,5505,22549,1005,0
549,Damdochax,2018,14987,28536,0,12026,15070,1440,NA
563,Fulton,1960,44721,274243,55043,116219,102981,0,0
564,Fulton,1961,218146,299730,16787,213440,69504,0,0
565,Fulton,1962,99536,347664,23451,77971,246242,0,0
566,Fulton,1963,177106,580395,28930,254908,296556,0,0
567,Fulton,1964,186458,135862,8667,46393,80802,0,0
568,Fulton,1965,176199,256119,13918,118043,124158,0,0
569,Fulton,1966,58581,544701,27084,253088,264528,0,0
570,Fulton,1967,135976,774549,45325,393798,335426,0,0
571,Fulton,1968,125287,475019,18963,114402,341653,0,0
572,Fulton,1969,105359,779204,69952,372543,336709,0,0
573,Fulton,1970,195558,431424,67218,171978,192228,0,0
574,Fulton,1971,282801,1087507,53040,594868,439599,0,0
575,Fulton,1972,209478,1091124,72489,260616,758019,0,0
576,Fulton,1973,237309,1203903,122213,662957,418733,0,0
577,Fulton,1974,139211,300917,27986,127735,145195,0,0
578,Fulton,1975,368434,1628856,143665,1157403,327788,0,0
579,Fulton,1976,288071,348593,41923,86362,220307,0,0
580,Fulton,1977,502031,3519633,69988,1702179,1747467,0,0
581,Fulton,1978,143303,1016317,83107,357535,575674,0,0
582,Fulton,1979,416887,704745,34832,338999,330914,0,0
583,Fulton,1980,121208,2086986,164120,611159,1311708,0,0
584,Fulton,1981,441066,1122027,51505,682360,388162,0,0
585,Fulton,1982,319421,490611,25299,212874,252437,0,0
586,Fulton,1983,314944,800926,29707,194763,576456,0,0
587,Fulton,1984,266911,2514619,122923,1413400,978296,0,0
588,Fulton,1985,301691,1456185,40243,526009,889933,0,0
589,Fulton,1986,165482,905089,73124,448105,383861,0,0
590,Fulton,1987,150463,658257,47371,140718,470168,0,0
591,Fulton,1988,322950,1322825,63237,400609,858980,0,0
592,Fulton,1989,328463,1575185,64064,474891,1036230,0,0
593,Fulton,1990,331533,1771018,27682,362864,1380471,0,0
594,Fulton,1991,104023,3657456,177931,1494409,1985116,0,0
595,Fulton,1992,318210,4629231,302398,2684691,1642141,0,0
596,Fulton,1993,260339,935988,29013,518350,388624,0,0
597,Fulton,1994,428141,56149,4035,27340,24774,0,0
598,Fulton,1995,393980,617684,21750,205128,390805,0,0
599,Fulton,1996,372337,5649392,46622,3229651,2373119,0,0
600,Fulton,1997,320216,540671,13475,201799,325397,0,0
601,Fulton,1998,157127,1178525,45976,355738,776810,0,0
602,Fulton,1999,203004,425574,9682,253093,162798,0,0
603,Fulton,2000,586508,818737,67752,558166,192819,0,0
604,Fulton,2001,400411,781043,8584,244086,528372,0,0
605,Fulton,2002,290370,2705222,63599,1521713,1119910,0,0
606,Fulton,2003,460680,368896,21211,73327,274358,0,0
607,Fulton,2004,445304,1384324,27408,1020752,336164,0,0
608,Fulton,2005,327460,301456,12748,99732,188976,0,0
609,Fulton,2006,461925,864606,12036,259842,592729,0,0
610,Fulton,2007,458006,1521523,57578,519212,944733,0,0
611,Fulton,2008,357801,267519,19130,170735,77654,0,0
612,Fulton,2009,317178,477998,2709,75966,399323,0,0
613,Fulton,2010,321952,3184894,113843,2209588,861463,0,0
614,Fulton,2011,347869,1674751,134572,771408,768771,0,0
615,Fulton,2012,337324,764521,17288,197911,549321,0,0
616,Fulton,2013,220714,83176,3184,21519,58474,0,0
617,Fulton,2014,425300,1611064,27906,1110890,279648,192620,3438
618,Fulton,2015,435159,603544,8542,62921,514889,17192,0
619,Fulton,2016,464118,1024243,27245,414875,519191,62931,0
620,Fulton,2017,372530,1848557,12461,474493,1361603,0,NA
640,Kitsumkalum,1960,840,4062,205,1329,2528,0,0
641,Kitsumkalum,1961,2241,4357,209,2278,1870,0,0
642,Kitsumkalum,1962,2241,5999,358,1685,3956,0,0
643,Kitsumkalum,1963,2024,5840,265,3564,2010,0,0
644,Kitsumkalum,1964,1518,4429,561,1811,2057,0,0
645,Kitsumkalum,1965,2987,3777,285,1853,1639,0,0
646,Kitsumkalum,1966,1587,4006,291,1477,2238,0,0
647,Kitsumkalum,1967,2894,8757,232,2016,6509,0,0
648,Kitsumkalum,1968,1774,13624,317,5865,7442,0,0
649,Kitsumkalum,1969,2241,16049,922,6706,8420,0,0
650,Kitsumkalum,1970,1774,11502,1055,7588,2859,0,0
651,Kitsumkalum,1971,2241,5628,1193,2577,1858,0,0
652,Kitsumkalum,1972,6348,8813,405,1675,6733,0,0
653,Kitsumkalum,1973,6348,8305,263,6068,1974,0,0
654,Kitsumkalum,1974,6348,3537,954,1779,804,0,0
655,Kitsumkalum,1975,3548,1923,280,725,918,0,0
656,Kitsumkalum,1976,1774,1628,114,828,687,0,0
657,Kitsumkalum,1977,6348,1992,130,619,1243,0,0
658,Kitsumkalum,1978,1774,1990,97,1120,772,0,0
659,Kitsumkalum,1979,784,1838,176,696,966,0,0
660,Kitsumkalum,1980,840,3176,109,871,2196,0,0
661,Kitsumkalum,1981,654,4179,137,1979,2064,0,0
662,Kitsumkalum,1982,1027,5446,311,1859,3276,0,0
663,Kitsumkalum,1983,822,6204,292,2952,2960,0,0
664,Kitsumkalum,1984,1064,6904,464,2667,3773,0,0
665,Kitsumkalum,1985,2127,10836,419,3400,7017,0,0
666,Kitsumkalum,1986,2127,14532,535,6323,7674,0,0
667,Kitsumkalum,1987,4254,29257,994,6915,21347,0,0
668,Kitsumkalum,1988,2553,37299,1088,19236,16975,0,0
669,Kitsumkalum,1989,3829,44614,3025,15297,26292,0,0
670,Kitsumkalum,1990,6381,53148,2406,23692,27050,0,0
671,Kitsumkalum,1991,6381,39314,3726,24375,11212,0,0
672,Kitsumkalum,1992,17017,36058,3834,10103,22120,0,0
673,Kitsumkalum,1993,14890,35401,1589,19933,13879,0,0
674,Kitsumkalum,1994,23398,27820,3135,12507,12178,0,0
675,Kitsumkalum,1995,20739,36500,1967,10974,23559,0,0
676,Kitsumkalum,1996,8083,40566,1726,21230,17610,0,0
677,Kitsumkalum,1997,15528,42054,3339,15869,22846,0,0
678,Kitsumkalum,1998,16591,57757,2496,20587,34674,0,0
679,Kitsumkalum,1999,20411,52301,3238,31246,17817,0,0
680,Kitsumkalum,2000,24232,31176,4914,16056,10206,0,0
681,Kitsumkalum,2001,19614,25648,2525,9197,13926,0,0
682,Kitsumkalum,2002,26801,30280,1446,12549,16284,0,0
683,Kitsumkalum,2003,48643,33612,1974,14674,16965,0,0
684,Kitsumkalum,2004,24328,32464,2308,15287,14869,0,0
685,Kitsumkalum,2005,16100,47414,2404,13399,31611,0,0
686,Kitsumkalum,2006,18745,54674,2107,28485,24081,0,0
687,Kitsumkalum,2007,16885,53379,4480,21700,27199,0,0
688,Kitsumkalum,2008,21452,46346,3413,24510,18424,0,0
689,Kitsumkalum,2009,25405,39059,3855,16602,18602,0,0
690,Kitsumkalum,2010,54028,33641,2611,16763,14267,0,0
691,Kitsumkalum,2011,33468,31950,2636,12856,16457,0,0
692,Kitsumkalum,2012,40981,31896,2022,14830,15044,0,0
693,Kitsumkalum,2013,33816,37576,2332,13556,21687,0,0
694,Kitsumkalum,2014,26651,38432,2132,19543,16757,0,0
695,Kitsumkalum,2015,23007,26030,3074,15100,7856,0,0
696,Kitsumkalum,2016,22333,22556,2375,7079,13102,0,0
697,Kitsumkalum,2017,27089,39138,1113,11807,26218,0,NA
698,Kitsumkalum,2018,37597,38989,1857,23626,13507,NA,NA
717,Kitwanga,1960,800,899,0,754,144,0,0
718,Kitwanga,1961,400,1400,0,1295,105,0,0
719,Kitwanga,1962,400,1072,0,938,134,0,NA
720,Kitwanga,1963,400,1301,0,1201,100,NA,NA
757,Kitwanga,2000,231,1993,0,1866,127,0,0
758,Kitwanga,2001,221,1958,0,1143,816,0,0
759,Kitwanga,2002,978,7371,0,7320,51,0,0
760,Kitwanga,2003,3377,669,0,462,207,0,0
761,Kitwanga,2004,1317,2235,0,1857,379,0,0
762,Kitwanga,2005,937,6023,0,3396,2627,0,0
763,Kitwanga,2006,5139,23934,0,23567,366,0,0
764,Kitwanga,2007,245,4067,0,3288,779,0,0
765,Kitwanga,2008,1200,7090,0,6993,98,0,0
766,Kitwanga,2009,3047,2933,0,877,2056,0,0
767,Kitwanga,2010,20804,19061,0,18446,615,0,0
768,Kitwanga,2011,2366,5699,0,5521,178,0,0
769,Kitwanga,2012,5476,1640,0,1598,42,0,0
770,Kitwanga,2013,828,547,0,373,174,0,0
771,Kitwanga,2014,13699,1582,0,1564,18,0,0
772,Kitwanga,2015,4636,218,0,164,54,0,0
773,Kitwanga,2016,1100,533,0,481,52,0,0
774,Kitwanga,2017,357,669,0,466,203,0,NA
775,Kitwanga,2018,1434,1984,0,1821,163,NA,NA
788,Kwinageese,1982,23752,31547,0,4494,25708,1345,0
789,Kwinageese,1983,2786,5911,0,530,5381,0,0
790,Kwinageese,1984,8530,9693,0,2242,6985,465,0
791,Kwinageese,1985,21014,113509,0,70631,42788,90,0
792,Kwinageese,1986,34691,12508,0,3256,7476,1776,0
793,Kwinageese,1987,11376,15371,0,1441,12432,1497,0
794,Kwinageese,1988,3755,5519,0,1776,3743,0,0
795,Kwinageese,1989,22213,82715,161,69624,12803,127,0
796,Kwinageese,1990,19104,2657,0,1266,1336,56,0
797,Kwinageese,1991,3291,7727,0,4834,2893,0,0
798,Kwinageese,1992,5414,8673,0,2615,5935,123,0
799,Kwinageese,1993,15963,54655,0,39721,9838,5097,0
800,Kwinageese,1994,4968,12183,0,2459,9628,96,0
801,Kwinageese,1995,1091,43305,0,41342,1791,172,0
802,Kwinageese,1996,1199,3317,0,501,1980,836,0
803,Kwinageese,1997,10041,20872,0,6457,13272,1143,0
804,Kwinageese,1998,6216,33117,0,14819,18160,138,0
805,Kwinageese,1999,16848,23318,409,20276,2199,434,0
806,Kwinageese,2000,932,10511,560,2455,6888,609,0
807,Kwinageese,2001,3766,18060,68,7690,9671,631,0
808,Kwinageese,2002,10109,21416,212,10798,10023,382,0
809,Kwinageese,2003,16376,18133,298,11191,6074,570,0
810,Kwinageese,2004,2034,16520,309,6782,9048,380,0
811,Kwinageese,2005,8578,16992,187,10103,6040,661,0
812,Kwinageese,2006,10055,17527,279,6744,10504,0,0
813,Kwinageese,2007,10277,18266,186,11728,6323,28,0
814,Kwinageese,2008,9230,3777,324,2976,447,31,0
815,Kwinageese,2009,10986,1699,0,499,494,706,0
816,Kwinageese,2010,10491,13145,14,552,11212,1367,0
817,Kwinageese,2011,14174,34663,15,12518,21717,412,0
818,Kwinageese,2012,6243,31157,345,24248,6544,19,0
819,Kwinageese,2013,601,8793,669,7307,295,522,0
820,Kwinageese,2014,802,8973,202,330,8284,157,0
821,Kwinageese,2015,14399,12126,9,9249,2500,368,0
822,Kwinageese,2016,34801,9109,255,2791,5839,223,0
823,Kwinageese,2017,12894,10507,77,6520,3545,365,0
824,Kwinageese,2018,575,10183,180,3958,5805,240,NA
844,Lakelse,1960,11348,94936,0,20859,74077,0,0
845,Lakelse,1961,14879,70405,0,33524,36881,0,0
846,Lakelse,1962,17333,44869,0,16691,28179,0,0
847,Lakelse,1963,19922,35591,0,12752,22839,0,0
848,Lakelse,1964,52421,22633,0,10336,12297,0,0
849,Lakelse,1965,87763,15422,0,5565,9857,0,0
850,Lakelse,1966,39873,10274,0,4461,5813,0,0
851,Lakelse,1967,29440,7803,0,2631,5172,0,0
852,Lakelse,1968,24933,5977,0,2341,3637,0,0
853,Lakelse,1969,14216,6637,0,1646,4991,0,0
854,Lakelse,1970,11373,6985,0,2259,4727,0,0
855,Lakelse,1971,6561,8028,0,2139,5889,0,0
856,Lakelse,1972,5796,7244,0,2665,4579,0,0
857,Lakelse,1973,3937,12841,0,2072,10769,0,0
858,Lakelse,1974,5249,16000,0,4873,11127,0,0
859,Lakelse,1975,5686,31755,0,5035,26719,0,0
860,Lakelse,1976,6561,26435,0,12092,14343,0,0
861,Lakelse,1977,5085,33169,0,6491,26678,0,0
862,Lakelse,1978,11810,26777,0,12073,14704,0,0
863,Lakelse,1979,12466,14431,0,6654,7777,0,0
864,Lakelse,1980,29438,38864,0,3519,35344,0,0
865,Lakelse,1981,15966,24073,0,15995,8078,0,0
866,Lakelse,1982,30110,7853,0,3656,4197,0,0
867,Lakelse,1983,19246,13192,0,1900,11292,0,0
868,Lakelse,1984,9514,12147,0,5110,7036,0,0
869,Lakelse,1985,36306,5721,0,3184,2537,0,0
870,Lakelse,1986,8967,14166,0,1148,13018,0,0
871,Lakelse,1987,5304,17935,0,5891,12044,0,0
872,Lakelse,1988,10443,20688,0,5451,15237,0,0
873,Lakelse,1989,7677,9908,0,6896,3013,0,0
874,Lakelse,1990,2690,30081,0,1363,28718,0,0
875,Lakelse,1991,13451,39989,0,12996,26992,0,0
876,Lakelse,1992,10389,17021,0,12216,4805,0,0
877,Lakelse,1993,13669,7025,0,2175,4851,0,0
878,Lakelse,1994,3117,10503,0,2195,8307,0,0
879,Lakelse,1995,27448,13534,0,3759,9775,0,0
880,Lakelse,1996,23675,13373,0,4424,8950,0,0
881,Lakelse,1997,3445,10295,0,4050,6245,0,0
882,Lakelse,1998,5318,5109,0,2826,2283,0,0
883,Lakelse,1999,9931,5240,0,1033,4207,0,0
884,Lakelse,2000,10445,8404,0,1904,6500,0,0
885,Lakelse,2001,10960,5144,0,2942,2203,0,0
886,Lakelse,2002,6871,5949,0,997,4952,0,0
887,Lakelse,2003,2783,7846,0,2241,5605,0,0
888,Lakelse,2004,5168,10279,0,2536,7743,0,0
889,Lakelse,2005,8280,19244,0,3504,15740,0,0
890,Lakelse,2006,2530,25964,0,7123,18841,0,0
891,Lakelse,2007,6125,29949,0,8527,21422,0,0
892,Lakelse,2008,7413,29195,0,9695,19500,0,0
893,Lakelse,2009,10305,24081,0,8825,15256,0,0
894,Lakelse,2010,20750,27730,0,6904,20826,0,0
895,Lakelse,2011,23810,32793,0,9425,23368,0,0
896,Lakelse,2012,27594,19301,0,10575,8725,0,0
897,Lakelse,2013,26462,11788,0,3949,7840,0,0
898,Lakelse,2014,20508,15641,0,3548,12093,0,0
899,Lakelse,2015,28528,6366,0,5473,894,0,0
900,Lakelse,2016,29723,8299,0,404,7894,0,0
901,Lakelse,2017,12523,17370,0,3572,13797,0,NA
902,Lakelse,2018,10958,20418,0,6244,14174,NA,NA
915,Lower Nass Sea & River Type,1982,1630,6695,4997,1698,0,0,0
916,Lower Nass Sea & River Type,1983,3167,2548,1111,1437,0,0,0
917,Lower Nass Sea & River Type,1984,10120,2589,940,1648,0,0,0
918,Lower Nass Sea & River Type,1985,9491,4124,1079,3045,0,0,0
919,Lower Nass Sea & River Type,1986,2035,2823,1993,829,0,0,0
920,Lower Nass Sea & River Type,1987,1804,1396,543,853,0,0,0
921,Lower Nass Sea & River Type,1988,1801,1034,558,476,0,0,0
922,Lower Nass Sea & River Type,1989,3033,1291,312,979,0,0,0
923,Lower Nass Sea & River Type,1990,935,3591,641,2950,0,0,0
924,Lower Nass Sea & River Type,1991,928,15924,9605,6320,0,0,0
925,Lower Nass Sea & River Type,1992,447,4234,829,3405,0,0,0
926,Lower Nass Sea & River Type,1993,658,25942,1857,24084,0,0,0
927,Lower Nass Sea & River Type,1994,6213,8287,1703,6584,0,0,0
928,Lower Nass Sea & River Type,1995,3161,18533,7982,10551,0,0,0
929,Lower Nass Sea & River Type,1996,2051,5744,3592,2152,0,0,0
930,Lower Nass Sea & River Type,1997,9887,11242,2506,8736,0,0,0
931,Lower Nass Sea & River Type,1998,7204,814,479,335,0,0,0
932,Lower Nass Sea & River Type,1999,4931,13189,1230,11959,0,0,0
933,Lower Nass Sea & River Type,2000,2641,7348,3633,3715,0,0,0
934,Lower Nass Sea & River Type,2001,4428,9795,3101,6694,0,0,0
935,Lower Nass Sea & River Type,2002,653,10115,7281,2834,0,0,0
936,Lower Nass Sea & River Type,2003,4806,25521,4252,21269,0,0,0
937,Lower Nass Sea & River Type,2004,2527,14429,9556,4874,0,0,0
938,Lower Nass Sea & River Type,2005,6717,21798,6823,14975,0,0,0
939,Lower Nass Sea & River Type,2006,2917,10512,7612,2900,0,0,0
940,Lower Nass Sea & River Type,2007,15226,44340,4251,40089,0,0,0
941,Lower Nass Sea & River Type,2008,9469,27773,12939,14834,0,0,0
942,Lower Nass Sea & River Type,2009,13574,34372,11561,22811,0,0,0
943,Lower Nass Sea & River Type,2010,4719,8492,5899,2593,0,0,0
944,Lower Nass Sea & River Type,2011,32568,90141,30227,59913,0,0,0
945,Lower Nass Sea & River Type,2012,14858,47201,26046,21155,0,0,0
946,Lower Nass Sea & River Type,2013,17064,15078,7944,7134,0,0,0
947,Lower Nass Sea & River Type,2014,19120,28750,12683,15264,0,803,0
948,Lower Nass Sea & River Type,2015,62630,96314,33976,59223,2409,706,0
949,Lower Nass Sea & River Type,2016,23084,26228,15085,10437,706,0,0
950,Lower Nass Sea & River Type,2017,14322,13786,5620,6358,1808,0,0
951,Lower Nass Sea & River Type,2018,44178,17915,7064,10850,0,0,NA
971,Mcdonell,1960,1500,4809,139,647,4023,0,0
972,Mcdonell,1961,1500,9987,102,3625,6260,0,0
973,Mcdonell,1962,1000,6544,570,5641,332,0,0
974,Mcdonell,1963,1600,5034,887,300,3847,0,0
975,Mcdonell,1964,1000,4871,47,3467,1357,0,0
976,Mcdonell,1965,6000,3870,545,1223,2101,0,0
977,Mcdonell,1966,8000,3976,192,1894,1890,0,0
978,Mcdonell,1967,400,2884,298,1703,883,0,0
979,Mcdonell,1968,5000,4186,268,796,3123,0,0
980,Mcdonell,1969,1944,5897,125,2814,2957,0,0
981,Mcdonell,1970,3000,3238,443,2665,131,0,0
982,Mcdonell,1971,2600,1006,419,118,469,0,0
983,Mcdonell,1972,1200,1338,19,423,897,0,0
984,Mcdonell,1973,4000,6981,67,808,6107,0,0
985,Mcdonell,1974,3600,7249,127,5503,1619,0,0
986,Mcdonell,1975,200,2536,865,1459,212,0,0
987,Mcdonell,1976,700,2653,229,191,2232,0,0
988,Mcdonell,1977,1200,3636,30,2012,1595,0,0
989,Mcdonell,1978,8000,7698,316,1437,5944,0,0
990,Mcdonell,1979,2200,6209,226,5356,627,0,0
991,Mcdonell,1980,280,2439,842,565,1032,0,0
992,Mcdonell,1981,3000,5357,89,930,4338,0,0
993,Mcdonell,1982,2000,7749,146,3910,3693,0,0
994,Mcdonell,1983,10000,7663,615,3328,3720,0,0
995,Mcdonell,1984,1000,6301,523,3352,2426,0,0
996,Mcdonell,1985,1200,4921,527,2186,2208,0,0
997,Mcdonell,1986,6000,3297,344,1989,964,0,0
998,Mcdonell,1987,6000,10418,313,869,9236,0,NA
999,Mcdonell,1988,4000,23421,137,8323,14962,NA,NA
1013,Mcdonell,2002,7072,6640,482,3774,2384,0,0
1014,Mcdonell,2003,9106,2921,594,2148,180,0,0
1015,Mcdonell,2004,6000,2511,338,162,2012,0,0
1016,Mcdonell,2005,5887,3931,25,1813,2093,0,0
1017,Mcdonell,2006,5479,4373,285,1886,2202,0,0
1018,Mcdonell,2007,3901,4528,297,1984,2248,0,0
1019,Mcdonell,2008,327,4090,312,2026,1753,0,0
1020,Mcdonell,2009,3736,4265,319,1579,2367,0,0
1021,Mcdonell,2010,3836,10036,248,2133,7654,0,0
1022,Mcdonell,2011,3719,12558,336,6897,5325,0,0
1023,Mcdonell,2012,3940,9413,1085,4799,3529,0,0
1024,Mcdonell,2013,3320,5676,755,3181,1741,0,0
1025,Mcdonell,2014,4220,4283,500,1569,2214,0,0
1026,Mcdonell,2015,14568,2375,247,1995,133,0,0
1027,Mcdonell,2016,8924,3306,314,120,2873,0,0
1028,Mcdonell,2017,7097,5168,19,2589,2560,0,NA
1029,Mcdonell,2018,3417,5889,407,2307,3175,NA,NA
1049,Meziadin,1982,307730,360727,0,41181,302976,16570,0
1050,Meziadin,1983,215756,421792,0,61414,271748,88629,0
1051,Meziadin,1984,188209,184643,0,43082,97720,43842,0
1052,Meziadin,1985,354391,330314,0,40906,229326,60082,0
1053,Meziadin,1986,167205,573491,0,64076,403407,106008,0
1054,Meziadin,1987,198493,1409726,0,394824,883398,131505,0
1055,Meziadin,1988,163639,1977142,0,777390,1127186,72566,0
1056,Meziadin,1989,79671,1239216,0,619953,551498,67766,0
1057,Meziadin,1990,161229,566792,0,101592,416275,48926,0
1058,Meziadin,1991,352498,1293267,0,484040,709420,99807,0
1059,Meziadin,1992,676894,438808,0,57080,330611,51117,0
1060,Meziadin,1993,520720,618375,0,187138,386218,45020,0
1061,Meziadin,1994,303295,765219,0,124953,480210,160057,0
1062,Meziadin,1995,269398,697124,0,232602,296402,168121,0
1063,Meziadin,1996,207881,386197,0,136345,210151,39701,0
1064,Meziadin,1997,198194,950659,0,147106,674921,128632,0
1065,Meziadin,1998,243463,1373214,0,608752,718194,46267,0
1066,Meziadin,1999,228451,927611,0,225106,610720,91785,0
1067,Meziadin,2000,286401,857398,0,259093,416093,182211,0
1068,Meziadin,2001,223866,629452,0,104023,392455,132973,0
1069,Meziadin,2002,523659,512634,0,126146,352890,33598,0
1070,Meziadin,2003,366973,313736,0,25572,221744,66421,0
1071,Meziadin,2004,340463,492507,0,80634,388305,23568,0
1072,Meziadin,2005,318401,363306,0,56202,267105,39999,0
1073,Meziadin,2006,314610,425624,0,94272,257771,73581,0
1074,Meziadin,2007,182650,460921,11784,142219,253445,53474,0
1075,Meziadin,2008,242065,365787,4444,65405,236175,59762,0
1076,Meziadin,2009,286650,535923,20439,147053,243644,124787,0
1077,Meziadin,2010,272240,450826,8912,114926,284237,42750,0
1078,Meziadin,2011,281957,570981,41374,277304,189323,62980,0
1079,Meziadin,2012,247365,237760,6933,64126,148003,18699,0
1080,Meziadin,2013,261242,211083,12214,81874,88819,28176,0
1081,Meziadin,2014,297384,219321,22043,102843,84528,9907,0
1082,Meziadin,2015,449075,300294,23374,115265,138699,22956,0
1083,Meziadin,2016,235614,281780,28176,81733,143223,28647,0
1084,Meziadin,2017,252415,450858,17337,167602,198350,67569,0
1085,Meziadin,2018,206211,837369,114579,258758,386928,77104,NA
1105,Morice,1960,4020,21776,0,939,15320,5517,0
1106,Morice,1961,5742,20227,0,1556,14711,3960,0
1107,Morice,1962,3445,14654,0,1494,10561,2599,0
1108,Morice,1963,1148,10120,0,1073,6931,2116,0
1109,Morice,1964,5742,12427,0,704,5642,6082,0
1110,Morice,1965,11485,21548,0,573,16217,4758,0
1111,Morice,1966,6891,17029,0,1647,12688,2694,0
1112,Morice,1967,3905,10297,0,1289,7185,1824,0
1113,Morice,1968,3445,8254,0,730,4864,2660,0
1114,Morice,1969,3790,7830,0,494,7094,242,0
1115,Morice,1970,10796,1521,0,720,646,154,0
1116,Morice,1971,7580,1421,0,66,412,943,0
1117,Morice,1972,4135,3400,0,42,2515,843,0
1118,Morice,1973,2297,3553,0,255,2249,1049,0
1119,Morice,1974,2756,3681,0,228,2796,657,0
1120,Morice,1975,517,3587,0,284,1752,1551,0
1121,Morice,1976,230,9449,0,178,4136,5135,0
1122,Morice,1977,1378,19791,0,420,13694,5677,0
1123,Morice,1978,1148,21002,0,1391,15139,4472,0
1124,Morice,1979,1608,16251,0,1538,11926,2787,0
1125,Morice,1980,919,13020,0,1211,7433,4376,0
1126,Morice,1981,2297,16710,0,755,11669,4286,0
1127,Morice,1982,6891,14389,0,1185,11430,1774,0
1128,Morice,1983,9188,12548,0,1161,4732,6655,0
1129,Morice,1984,6891,22857,0,481,17746,4630,0
1130,Morice,1985,4594,42673,0,1802,12346,28524,0
1131,Morice,1986,6891,100089,0,1254,76065,22770,0
1132,Morice,1987,9188,84464,0,7725,60720,16018,0
1133,Morice,1988,2297,67915,0,6167,42714,19034,0
1134,Morice,1989,12863,88538,0,4338,50757,33443,0
1135,Morice,1990,6891,128160,0,5155,89182,33823,0
1136,Morice,1991,45939,126054,0,9058,90196,26801,0
1137,Morice,1992,31009,84612,0,9161,71469,3982,0
1138,Morice,1993,25267,23799,0,7259,10619,5922,0
1139,Morice,1994,32732,18884,0,1079,15791,2014,0
1140,Morice,1995,40197,11505,0,1604,5372,4530,0
1141,Morice,1996,47088,14630,0,546,12079,2006,0
1142,Morice,1997,27564,12107,0,1227,5349,5532,0
1143,Morice,1998,6891,19360,0,543,14752,4065,0
1144,Morice,1999,17227,16111,0,1498,10841,3772,0
1145,Morice,2000,3445,16623,0,1101,10058,5464,0
1146,Morice,2001,11098,27440,0,1022,14571,11847,0
1147,Morice,2002,4384,38072,0,1480,31592,5000,0
1148,Morice,2003,15395,23181,0,3209,13332,6640,0
1149,Morice,2004,11399,22512,0,1354,17706,3452,0
1150,Morice,2005,11301,13158,0,1798,9204,2156,0
1151,Morice,2006,13151,8664,0,935,5748,1981,0
1152,Morice,2007,30773,8184,0,584,5282,2319,0
1153,Morice,2008,12564,10994,0,536,6183,4275,0
1154,Morice,2009,21038,18962,0,628,11399,6934,0
1155,Morice,2010,10584,27405,0,1158,18492,7756,0
1156,Morice,2011,6091,26855,0,1878,20682,4295,0
1157,Morice,2012,5663,18022,0,2101,11452,4469,0
1158,Morice,2013,7079,20076,0,1163,11918,6995,0
1159,Morice,2014,13129,25263,0,1210,18655,5398,0
1160,Morice,2015,21520,38026,0,1895,14394,21737,0
1161,Morice,2016,20240,64453,0,1462,57965,5026,0
1162,Morice,2017,15953,25573,0,5887,13402,6284,NA
1182,Motase,1970,1600,5706,1328,4318,60,NA,NA
1199,Motase,1987,1500,1194,12,407,776,0,NA
1200,Motase,1988,100,1276,64,699,513,NA,NA
1205,Motase,1993,400,875,23,329,523,0,0
1208,Motase,1996,100,1384,64,818,502,0,0
1209,Motase,1997,220,753,129,453,172,0,0
1210,Motase,1998,500,1863,71,155,1637,0,0
1211,Motase,1999,666,1942,24,1475,442,0,0
1212,Motase,2000,726,831,232,399,201,0,0
1213,Motase,2001,457,363,63,181,120,0,0
1214,Motase,2002,171,493,28,108,357,0,0
1215,Motase,2003,2059,408,17,322,70,0,0
1216,Motase,2004,498,292,51,63,179,0,0
1217,Motase,2005,269,539,10,161,368,0,NA
1218,Motase,2006,143,1136,25,332,779,NA,NA
1223,Motase,2011,911,732,71,180,481,0,0
1226,Motase,2014,609,1072,35,174,864,0,0
1227,Motase,2015,278,871,27,778,65,0,0
1228,Motase,2016,538,461,122,59,280,0,0
1229,Motase,2017,419,476,9,252,215,0,NA
1230,Motase,2018,301,249,40,193,16,NA,NA
1243,Pinkut,1960,33541,101972,18868,66438,16666,0,0
1244,Pinkut,1961,58588,65513,9597,34543,21373,0,0
1245,Pinkut,1962,37326,73333,3795,23977,45560,0,0
1246,Pinkut,1963,63955,100916,8897,47164,44855,0,0
1247,Pinkut,1964,119866,38729,1604,7017,30108,0,0
1248,Pinkut,1965,31037,62657,2105,43984,16567,0,0
1249,Pinkut,1966,21463,69002,10092,33772,25138,0,0
1250,Pinkut,1967,31742,147197,6048,37423,103726,0,0
1251,Pinkut,1968,22284,158461,1802,35377,121281,0,0
1252,Pinkut,1969,43526,340653,21632,132247,186774,0,0
1253,Pinkut,1970,28978,166471,23861,95397,47213,0,0
1254,Pinkut,1971,30443,242245,29422,146105,66718,0,0
1255,Pinkut,1972,73911,174984,17804,39554,117627,0,0
1256,Pinkut,1973,100183,191315,18548,102875,69892,0,0
1257,Pinkut,1974,96197,67094,4343,21321,41430,0,0
1258,Pinkut,1975,97499,488342,23980,330254,134109,0,0
1259,Pinkut,1976,50192,158639,11962,35334,111343,0,0
1260,Pinkut,1977,89757,1393599,28634,860281,504684,0,0
1261,Pinkut,1978,27964,343749,42002,103259,198487,0,0
1262,Pinkut,1979,135745,361362,10060,116884,234418,0,0
1263,Pinkut,1980,57655,1283688,56587,432943,794159,0,0
1264,Pinkut,1981,256141,732951,36486,413127,283338,0,0
1265,Pinkut,1982,122052,645099,15317,155387,474395,0,0
1266,Pinkut,1983,112845,647421,21684,366009,259728,0,0
1267,Pinkut,1984,219484,1167168,231004,636820,299345,0,0
1268,Pinkut,1985,216568,472438,18132,160951,293355,0,0
1269,Pinkut,1986,132930,863745,22375,147712,693658,0,0
1270,Pinkut,1987,302166,530265,15615,254286,260365,0,0
1271,Pinkut,1988,173803,1100386,114273,221845,764268,0,0
1272,Pinkut,1989,106908,768314,35477,422529,310308,0,0
1273,Pinkut,1990,127100,836737,24630,108663,703445,0,0
1274,Pinkut,1991,224976,1636743,53283,761504,821956,0,0
1275,Pinkut,1992,198087,1919756,154093,1111623,654041,0,0
1276,Pinkut,1993,251783,380789,12013,206451,162325,0,0
1277,Pinkut,1994,136482,29517,1607,11420,16490,0,0
1278,Pinkut,1995,243069,220853,9085,136540,75228,0,0
1279,Pinkut,1996,210609,941956,31033,621691,289232,0,0
1280,Pinkut,1997,120916,117809,2594,24595,90621,0,0
1281,Pinkut,1998,62357,343017,5604,99070,238343,0,0
1282,Pinkut,1999,128989,116928,2696,77655,36577,0,0
1283,Pinkut,2000,130236,220104,20788,125406,73910,0,0
1284,Pinkut,2001,99116,232810,1929,93562,137320,0,0
1285,Pinkut,2002,95249,818809,24378,395481,398950,0,0
1286,Pinkut,2003,147068,136507,5513,26122,104872,0,0
1287,Pinkut,2004,102160,543995,9764,390180,144052,0,0
1288,Pinkut,2005,128931,119645,4873,42737,72036,0,0
1289,Pinkut,2006,174654,259041,5158,99049,154834,0,0
1290,Pinkut,2007,170675,609553,21948,135630,451974,0,0
1291,Pinkut,2008,139316,97667,4997,81682,10987,0,0
1292,Pinkut,2009,130986,63300,1296,10749,51255,0,0
1293,Pinkut,2010,119148,384216,16108,283613,84496,0,0
1294,Pinkut,2011,151768,189736,17273,75663,96801,0,0
1295,Pinkut,2012,110012,167788,1696,24920,141172,0,0
1296,Pinkut,2013,30151,19273,401,5530,13342,0,0
1297,Pinkut,2014,78550,385922,7172,253470,78053,47228,869
1298,Pinkut,2015,66027,150099,1949,17562,126243,4345,0
1299,Pinkut,2016,69563,251656,7604,101721,131215,11115,0
1300,Pinkut,2017,92963,363470,3055,119919,240497,0,NA
1340,Slamgeesh,2000,949,472,0,405,67,0,0
1341,Slamgeesh,2001,855,374,0,267,108,0,0
1342,Slamgeesh,2002,398,600,0,431,170,0,0
1343,Slamgeesh,2003,430,734,0,678,56,0,0
1344,Slamgeesh,2004,293,267,0,224,43,0,0
1345,Slamgeesh,2005,216,380,0,173,207,0,0
1346,Slamgeesh,2006,331,1055,0,828,227,0,0
1347,Slamgeesh,2007,366,1194,0,908,286,0,0
1348,Slamgeesh,2008,150,1167,0,1143,25,0,0
1349,Slamgeesh,2009,161,227,0,99,127,0,0
1350,Slamgeesh,2010,740,867,0,509,358,0,0
1351,Slamgeesh,2011,687,1528,0,1433,95,0,0
1352,Slamgeesh,2012,940,469,0,378,91,0,0
1353,Slamgeesh,2013,93,449,0,363,86,0,0
1354,Slamgeesh,2014,401,461,0,345,116,0,0
1355,Slamgeesh,2015,1281,552,0,463,89,0,0
1356,Slamgeesh,2016,267,474,0,356,118,0,0
1357,Slamgeesh,2017,366,618,0,473,145,0,NA
1358,Slamgeesh,2018,333,671,0,580,91,NA,NA
1377,Sustut,1960,100,2943,0,176,2752,15,0
1378,Sustut,1961,500,916,0,780,99,36,0
1379,Sustut,1962,500,580,0,28,242,310,0
1380,Sustut,1963,500,2532,0,69,2074,389,0
1381,Sustut,1964,400,3736,0,588,2604,544,0
1382,Sustut,1965,2100,4504,0,738,3646,120,0
1383,Sustut,1966,50,2134,0,1034,803,297,0
1384,Sustut,1967,100,3190,0,228,1992,971,0
1385,Sustut,1968,1100,7094,0,565,6503,26,NA
1390,Sustut,1973,3300,73,NA,20,4,50,0
1391,Sustut,1974,75,494,0,1,332,161,0
1404,Sustut,1987,900,11832,0,1180,9811,840,0
1405,Sustut,1988,550,9665,0,2782,5631,1251,0
1406,Sustut,1989,360,10338,0,1597,8382,359,NA
1418,Sustut,2001,1257,3238,0,673,2001,565,0
1419,Sustut,2002,988,4480,0,567,3783,130,0
1420,Sustut,2003,4992,2132,0,1073,871,188,0
1421,Sustut,2004,1604,1671,0,247,1261,163,0
1422,Sustut,2005,1175,1866,0,358,1090,418,0
1423,Sustut,2006,808,3386,0,309,2799,277,0
1424,Sustut,2007,2469,2905,0,794,1857,255,0
1425,Sustut,2008,212,2423,0,527,1707,189,0
1426,Sustut,2009,540,2072,0,484,1269,320,0
1427,Sustut,2010,426,2832,0,360,2141,331,0
1428,Sustut,2011,1884,3247,0,607,2216,423,0
1429,Sustut,2012,1309,3803,0,628,2837,337,0
1430,Sustut,2013,1366,3547,0,805,2260,483,NA
1434,Sustut,2017,2818,3358,NA,440,2476,442,NA
1454,Swan/Stephens,1960,10893,9510,180,1770,7739,0,0
1455,Swan/Stephens,1961,2655,22120,197,774,21346,0,0
1456,Swan/Stephens,1962,7528,39064,86,2135,36930,0,0
1457,Swan/Stephens,1963,12402,29020,237,3693,25327,0,0
1458,Swan/Stephens,1964,10055,30457,410,2533,27924,0,0
1459,Swan/Stephens,1965,5028,24714,281,2792,21921,0,0
1460,Swan/Stephens,1966,10055,32500,310,2192,30308,0,0
1461,Swan/Stephens,1967,15083,34121,244,3031,31091,0,0
1462,Swan/Stephens,1968,12392,33193,337,3109,30084,0,0
1463,Swan/Stephens,1969,16759,36896,345,3008,33887,0,0
1464,Swan/Stephens,1970,13072,24300,334,3389,20912,0,0
1465,Swan/Stephens,1971,16759,4790,377,2091,2699,0,0
1466,Swan/Stephens,1972,16759,25332,232,270,25062,0,0
1467,Swan/Stephens,1973,14245,3928,30,2506,1422,0,0
1468,Swan/Stephens,1974,14245,31248,278,142,31106,0,0
1469,Swan/Stephens,1975,14245,27921,16,3111,24811,0,0
1470,Swan/Stephens,1976,1425,34326,346,2481,31845,0,0
1471,Swan/Stephens,1977,13072,56405,276,3184,53220,0,0
1473,Swan/Stephens,1979,16759,35692,591,2776,32916,0,0
1474,Swan/Stephens,1980,12569,50797,308,3292,47505,0,0
1475,Swan/Stephens,1981,16759,40658,366,4751,35907,0,0
1476,Swan/Stephens,1982,23462,45475,528,3591,41885,0,0
1477,Swan/Stephens,1983,21787,68734,399,4188,64546,0,0
1478,Swan/Stephens,1984,20111,39187,465,6455,32733,0,0
1479,Swan/Stephens,1985,25809,41382,717,3273,38109,0,0
1480,Swan/Stephens,1986,20111,55794,364,3811,51983,0,0
1481,Swan/Stephens,1987,30166,83801,423,5198,78603,0,0
1482,Swan/Stephens,1988,30166,69408,578,7860,61548,0,0
1483,Swan/Stephens,1989,18435,32850,873,6155,26696,0,0
1484,Swan/Stephens,1990,20111,36655,684,2670,33985,0,0
1485,Swan/Stephens,1991,25138,39636,297,3399,36238,0,0
1486,Swan/Stephens,1992,36870,15514,378,3624,11890,0,0
1487,Swan/Stephens,1993,30166,24026,403,1189,22837,0,0
1488,Swan/Stephens,1994,14162,32682,132,2284,30399,0,0
1489,Swan/Stephens,1995,14748,57069,254,3040,54029,0,0
1490,Swan/Stephens,1996,13742,51978,338,5403,46575,0,0
1491,Swan/Stephens,1997,4249,26269,600,4658,21611,0,0
1492,Swan/Stephens,1998,15285,33813,518,2161,31652,0,0
1493,Swan/Stephens,1999,26321,33160,240,3165,29995,0,0
1494,Swan/Stephens,2000,28059,18446,352,2999,15447,0,0
1495,Swan/Stephens,2001,29796,49758,333,1545,48213,0,0
1496,Swan/Stephens,2002,12944,22636,172,4821,17814,0,0
1497,Swan/Stephens,2003,24306,34362,536,1781,32581,0,0
1498,Swan/Stephens,2004,22855,32061,198,3258,28803,0,0
1499,Swan/Stephens,2005,12961,10207,362,2880,7327,0,0
1500,Swan/Stephens,2006,32263,14880,320,733,14147,0,0
1501,Swan/Stephens,2007,11709,21162,81,1415,19747,0,0
1502,Swan/Stephens,2008,23151,9050,157,1975,7075,0,0
1503,Swan/Stephens,2009,26990,11383,219,708,10675,0,0
1504,Swan/Stephens,2010,6517,34109,79,1068,33042,0,0
1505,Swan/Stephens,2011,10761,31017,119,3304,27713,0,0
1506,Swan/Stephens,2012,15674,12340,367,2771,9568,0,0
1507,Swan/Stephens,2013,6665,9241,308,957,8285,0,0
1508,Swan/Stephens,2014,8660,12732,106,828,11904,0,0
1509,Swan/Stephens,2015,29479,15916,92,1190,14726,0,0
1510,Swan/Stephens,2016,20164,13993,132,1473,12521,0,0
1511,Swan/Stephens,2017,9833,10100,164,1252,8848,0,NA
1512,Swan/Stephens,2018,8057,24241,139,885,23356,NA,NA
1525,Upper Nass River Type,1982,567,1320,29,865,400,27,0
1526,Upper Nass River Type,1983,367,1115,40,771,255,49,0
1527,Upper Nass River Type,1984,241,1018,36,492,455,35,0
1528,Upper Nass River Type,1985,393,1308,23,877,330,78,0
1529,Upper Nass River Type,1986,356,1555,41,636,732,146,0
1530,Upper Nass River Type,1987,366,2975,29,1412,1366,167,0
1531,Upper Nass River Type,1988,279,4315,65,2635,1559,57,0
1532,Upper Nass River Type,1989,253,3749,122,3006,530,92,0
1533,Upper Nass River Type,1990,318,2097,139,1021,857,80,0
1534,Upper Nass River Type,1991,585,2501,47,1653,745,56,0
1535,Upper Nass River Type,1992,1081,2081,77,1437,522,46,0
1536,Upper Nass River Type,1993,916,1554,67,1007,429,52,0
1537,Upper Nass River Type,1994,590,1401,47,828,484,43,0
1538,Upper Nass River Type,1995,479,1421,38,933,405,44,0
1539,Upper Nass River Type,1996,390,1319,43,782,408,86,0
1540,Upper Nass River Type,1997,428,1674,36,786,801,50,0
1541,Upper Nass River Type,1998,481,2303,36,1545,470,252,0
1542,Upper Nass River Type,1999,387,3516,72,907,2352,186,0
1543,Upper Nass River Type,2000,523,6360,42,4536,1733,49,0
1544,Upper Nass River Type,2001,445,4050,210,3343,456,41,0
1545,Upper Nass River Type,2002,974,1431,155,879,386,11,0
1546,Upper Nass River Type,2003,603,920,41,745,107,27,0
1547,Upper Nass River Type,2004,2723,510,34,206,256,13,0
1548,Upper Nass River Type,2005,3139,633,10,494,124,4,0
1549,Upper Nass River Type,2006,718,331,23,240,41,27,0
1550,Upper Nass River Type,2007,312,381,11,78,254,37,0
1551,Upper Nass River Type,2008,216,893,4,491,345,53,0
1552,Upper Nass River Type,2009,427,1257,23,665,498,71,0
1553,Upper Nass River Type,2010,296,1822,31,960,666,165,0
1554,Upper Nass River Type,2011,88,2884,44,1285,1538,17,0
1555,Upper Nass River Type,2012,369,3182,59,2965,155,3,0
1556,Upper Nass River Type,2013,650,587,137,298,28,124,0
1557,Upper Nass River Type,2014,1135,1245,14,53,1159,19,0
1558,Upper Nass River Type,2015,1268,2436,2,2235,178,21,0
1559,Upper Nass River Type,2016,3617,663,103,343,195,21,0
1560,Upper Nass River Type,2017,425,667,16,376,199,76,0
1561,Upper Nass River Type,2018,75,1163,17,383,713,50,NA
