cu_name,adult_return_year,total_returns,total_escape,recruit_abundance,f_age,o_age,total_age,brood_year
Great Central Lake,1977,1006504,209810.3604,18705,1,1,3,1974
Great Central Lake,1977,1006504,209810.3604,481562,1,2,4,1973
Great Central Lake,1977,1006504,209810.3604,4496,2,1,4,1973
Great Central Lake,1977,1006504,209810.3604,363952,1,3,5,1972
Great Central Lake,1977,1006504,209810.3604,97639,2,2,5,1972
Great Central Lake,1977,1006504,209810.3604,NA,1,4,6,1971
Great Central Lake,1977,1006504,209810.3604,40150,2,3,6,1971
Great Central Lake,1977,1006504,209810.3604,NA,0,2,3,1974
Great Central Lake,1977,1006504,209810.3604,NA,0,3,4,1973
Great Central Lake,1977,1006504,209810.3604,NA,3,1,5,1972
Great Central Lake,1977,1006504,209810.3604,NA,3,2,6,1971
Great Central Lake,1977,1006504,209810.3604,NA,4,1,6,1971
Great Central Lake,1977,1006504,209810.3604,NA,1,5,7,1970
Great Central Lake,1977,1006504,209810.3604,NA,2,4,7,1970
Great Central Lake,1977,1006504,209810.3604,NA,3,3,7,1970
Great Central Lake,1977,1006504,209810.3604,NA,4,2,7,1970
Great Central Lake,1977,1006504,209810.3604,NA,4,3,8,1969
Great Central Lake,1977,1006504,209810.3604,NA,0,1,2,1975
Great Central Lake,1978,259931,84373.10195,32646,1,1,3,1975
Great Central Lake,1978,259931,84373.10195,63793,1,2,4,1974
Great Central Lake,1978,259931,84373.10195,2739,2,1,4,1974
Great Central Lake,1978,259931,84373.10195,112271,1,3,5,1973
Great Central Lake,1978,259931,84373.10195,35755,2,2,5,1973
Great Central Lake,1978,259931,84373.10195,NA,1,4,6,1972
Great Central Lake,1978,259931,84373.10195,12727,2,3,6,1972
Great Central Lake,1978,259931,84373.10195,NA,0,2,3,1975
Great Central Lake,1978,259931,84373.10195,NA,0,3,4,1974
Great Central Lake,1978,259931,84373.10195,NA,3,1,5,1973
Great Central Lake,1978,259931,84373.10195,NA,3,2,6,1972
Great Central Lake,1978,259931,84373.10195,NA,4,1,6,1972
Great Central Lake,1978,259931,84373.10195,NA,1,5,7,1971
Great Central Lake,1978,259931,84373.10195,NA,2,4,7,1971
Great Central Lake,1978,259931,84373.10195,NA,3,3,7,1971
Great Central Lake,1978,259931,84373.10195,NA,4,2,7,1971
Great Central Lake,1978,259931,84373.10195,NA,4,3,8,1970
Great Central Lake,1978,259931,84373.10195,NA,0,1,2,1976
Great Central Lake,1979,804958,247475.4573,28765,1,1,3,1976
Great Central Lake,1979,804958,247475.4573,457127,1,2,4,1975
Great Central Lake,1979,804958,247475.4573,3841,2,1,4,1975
Great Central Lake,1979,804958,247475.4573,226783,1,3,5,1974
Great Central Lake,1979,804958,247475.4573,57683,2,2,5,1974
Great Central Lake,1979,804958,247475.4573,NA,1,4,6,1973
Great Central Lake,1979,804958,247475.4573,30759,2,3,6,1973
Great Central Lake,1979,804958,247475.4573,NA,0,2,3,1976
Great Central Lake,1979,804958,247475.4573,NA,0,3,4,1975
Great Central Lake,1979,804958,247475.4573,NA,3,1,5,1974
Great Central Lake,1979,804958,247475.4573,NA,3,2,6,1973
Great Central Lake,1979,804958,247475.4573,NA,4,1,6,1973
Great Central Lake,1979,804958,247475.4573,NA,1,5,7,1972
Great Central Lake,1979,804958,247475.4573,NA,2,4,7,1972
Great Central Lake,1979,804958,247475.4573,NA,3,3,7,1972
Great Central Lake,1979,804958,247475.4573,NA,4,2,7,1972
Great Central Lake,1979,804958,247475.4573,NA,4,3,8,1971
Great Central Lake,1979,804958,247475.4573,NA,0,1,2,1977
Great Central Lake,1980,678372,246041.4109,18325,1,1,3,1977
Great Central Lake,1980,678372,246041.4109,305836,1,2,4,1976
Great Central Lake,1980,678372,246041.4109,2076,2,1,4,1976
Great Central Lake,1980,678372,246041.4109,251682,1,3,5,1975
Great Central Lake,1980,678372,246041.4109,80302,2,2,5,1975
Great Central Lake,1980,678372,246041.4109,NA,1,4,6,1974
Great Central Lake,1980,678372,246041.4109,20152,2,3,6,1974
Great Central Lake,1980,678372,246041.4109,NA,0,2,3,1977
Great Central Lake,1980,678372,246041.4109,NA,0,3,4,1976
Great Central Lake,1980,678372,246041.4109,NA,3,1,5,1975
Great Central Lake,1980,678372,246041.4109,NA,3,2,6,1974
Great Central Lake,1980,678372,246041.4109,NA,4,1,6,1974
Great Central Lake,1980,678372,246041.4109,NA,1,5,7,1973
Great Central Lake,1980,678372,246041.4109,NA,2,4,7,1973
Great Central Lake,1980,678372,246041.4109,NA,3,3,7,1973
Great Central Lake,1980,678372,246041.4109,NA,4,2,7,1973
Great Central Lake,1980,678372,246041.4109,NA,4,3,8,1972
Great Central Lake,1980,678372,246041.4109,NA,0,1,2,1978
Great Central Lake,1981,771077,195123.9818,29774,1,1,3,1978
Great Central Lake,1981,771077,195123.9818,370181,1,2,4,1977
Great Central Lake,1981,771077,195123.9818,3174,2,1,4,1977
Great Central Lake,1981,771077,195123.9818,283035,1,3,5,1976
Great Central Lake,1981,771077,195123.9818,56514,2,2,5,1976
Great Central Lake,1981,771077,195123.9818,NA,1,4,6,1975
Great Central Lake,1981,771077,195123.9818,28399,2,3,6,1975
Great Central Lake,1981,771077,195123.9818,NA,0,2,3,1978
Great Central Lake,1981,771077,195123.9818,NA,0,3,4,1977
Great Central Lake,1981,771077,195123.9818,NA,3,1,5,1976
Great Central Lake,1981,771077,195123.9818,NA,3,2,6,1975
Great Central Lake,1981,771077,195123.9818,NA,4,1,6,1975
Great Central Lake,1981,771077,195123.9818,NA,1,5,7,1974
Great Central Lake,1981,771077,195123.9818,NA,2,4,7,1974
Great Central Lake,1981,771077,195123.9818,NA,3,3,7,1974
Great Central Lake,1981,771077,195123.9818,NA,4,2,7,1974
Great Central Lake,1981,771077,195123.9818,NA,4,3,8,1973
Great Central Lake,1981,771077,195123.9818,NA,0,1,2,1979
Great Central Lake,1982,364506,155579.2603,26260,1,1,3,1979
Great Central Lake,1982,364506,155579.2603,111509,1,2,4,1978
Great Central Lake,1982,364506,155579.2603,2519,2,1,4,1978
Great Central Lake,1982,364506,155579.2603,178731,1,3,5,1977
Great Central Lake,1982,364506,155579.2603,30889,2,2,5,1977
Great Central Lake,1982,364506,155579.2603,NA,1,4,6,1976
Great Central Lake,1982,364506,155579.2603,14598,2,3,6,1976
Great Central Lake,1982,364506,155579.2603,NA,0,2,3,1979
Great Central Lake,1982,364506,155579.2603,NA,0,3,4,1978
Great Central Lake,1982,364506,155579.2603,NA,3,1,5,1977
Great Central Lake,1982,364506,155579.2603,NA,3,2,6,1976
Great Central Lake,1982,364506,155579.2603,NA,4,1,6,1976
Great Central Lake,1982,364506,155579.2603,NA,1,5,7,1975
Great Central Lake,1982,364506,155579.2603,NA,2,4,7,1975
Great Central Lake,1982,364506,155579.2603,NA,3,3,7,1975
Great Central Lake,1982,364506,155579.2603,NA,4,2,7,1975
Great Central Lake,1982,364506,155579.2603,NA,4,3,8,1974
Great Central Lake,1982,364506,155579.2603,NA,0,1,2,1980
Great Central Lake,1983,856130,339203.6871,19788,1,1,3,1980
Great Central Lake,1983,856130,339203.6871,435023,1,2,4,1979
Great Central Lake,1983,856130,339203.6871,2707,2,1,4,1979
Great Central Lake,1983,856130,339203.6871,312772,1,3,5,1978
Great Central Lake,1983,856130,339203.6871,53398,2,2,5,1978
Great Central Lake,1983,856130,339203.6871,NA,1,4,6,1977
Great Central Lake,1983,856130,339203.6871,32442,2,3,6,1977
Great Central Lake,1983,856130,339203.6871,NA,0,2,3,1980
Great Central Lake,1983,856130,339203.6871,NA,0,3,4,1979
Great Central Lake,1983,856130,339203.6871,NA,3,1,5,1978
Great Central Lake,1983,856130,339203.6871,NA,3,2,6,1977
Great Central Lake,1983,856130,339203.6871,NA,4,1,6,1977
Great Central Lake,1983,856130,339203.6871,NA,1,5,7,1976
Great Central Lake,1983,856130,339203.6871,NA,2,4,7,1976
Great Central Lake,1983,856130,339203.6871,NA,3,3,7,1976
Great Central Lake,1983,856130,339203.6871,NA,4,2,7,1976
Great Central Lake,1983,856130,339203.6871,NA,4,3,8,1975
Great Central Lake,1983,856130,339203.6871,NA,0,1,2,1981
Great Central Lake,1984,652145,131000.4259,6232,1,1,3,1981
Great Central Lake,1984,652145,131000.4259,222607,1,2,4,1980
Great Central Lake,1984,652145,131000.4259,0,2,1,4,1980
Great Central Lake,1984,652145,131000.4259,353392,1,3,5,1979
Great Central Lake,1984,652145,131000.4259,53053,2,2,5,1979
Great Central Lake,1984,652145,131000.4259,NA,1,4,6,1978
Great Central Lake,1984,652145,131000.4259,16860,2,3,6,1978
Great Central Lake,1984,652145,131000.4259,NA,0,2,3,1981
Great Central Lake,1984,652145,131000.4259,NA,0,3,4,1980
Great Central Lake,1984,652145,131000.4259,NA,3,1,5,1979
Great Central Lake,1984,652145,131000.4259,NA,3,2,6,1978
Great Central Lake,1984,652145,131000.4259,NA,4,1,6,1978
Great Central Lake,1984,652145,131000.4259,NA,1,5,7,1977
Great Central Lake,1984,652145,131000.4259,NA,2,4,7,1977
Great Central Lake,1984,652145,131000.4259,NA,3,3,7,1977
Great Central Lake,1984,652145,131000.4259,NA,4,2,7,1977
Great Central Lake,1984,652145,131000.4259,NA,4,3,8,1976
Great Central Lake,1984,652145,131000.4259,NA,0,1,2,1982
Great Central Lake,1985,437874,112339.1475,14150,1,1,3,1982
Great Central Lake,1985,437874,112339.1475,133929,1,2,4,1981
Great Central Lake,1985,437874,112339.1475,9372,2,1,4,1981
Great Central Lake,1985,437874,112339.1475,215218,1,3,5,1980
Great Central Lake,1985,437874,112339.1475,21831,2,2,5,1980
Great Central Lake,1985,437874,112339.1475,NA,1,4,6,1979
Great Central Lake,1985,437874,112339.1475,43375,2,3,6,1979
Great Central Lake,1985,437874,112339.1475,NA,0,2,3,1982
Great Central Lake,1985,437874,112339.1475,NA,0,3,4,1981
Great Central Lake,1985,437874,112339.1475,NA,3,1,5,1980
Great Central Lake,1985,437874,112339.1475,NA,3,2,6,1979
Great Central Lake,1985,437874,112339.1475,NA,4,1,6,1979
Great Central Lake,1985,437874,112339.1475,NA,1,5,7,1978
Great Central Lake,1985,437874,112339.1475,NA,2,4,7,1978
Great Central Lake,1985,437874,112339.1475,NA,3,3,7,1978
Great Central Lake,1985,437874,112339.1475,NA,4,2,7,1978
Great Central Lake,1985,437874,112339.1475,NA,4,3,8,1977
Great Central Lake,1985,437874,112339.1475,NA,0,1,2,1983
Great Central Lake,1986,148123,119819.7732,15809,1,1,3,1983
Great Central Lake,1986,148123,119819.7732,64499,1,2,4,1982
Great Central Lake,1986,148123,119819.7732,2196,2,1,4,1982
Great Central Lake,1986,148123,119819.7732,57187,1,3,5,1981
Great Central Lake,1986,148123,119819.7732,7276,2,2,5,1981
Great Central Lake,1986,148123,119819.7732,NA,1,4,6,1980
Great Central Lake,1986,148123,119819.7732,1155,2,3,6,1980
Great Central Lake,1986,148123,119819.7732,NA,0,2,3,1983
Great Central Lake,1986,148123,119819.7732,NA,0,3,4,1982
Great Central Lake,1986,148123,119819.7732,NA,3,1,5,1981
Great Central Lake,1986,148123,119819.7732,NA,3,2,6,1980
Great Central Lake,1986,148123,119819.7732,NA,4,1,6,1980
Great Central Lake,1986,148123,119819.7732,NA,1,5,7,1979
Great Central Lake,1986,148123,119819.7732,NA,2,4,7,1979
Great Central Lake,1986,148123,119819.7732,NA,3,3,7,1979
Great Central Lake,1986,148123,119819.7732,NA,4,2,7,1979
Great Central Lake,1986,148123,119819.7732,NA,4,3,8,1978
Great Central Lake,1986,148123,119819.7732,NA,0,1,2,1984
Great Central Lake,1987,373732,277561.6341,14798,1,1,3,1984
Great Central Lake,1987,373732,277561.6341,295809,1,2,4,1983
Great Central Lake,1987,373732,277561.6341,3425,2,1,4,1983
Great Central Lake,1987,373732,277561.6341,11042,1,3,5,1982
Great Central Lake,1987,373732,277561.6341,38531,2,2,5,1982
Great Central Lake,1987,373732,277561.6341,NA,1,4,6,1981
Great Central Lake,1987,373732,277561.6341,10127,2,3,6,1981
Great Central Lake,1987,373732,277561.6341,NA,0,2,3,1984
Great Central Lake,1987,373732,277561.6341,NA,0,3,4,1983
Great Central Lake,1987,373732,277561.6341,NA,3,1,5,1982
Great Central Lake,1987,373732,277561.6341,NA,3,2,6,1981
Great Central Lake,1987,373732,277561.6341,NA,4,1,6,1981
Great Central Lake,1987,373732,277561.6341,NA,1,5,7,1980
Great Central Lake,1987,373732,277561.6341,NA,2,4,7,1980
Great Central Lake,1987,373732,277561.6341,NA,3,3,7,1980
Great Central Lake,1987,373732,277561.6341,NA,4,2,7,1980
Great Central Lake,1987,373732,277561.6341,NA,4,3,8,1979
Great Central Lake,1987,373732,277561.6341,NA,0,1,2,1985
Great Central Lake,1988,353509,195326.5653,14135,1,1,3,1985
Great Central Lake,1988,353509,195326.5653,150930,1,2,4,1984
Great Central Lake,1988,353509,195326.5653,1056,2,1,4,1984
Great Central Lake,1988,353509,195326.5653,113319,1,3,5,1983
Great Central Lake,1988,353509,195326.5653,67411,2,2,5,1983
Great Central Lake,1988,353509,195326.5653,NA,1,4,6,1982
Great Central Lake,1988,353509,195326.5653,6658,2,3,6,1982
Great Central Lake,1988,353509,195326.5653,NA,0,2,3,1985
Great Central Lake,1988,353509,195326.5653,NA,0,3,4,1984
Great Central Lake,1988,353509,195326.5653,NA,3,1,5,1983
Great Central Lake,1988,353509,195326.5653,NA,3,2,6,1982
Great Central Lake,1988,353509,195326.5653,NA,4,1,6,1982
Great Central Lake,1988,353509,195326.5653,NA,1,5,7,1981
Great Central Lake,1988,353509,195326.5653,NA,2,4,7,1981
Great Central Lake,1988,353509,195326.5653,NA,3,3,7,1981
Great Central Lake,1988,353509,195326.5653,NA,4,2,7,1981
Great Central Lake,1988,353509,195326.5653,NA,4,3,8,1980
Great Central Lake,1988,353509,195326.5653,NA,0,1,2,1986
Great Central Lake,1989,256187,171651.586,56852,1,1,3,1986
Great Central Lake,1989,256187,171651.586,140227,1,2,4,1985
Great Central Lake,1989,256187,171651.586,15070,2,1,4,1985
Great Central Lake,1989,256187,171651.586,29405,1,3,5,1984
Great Central Lake,1989,256187,171651.586,7314,2,2,5,1984
Great Central Lake,1989,256187,171651.586,NA,1,4,6,1983
Great Central Lake,1989,256187,171651.586,7319,2,3,6,1983
Great Central Lake,1989,256187,171651.586,NA,0,2,3,1986
Great Central Lake,1989,256187,171651.586,NA,0,3,4,1985
Great Central Lake,1989,256187,171651.586,NA,3,1,5,1984
Great Central Lake,1989,256187,171651.586,NA,3,2,6,1983
Great Central Lake,1989,256187,171651.586,NA,4,1,6,1983
Great Central Lake,1989,256187,171651.586,NA,1,5,7,1982
Great Central Lake,1989,256187,171651.586,NA,2,4,7,1982
Great Central Lake,1989,256187,171651.586,NA,3,3,7,1982
Great Central Lake,1989,256187,171651.586,NA,4,2,7,1982
Great Central Lake,1989,256187,171651.586,NA,4,3,8,1981
Great Central Lake,1989,256187,171651.586,NA,0,1,2,1987
Great Central Lake,1990,198444,163320.2965,14598,1,1,3,1987
Great Central Lake,1990,198444,163320.2965,68115,1,2,4,1986
Great Central Lake,1990,198444,163320.2965,2054,2,1,4,1986
Great Central Lake,1990,198444,163320.2965,66649,1,3,5,1985
Great Central Lake,1990,198444,163320.2965,43805,2,2,5,1985
Great Central Lake,1990,198444,163320.2965,NA,1,4,6,1984
Great Central Lake,1990,198444,163320.2965,3223,2,3,6,1984
Great Central Lake,1990,198444,163320.2965,NA,0,2,3,1987
Great Central Lake,1990,198444,163320.2965,NA,0,3,4,1986
Great Central Lake,1990,198444,163320.2965,NA,3,1,5,1985
Great Central Lake,1990,198444,163320.2965,NA,3,2,6,1984
Great Central Lake,1990,198444,163320.2965,NA,4,1,6,1984
Great Central Lake,1990,198444,163320.2965,NA,1,5,7,1983
Great Central Lake,1990,198444,163320.2965,NA,2,4,7,1983
Great Central Lake,1990,198444,163320.2965,NA,3,3,7,1983
Great Central Lake,1990,198444,163320.2965,NA,4,2,7,1983
Great Central Lake,1990,198444,163320.2965,NA,4,3,8,1982
Great Central Lake,1990,198444,163320.2965,NA,0,1,2,1988
Great Central Lake,1991,1240904,402976.0583,37277,1,1,3,1988
Great Central Lake,1991,1240904,402976.0583,1030482,1,2,4,1987
Great Central Lake,1991,1240904,402976.0583,17155,2,1,4,1987
Great Central Lake,1991,1240904,402976.0583,124947,1,3,5,1986
Great Central Lake,1991,1240904,402976.0583,18868,2,2,5,1986
Great Central Lake,1991,1240904,402976.0583,NA,1,4,6,1985
Great Central Lake,1991,1240904,402976.0583,12176,2,3,6,1985
Great Central Lake,1991,1240904,402976.0583,NA,0,2,3,1988
Great Central Lake,1991,1240904,402976.0583,NA,0,3,4,1987
Great Central Lake,1991,1240904,402976.0583,NA,3,1,5,1986
Great Central Lake,1991,1240904,402976.0583,NA,3,2,6,1985
Great Central Lake,1991,1240904,402976.0583,NA,4,1,6,1985
Great Central Lake,1991,1240904,402976.0583,NA,1,5,7,1984
Great Central Lake,1991,1240904,402976.0583,NA,2,4,7,1984
Great Central Lake,1991,1240904,402976.0583,NA,3,3,7,1984
Great Central Lake,1991,1240904,402976.0583,NA,4,2,7,1984
Great Central Lake,1991,1240904,402976.0583,NA,4,3,8,1983
Great Central Lake,1991,1240904,402976.0583,NA,0,1,2,1989
Great Central Lake,1992,366708,149897.5377,37401,1,1,3,1989
Great Central Lake,1992,366708,149897.5377,144332,1,2,4,1988
Great Central Lake,1992,366708,149897.5377,6737,2,1,4,1988
Great Central Lake,1992,366708,149897.5377,104832,1,3,5,1987
Great Central Lake,1992,366708,149897.5377,69930,2,2,5,1987
Great Central Lake,1992,366708,149897.5377,NA,1,4,6,1986
Great Central Lake,1992,366708,149897.5377,3476,2,3,6,1986
Great Central Lake,1992,366708,149897.5377,NA,0,2,3,1989
Great Central Lake,1992,366708,149897.5377,NA,0,3,4,1988
Great Central Lake,1992,366708,149897.5377,NA,3,1,5,1987
Great Central Lake,1992,366708,149897.5377,NA,3,2,6,1986
Great Central Lake,1992,366708,149897.5377,NA,4,1,6,1986
Great Central Lake,1992,366708,149897.5377,NA,1,5,7,1985
Great Central Lake,1992,366708,149897.5377,NA,2,4,7,1985
Great Central Lake,1992,366708,149897.5377,NA,3,3,7,1985
Great Central Lake,1992,366708,149897.5377,NA,4,2,7,1985
Great Central Lake,1992,366708,149897.5377,NA,4,3,8,1984
Great Central Lake,1992,366708,149897.5377,NA,0,1,2,1990
Great Central Lake,1993,674184,227693.7006,19488,1,1,3,1990
Great Central Lake,1993,674184,227693.7006,239536,1,2,4,1989
Great Central Lake,1993,674184,227693.7006,8767,2,1,4,1989
Great Central Lake,1993,674184,227693.7006,318602,1,3,5,1988
Great Central Lake,1993,674184,227693.7006,66531,2,2,5,1988
Great Central Lake,1993,674184,227693.7006,NA,1,4,6,1987
Great Central Lake,1993,674184,227693.7006,21260,2,3,6,1987
Great Central Lake,1993,674184,227693.7006,NA,0,2,3,1990
Great Central Lake,1993,674184,227693.7006,NA,0,3,4,1989
Great Central Lake,1993,674184,227693.7006,NA,3,1,5,1988
Great Central Lake,1993,674184,227693.7006,NA,3,2,6,1987
Great Central Lake,1993,674184,227693.7006,NA,4,1,6,1987
Great Central Lake,1993,674184,227693.7006,NA,1,5,7,1986
Great Central Lake,1993,674184,227693.7006,NA,2,4,7,1986
Great Central Lake,1993,674184,227693.7006,NA,3,3,7,1986
Great Central Lake,1993,674184,227693.7006,NA,4,2,7,1986
Great Central Lake,1993,674184,227693.7006,NA,4,3,8,1985
Great Central Lake,1993,674184,227693.7006,NA,0,1,2,1991
Great Central Lake,1994,210846,113120.7706,151,1,1,3,1991
Great Central Lake,1994,210846,113120.7706,74815,1,2,4,1990
Great Central Lake,1994,210846,113120.7706,294,2,1,4,1990
Great Central Lake,1994,210846,113120.7706,95175,1,3,5,1989
Great Central Lake,1994,210846,113120.7706,14101,2,2,5,1989
Great Central Lake,1994,210846,113120.7706,NA,1,4,6,1988
Great Central Lake,1994,210846,113120.7706,26310,2,3,6,1988
Great Central Lake,1994,210846,113120.7706,NA,0,2,3,1991
Great Central Lake,1994,210846,113120.7706,NA,0,3,4,1990
Great Central Lake,1994,210846,113120.7706,NA,3,1,5,1989
Great Central Lake,1994,210846,113120.7706,NA,3,2,6,1988
Great Central Lake,1994,210846,113120.7706,NA,4,1,6,1988
Great Central Lake,1994,210846,113120.7706,NA,1,5,7,1987
Great Central Lake,1994,210846,113120.7706,NA,2,4,7,1987
Great Central Lake,1994,210846,113120.7706,NA,3,3,7,1987
Great Central Lake,1994,210846,113120.7706,NA,4,2,7,1987
Great Central Lake,1994,210846,113120.7706,NA,4,3,8,1986
Great Central Lake,1994,210846,113120.7706,NA,0,1,2,1992
Great Central Lake,1995,81936,40940.28609,19328,1,1,3,1992
Great Central Lake,1995,81936,40940.28609,9164,1,2,4,1991
Great Central Lake,1995,81936,40940.28609,4854,2,1,4,1991
Great Central Lake,1995,81936,40940.28609,40581,1,3,5,1990
Great Central Lake,1995,81936,40940.28609,2114,2,2,5,1990
Great Central Lake,1995,81936,40940.28609,NA,1,4,6,1989
Great Central Lake,1995,81936,40940.28609,5895,2,3,6,1989
Great Central Lake,1995,81936,40940.28609,NA,0,2,3,1992
Great Central Lake,1995,81936,40940.28609,NA,0,3,4,1991
Great Central Lake,1995,81936,40940.28609,NA,3,1,5,1990
Great Central Lake,1995,81936,40940.28609,NA,3,2,6,1989
Great Central Lake,1995,81936,40940.28609,NA,4,1,6,1989
Great Central Lake,1995,81936,40940.28609,NA,1,5,7,1988
Great Central Lake,1995,81936,40940.28609,NA,2,4,7,1988
Great Central Lake,1995,81936,40940.28609,NA,3,3,7,1988
Great Central Lake,1995,81936,40940.28609,NA,4,2,7,1988
Great Central Lake,1995,81936,40940.28609,NA,4,3,8,1987
Great Central Lake,1995,81936,40940.28609,NA,0,1,2,1993
Great Central Lake,1996,213255,157087.4705,26689,1,1,3,1993
Great Central Lake,1996,213255,157087.4705,141239,1,2,4,1992
Great Central Lake,1996,213255,157087.4705,2945,2,1,4,1992
Great Central Lake,1996,213255,157087.4705,4011,1,3,5,1991
Great Central Lake,1996,213255,157087.4705,37061,2,2,5,1991
Great Central Lake,1996,213255,157087.4705,NA,1,4,6,1990
Great Central Lake,1996,213255,157087.4705,1311,2,3,6,1990
Great Central Lake,1996,213255,157087.4705,NA,0,2,3,1993
Great Central Lake,1996,213255,157087.4705,NA,0,3,4,1992
Great Central Lake,1996,213255,157087.4705,NA,3,1,5,1991
Great Central Lake,1996,213255,157087.4705,NA,3,2,6,1990
Great Central Lake,1996,213255,157087.4705,NA,4,1,6,1990
Great Central Lake,1996,213255,157087.4705,NA,1,5,7,1989
Great Central Lake,1996,213255,157087.4705,NA,2,4,7,1989
Great Central Lake,1996,213255,157087.4705,NA,3,3,7,1989
Great Central Lake,1996,213255,157087.4705,NA,4,2,7,1989
Great Central Lake,1996,213255,157087.4705,NA,4,3,8,1988
Great Central Lake,1996,213255,157087.4705,NA,0,1,2,1994
Great Central Lake,1997,275397,174088.0733,300,1,1,3,1994
Great Central Lake,1997,275397,174088.0733,146761,1,2,4,1993
Great Central Lake,1997,275397,174088.0733,4442,2,1,4,1993
Great Central Lake,1997,275397,174088.0733,81717,1,3,5,1992
Great Central Lake,1997,275397,174088.0733,23315,2,2,5,1992
Great Central Lake,1997,275397,174088.0733,NA,1,4,6,1991
Great Central Lake,1997,275397,174088.0733,18861,2,3,6,1991
Great Central Lake,1997,275397,174088.0733,NA,0,2,3,1994
Great Central Lake,1997,275397,174088.0733,NA,0,3,4,1993
Great Central Lake,1997,275397,174088.0733,NA,3,1,5,1992
Great Central Lake,1997,275397,174088.0733,NA,3,2,6,1991
Great Central Lake,1997,275397,174088.0733,NA,4,1,6,1991
Great Central Lake,1997,275397,174088.0733,NA,1,5,7,1990
Great Central Lake,1997,275397,174088.0733,NA,2,4,7,1990
Great Central Lake,1997,275397,174088.0733,NA,3,3,7,1990
Great Central Lake,1997,275397,174088.0733,NA,4,2,7,1990
Great Central Lake,1997,275397,174088.0733,NA,4,3,8,1989
Great Central Lake,1997,275397,174088.0733,NA,0,1,2,1995
Great Central Lake,1998,406622,184541.7669,88466,1,1,3,1995
Great Central Lake,1998,406622,184541.7669,75237,1,2,4,1994
Great Central Lake,1998,406622,184541.7669,5963,2,1,4,1994
Great Central Lake,1998,406622,184541.7669,137422,1,3,5,1993
Great Central Lake,1998,406622,184541.7669,78074,2,2,5,1993
Great Central Lake,1998,406622,184541.7669,NA,1,4,6,1992
Great Central Lake,1998,406622,184541.7669,21461,2,3,6,1992
Great Central Lake,1998,406622,184541.7669,NA,0,2,3,1995
Great Central Lake,1998,406622,184541.7669,NA,0,3,4,1994
Great Central Lake,1998,406622,184541.7669,NA,3,1,5,1993
Great Central Lake,1998,406622,184541.7669,NA,3,2,6,1992
Great Central Lake,1998,406622,184541.7669,NA,4,1,6,1992
Great Central Lake,1998,406622,184541.7669,NA,1,5,7,1991
Great Central Lake,1998,406622,184541.7669,NA,2,4,7,1991
Great Central Lake,1998,406622,184541.7669,NA,3,3,7,1991
Great Central Lake,1998,406622,184541.7669,NA,4,2,7,1991
Great Central Lake,1998,406622,184541.7669,NA,4,3,8,1990
Great Central Lake,1998,406622,184541.7669,NA,0,1,2,1996
Great Central Lake,1999,269747,203969.221,5428,1,1,3,1996
Great Central Lake,1999,269747,203969.221,87799,1,2,4,1995
Great Central Lake,1999,269747,203969.221,2805,2,1,4,1995
Great Central Lake,1999,269747,203969.221,122140,1,3,5,1994
Great Central Lake,1999,269747,203969.221,22982,2,2,5,1994
Great Central Lake,1999,269747,203969.221,NA,1,4,6,1993
Great Central Lake,1999,269747,203969.221,28592,2,3,6,1993
Great Central Lake,1999,269747,203969.221,NA,0,2,3,1996
Great Central Lake,1999,269747,203969.221,NA,0,3,4,1995
Great Central Lake,1999,269747,203969.221,NA,3,1,5,1994
Great Central Lake,1999,269747,203969.221,NA,3,2,6,1993
Great Central Lake,1999,269747,203969.221,NA,4,1,6,1993
Great Central Lake,1999,269747,203969.221,NA,1,5,7,1992
Great Central Lake,1999,269747,203969.221,NA,2,4,7,1992
Great Central Lake,1999,269747,203969.221,NA,3,3,7,1992
Great Central Lake,1999,269747,203969.221,NA,4,2,7,1992
Great Central Lake,1999,269747,203969.221,NA,4,3,8,1991
Great Central Lake,1999,269747,203969.221,NA,0,1,2,1997
Great Central Lake,2000,108772,52042.75861,7825,1,1,3,1997
Great Central Lake,2000,108772,52042.75861,14426,1,2,4,1996
Great Central Lake,2000,108772,52042.75861,13228,2,1,4,1996
Great Central Lake,2000,108772,52042.75861,56656,1,3,5,1995
Great Central Lake,2000,108772,52042.75861,3056,2,2,5,1995
Great Central Lake,2000,108772,52042.75861,NA,1,4,6,1994
Great Central Lake,2000,108772,52042.75861,13581,2,3,6,1994
Great Central Lake,2000,108772,52042.75861,NA,0,2,3,1997
Great Central Lake,2000,108772,52042.75861,NA,0,3,4,1996
Great Central Lake,2000,108772,52042.75861,NA,3,1,5,1995
Great Central Lake,2000,108772,52042.75861,NA,3,2,6,1994
Great Central Lake,2000,108772,52042.75861,NA,4,1,6,1994
Great Central Lake,2000,108772,52042.75861,NA,1,5,7,1993
Great Central Lake,2000,108772,52042.75861,NA,2,4,7,1993
Great Central Lake,2000,108772,52042.75861,NA,3,3,7,1993
Great Central Lake,2000,108772,52042.75861,NA,4,2,7,1993
Great Central Lake,2000,108772,52042.75861,NA,4,3,8,1992
Great Central Lake,2000,108772,52042.75861,NA,0,1,2,1998
Great Central Lake,2001,522691,307105.9177,67123,1,1,3,1998
Great Central Lake,2001,522691,307105.9177,263591,1,2,4,1997
Great Central Lake,2001,522691,307105.9177,36500,2,1,4,1997
Great Central Lake,2001,522691,307105.9177,6543,1,3,5,1996
Great Central Lake,2001,522691,307105.9177,146034,2,2,5,1996
Great Central Lake,2001,522691,307105.9177,NA,1,4,6,1995
Great Central Lake,2001,522691,307105.9177,2901,2,3,6,1995
Great Central Lake,2001,522691,307105.9177,NA,0,2,3,1998
Great Central Lake,2001,522691,307105.9177,NA,0,3,4,1997
Great Central Lake,2001,522691,307105.9177,NA,3,1,5,1996
Great Central Lake,2001,522691,307105.9177,NA,3,2,6,1995
Great Central Lake,2001,522691,307105.9177,NA,4,1,6,1995
Great Central Lake,2001,522691,307105.9177,NA,1,5,7,1994
Great Central Lake,2001,522691,307105.9177,NA,2,4,7,1994
Great Central Lake,2001,522691,307105.9177,NA,3,3,7,1994
Great Central Lake,2001,522691,307105.9177,NA,4,2,7,1994
Great Central Lake,2001,522691,307105.9177,NA,4,3,8,1993
Great Central Lake,2001,522691,307105.9177,NA,0,1,2,1999
Great Central Lake,2002,669447,259481.6302,16541,1,1,3,1999
Great Central Lake,2002,669447,259481.6302,198279,1,2,4,1998
Great Central Lake,2002,669447,259481.6302,10703,2,1,4,1998
Great Central Lake,2002,669447,259481.6302,259931,1,3,5,1997
Great Central Lake,2002,669447,259481.6302,107709,2,2,5,1997
Great Central Lake,2002,669447,259481.6302,NA,1,4,6,1996
Great Central Lake,2002,669447,259481.6302,76285,2,3,6,1996
Great Central Lake,2002,669447,259481.6302,NA,0,2,3,1999
Great Central Lake,2002,669447,259481.6302,NA,0,3,4,1998
Great Central Lake,2002,669447,259481.6302,NA,3,1,5,1997
Great Central Lake,2002,669447,259481.6302,NA,3,2,6,1996
Great Central Lake,2002,669447,259481.6302,NA,4,1,6,1996
Great Central Lake,2002,669447,259481.6302,NA,1,5,7,1995
Great Central Lake,2002,669447,259481.6302,NA,2,4,7,1995
Great Central Lake,2002,669447,259481.6302,NA,3,3,7,1995
Great Central Lake,2002,669447,259481.6302,NA,4,2,7,1995
Great Central Lake,2002,669447,259481.6302,NA,4,3,8,1994
Great Central Lake,2002,669447,259481.6302,NA,0,1,2,2000
Great Central Lake,2003,527584,223545.6125,15173,1,1,3,2000
Great Central Lake,2003,527584,223545.6125,252463,1,2,4,1999
Great Central Lake,2003,527584,223545.6125,13790,2,1,4,1999
Great Central Lake,2003,527584,223545.6125,141187,1,3,5,1998
Great Central Lake,2003,527584,223545.6125,63351,2,2,5,1998
Great Central Lake,2003,527584,223545.6125,NA,1,4,6,1997
Great Central Lake,2003,527584,223545.6125,41620,2,3,6,1997
Great Central Lake,2003,527584,223545.6125,NA,0,2,3,2000
Great Central Lake,2003,527584,223545.6125,NA,0,3,4,1999
Great Central Lake,2003,527584,223545.6125,NA,3,1,5,1998
Great Central Lake,2003,527584,223545.6125,NA,3,2,6,1997
Great Central Lake,2003,527584,223545.6125,NA,4,1,6,1997
Great Central Lake,2003,527584,223545.6125,NA,1,5,7,1996
Great Central Lake,2003,527584,223545.6125,NA,2,4,7,1996
Great Central Lake,2003,527584,223545.6125,NA,3,3,7,1996
Great Central Lake,2003,527584,223545.6125,NA,4,2,7,1996
Great Central Lake,2003,527584,223545.6125,NA,4,3,8,1995
Great Central Lake,2003,527584,223545.6125,NA,0,1,2,2001
Great Central Lake,2004,427025,213021.382,9653,1,1,3,2001
Great Central Lake,2004,427025,213021.382,130923,1,2,4,2000
Great Central Lake,2004,427025,213021.382,2287,2,1,4,2000
Great Central Lake,2004,427025,213021.382,210359,1,3,5,1999
Great Central Lake,2004,427025,213021.382,36028,2,2,5,1999
Great Central Lake,2004,427025,213021.382,NA,1,4,6,1998
Great Central Lake,2004,427025,213021.382,37776,2,3,6,1998
Great Central Lake,2004,427025,213021.382,NA,0,2,3,2001
Great Central Lake,2004,427025,213021.382,NA,0,3,4,2000
Great Central Lake,2004,427025,213021.382,NA,3,1,5,1999
Great Central Lake,2004,427025,213021.382,NA,3,2,6,1998
Great Central Lake,2004,427025,213021.382,NA,4,1,6,1998
Great Central Lake,2004,427025,213021.382,NA,1,5,7,1997
Great Central Lake,2004,427025,213021.382,NA,2,4,7,1997
Great Central Lake,2004,427025,213021.382,NA,3,3,7,1997
Great Central Lake,2004,427025,213021.382,NA,4,2,7,1997
Great Central Lake,2004,427025,213021.382,NA,4,3,8,1996
Great Central Lake,2004,427025,213021.382,NA,0,1,2,2002
Great Central Lake,2005,257985,172961.8927,7812,1,1,3,2002
Great Central Lake,2005,257985,172961.8927,133028,1,2,4,2001
Great Central Lake,2005,257985,172961.8927,15391,2,1,4,2001
Great Central Lake,2005,257985,172961.8927,50637,1,3,5,2000
Great Central Lake,2005,257985,172961.8927,10654,2,2,5,2000
Great Central Lake,2005,257985,172961.8927,NA,1,4,6,1999
Great Central Lake,2005,257985,172961.8927,40463,2,3,6,1999
Great Central Lake,2005,257985,172961.8927,NA,0,2,3,2002
Great Central Lake,2005,257985,172961.8927,NA,0,3,4,2001
Great Central Lake,2005,257985,172961.8927,NA,3,1,5,2000
Great Central Lake,2005,257985,172961.8927,NA,3,2,6,1999
Great Central Lake,2005,257985,172961.8927,NA,4,1,6,1999
Great Central Lake,2005,257985,172961.8927,NA,1,5,7,1998
Great Central Lake,2005,257985,172961.8927,NA,2,4,7,1998
Great Central Lake,2005,257985,172961.8927,NA,3,3,7,1998
Great Central Lake,2005,257985,172961.8927,NA,4,2,7,1998
Great Central Lake,2005,257985,172961.8927,NA,4,3,8,1997
Great Central Lake,2005,257985,172961.8927,NA,0,1,2,2003
Great Central Lake,2006,197534,135492.6206,754,1,1,3,2003
Great Central Lake,2006,197534,135492.6206,37991,1,2,4,2002
Great Central Lake,2006,197534,135492.6206,0,2,1,4,2002
Great Central Lake,2006,197534,135492.6206,43031,1,3,5,2001
Great Central Lake,2006,197534,135492.6206,111922,2,2,5,2001
Great Central Lake,2006,197534,135492.6206,NA,1,4,6,2000
Great Central Lake,2006,197534,135492.6206,3836,2,3,6,2000
Great Central Lake,2006,197534,135492.6206,NA,0,2,3,2003
Great Central Lake,2006,197534,135492.6206,NA,0,3,4,2002
Great Central Lake,2006,197534,135492.6206,NA,3,1,5,2001
Great Central Lake,2006,197534,135492.6206,NA,3,2,6,2000
Great Central Lake,2006,197534,135492.6206,NA,4,1,6,2000
Great Central Lake,2006,197534,135492.6206,NA,1,5,7,1999
Great Central Lake,2006,197534,135492.6206,NA,2,4,7,1999
Great Central Lake,2006,197534,135492.6206,NA,3,3,7,1999
Great Central Lake,2006,197534,135492.6206,NA,4,2,7,1999
Great Central Lake,2006,197534,135492.6206,NA,4,3,8,1998
Great Central Lake,2006,197534,135492.6206,NA,0,1,2,2004
Great Central Lake,2007,82625,67716.87403,9774,1,1,3,2004
Great Central Lake,2007,82625,67716.87403,5617,1,2,4,2003
Great Central Lake,2007,82625,67716.87403,236,2,1,4,2003
Great Central Lake,2007,82625,67716.87403,49737,1,3,5,2002
Great Central Lake,2007,82625,67716.87403,444,2,2,5,2002
Great Central Lake,2007,82625,67716.87403,NA,1,4,6,2001
Great Central Lake,2007,82625,67716.87403,16816,2,3,6,2001
Great Central Lake,2007,82625,67716.87403,NA,0,2,3,2004
Great Central Lake,2007,82625,67716.87403,NA,0,3,4,2003
Great Central Lake,2007,82625,67716.87403,NA,3,1,5,2002
Great Central Lake,2007,82625,67716.87403,NA,3,2,6,2001
Great Central Lake,2007,82625,67716.87403,NA,4,1,6,2001
Great Central Lake,2007,82625,67716.87403,NA,1,5,7,2000
Great Central Lake,2007,82625,67716.87403,NA,2,4,7,2000
Great Central Lake,2007,82625,67716.87403,NA,3,3,7,2000
Great Central Lake,2007,82625,67716.87403,NA,4,2,7,2000
Great Central Lake,2007,82625,67716.87403,NA,4,3,8,1999
Great Central Lake,2007,82625,67716.87403,NA,0,1,2,2005
Great Central Lake,2008,74024,59588.56228,12847,1,1,3,2005
Great Central Lake,2008,74024,59588.56228,48903,1,2,4,2004
Great Central Lake,2008,74024,59588.56228,1588,2,1,4,2004
Great Central Lake,2008,74024,59588.56228,3143,1,3,5,2003
Great Central Lake,2008,74024,59588.56228,6462,2,2,5,2003
Great Central Lake,2008,74024,59588.56228,NA,1,4,6,2002
Great Central Lake,2008,74024,59588.56228,1080,2,3,6,2002
Great Central Lake,2008,74024,59588.56228,NA,0,2,3,2005
Great Central Lake,2008,74024,59588.56228,NA,0,3,4,2004
Great Central Lake,2008,74024,59588.56228,NA,3,1,5,2003
Great Central Lake,2008,74024,59588.56228,NA,3,2,6,2002
Great Central Lake,2008,74024,59588.56228,NA,4,1,6,2002
Great Central Lake,2008,74024,59588.56228,NA,1,5,7,2001
Great Central Lake,2008,74024,59588.56228,NA,2,4,7,2001
Great Central Lake,2008,74024,59588.56228,NA,3,3,7,2001
Great Central Lake,2008,74024,59588.56228,NA,4,2,7,2001
Great Central Lake,2008,74024,59588.56228,NA,4,3,8,2000
Great Central Lake,2008,74024,59588.56228,NA,0,1,2,2006
Great Central Lake,2009,308881,203858.4043,5509,1,1,3,2006
Great Central Lake,2009,308881,203858.4043,175845,1,2,4,2005
Great Central Lake,2009,308881,203858.4043,13605,2,1,4,2005
Great Central Lake,2009,308881,203858.4043,106084,1,3,5,2004
Great Central Lake,2009,308881,203858.4043,6364,2,2,5,2004
Great Central Lake,2009,308881,203858.4043,NA,1,4,6,2003
Great Central Lake,2009,308881,203858.4043,1475,2,3,6,2003
Great Central Lake,2009,308881,203858.4043,NA,0,2,3,2006
Great Central Lake,2009,308881,203858.4043,NA,0,3,4,2005
Great Central Lake,2009,308881,203858.4043,NA,3,1,5,2004
Great Central Lake,2009,308881,203858.4043,NA,3,2,6,2003
Great Central Lake,2009,308881,203858.4043,NA,4,1,6,2003
Great Central Lake,2009,308881,203858.4043,NA,1,5,7,2002
Great Central Lake,2009,308881,203858.4043,NA,2,4,7,2002
Great Central Lake,2009,308881,203858.4043,NA,3,3,7,2002
Great Central Lake,2009,308881,203858.4043,NA,4,2,7,2002
Great Central Lake,2009,308881,203858.4043,NA,4,3,8,2001
Great Central Lake,2009,308881,203858.4043,NA,0,1,2,2007
Great Central Lake,2010,840564,255339.0849,92046,1,1,3,2007
Great Central Lake,2010,840564,255339.0849,512912,1,2,4,2006
Great Central Lake,2010,840564,255339.0849,3109,2,1,4,2006
Great Central Lake,2010,840564,255339.0849,181711,1,3,5,2005
Great Central Lake,2010,840564,255339.0849,34280,2,2,5,2005
Great Central Lake,2010,840564,255339.0849,NA,1,4,6,2004
Great Central Lake,2010,840564,255339.0849,16505,2,3,6,2004
Great Central Lake,2010,840564,255339.0849,NA,0,2,3,2007
Great Central Lake,2010,840564,255339.0849,NA,0,3,4,2006
Great Central Lake,2010,840564,255339.0849,NA,3,1,5,2005
Great Central Lake,2010,840564,255339.0849,NA,3,2,6,2004
Great Central Lake,2010,840564,255339.0849,NA,4,1,6,2004
Great Central Lake,2010,840564,255339.0849,NA,1,5,7,2003
Great Central Lake,2010,840564,255339.0849,NA,2,4,7,2003
Great Central Lake,2010,840564,255339.0849,NA,3,3,7,2003
Great Central Lake,2010,840564,255339.0849,NA,4,2,7,2003
Great Central Lake,2010,840564,255339.0849,NA,4,3,8,2002
Great Central Lake,2010,840564,255339.0849,NA,0,1,2,2008
Great Central Lake,2011,767165,431213.3766,12405,1,1,3,2008
Great Central Lake,2011,767165,431213.3766,283237,1,2,4,2007
Great Central Lake,2011,767165,431213.3766,3369,2,1,4,2007
Great Central Lake,2011,767165,431213.3766,293168,1,3,5,2006
Great Central Lake,2011,767165,431213.3766,138726,2,2,5,2006
Great Central Lake,2011,767165,431213.3766,NA,1,4,6,2005
Great Central Lake,2011,767165,431213.3766,36261,2,3,6,2005
Great Central Lake,2011,767165,431213.3766,NA,0,2,3,2008
Great Central Lake,2011,767165,431213.3766,NA,0,3,4,2007
Great Central Lake,2011,767165,431213.3766,NA,3,1,5,2006
Great Central Lake,2011,767165,431213.3766,NA,3,2,6,2005
Great Central Lake,2011,767165,431213.3766,NA,4,1,6,2005
Great Central Lake,2011,767165,431213.3766,NA,1,5,7,2004
Great Central Lake,2011,767165,431213.3766,NA,2,4,7,2004
Great Central Lake,2011,767165,431213.3766,NA,3,3,7,2004
Great Central Lake,2011,767165,431213.3766,NA,4,2,7,2004
Great Central Lake,2011,767165,431213.3766,NA,4,3,8,2003
Great Central Lake,2011,767165,431213.3766,NA,0,1,2,2009
Great Central Lake,2012,330861,147440.4759,1941,1,1,3,2009
Great Central Lake,2012,330861,147440.4759,61964,1,2,4,2008
Great Central Lake,2012,330861,147440.4759,160,2,1,4,2008
Great Central Lake,2012,330861,147440.4759,231300,1,3,5,2007
Great Central Lake,2012,330861,147440.4759,22007,2,2,5,2007
Great Central Lake,2012,330861,147440.4759,NA,1,4,6,2006
Great Central Lake,2012,330861,147440.4759,13489,2,3,6,2006
Great Central Lake,2012,330861,147440.4759,NA,0,2,3,2009
Great Central Lake,2012,330861,147440.4759,NA,0,3,4,2008
Great Central Lake,2012,330861,147440.4759,NA,3,1,5,2007
Great Central Lake,2012,330861,147440.4759,NA,3,2,6,2006
Great Central Lake,2012,330861,147440.4759,NA,4,1,6,2006
Great Central Lake,2012,330861,147440.4759,NA,1,5,7,2005
Great Central Lake,2012,330861,147440.4759,NA,2,4,7,2005
Great Central Lake,2012,330861,147440.4759,NA,3,3,7,2005
Great Central Lake,2012,330861,147440.4759,NA,4,2,7,2005
Great Central Lake,2012,330861,147440.4759,NA,4,3,8,2004
Great Central Lake,2012,330861,147440.4759,NA,0,1,2,2010
Great Central Lake,2013,211313,66687.66638,98776,1,1,3,2010
Great Central Lake,2013,211313,66687.66638,52715,1,2,4,2009
Great Central Lake,2013,211313,66687.66638,21805,2,1,4,2009
Great Central Lake,2013,211313,66687.66638,22509,1,3,5,2008
Great Central Lake,2013,211313,66687.66638,2176,2,2,5,2008
Great Central Lake,2013,211313,66687.66638,NA,1,4,6,2007
Great Central Lake,2013,211313,66687.66638,13332,2,3,6,2007
Great Central Lake,2013,211313,66687.66638,NA,0,2,3,2010
Great Central Lake,2013,211313,66687.66638,NA,0,3,4,2009
Great Central Lake,2013,211313,66687.66638,NA,3,1,5,2008
Great Central Lake,2013,211313,66687.66638,NA,3,2,6,2007
Great Central Lake,2013,211313,66687.66638,NA,4,1,6,2007
Great Central Lake,2013,211313,66687.66638,NA,1,5,7,2006
Great Central Lake,2013,211313,66687.66638,NA,2,4,7,2006
Great Central Lake,2013,211313,66687.66638,NA,3,3,7,2006
Great Central Lake,2013,211313,66687.66638,NA,4,2,7,2006
Great Central Lake,2013,211313,66687.66638,NA,4,3,8,2005
Great Central Lake,2013,211313,66687.66638,NA,0,1,2,2011
Great Central Lake,2014,354451,66297.57875,96479,1,1,3,2011
Great Central Lake,2014,354451,66297.57875,177027,1,2,4,2010
Great Central Lake,2014,354451,66297.57875,13073,2,1,4,2010
Great Central Lake,2014,354451,66297.57875,58927,1,3,5,2009
Great Central Lake,2014,354451,66297.57875,8126,2,2,5,2009
Great Central Lake,2014,354451,66297.57875,NA,1,4,6,2008
Great Central Lake,2014,354451,66297.57875,819,2,3,6,2008
Great Central Lake,2014,354451,66297.57875,NA,0,2,3,2011
Great Central Lake,2014,354451,66297.57875,NA,0,3,4,2010
Great Central Lake,2014,354451,66297.57875,NA,3,1,5,2009
Great Central Lake,2014,354451,66297.57875,NA,3,2,6,2008
Great Central Lake,2014,354451,66297.57875,NA,4,1,6,2008
Great Central Lake,2014,354451,66297.57875,NA,1,5,7,2007
Great Central Lake,2014,354451,66297.57875,NA,2,4,7,2007
Great Central Lake,2014,354451,66297.57875,NA,3,3,7,2007
Great Central Lake,2014,354451,66297.57875,NA,4,2,7,2007
Great Central Lake,2014,354451,66297.57875,NA,4,3,8,2006
Great Central Lake,2014,354451,66297.57875,NA,0,1,2,2012
Great Central Lake,2015,1003862,417774.43,8568,1,1,3,2012
Great Central Lake,2015,1003862,417774.43,760690,1,2,4,2011
Great Central Lake,2015,1003862,417774.43,1359,2,1,4,2011
Great Central Lake,2015,1003862,417774.43,160962,1,3,5,2010
Great Central Lake,2015,1003862,417774.43,68315,2,2,5,2010
Great Central Lake,2015,1003862,417774.43,NA,1,4,6,2009
Great Central Lake,2015,1003862,417774.43,3968,2,3,6,2009
Great Central Lake,2015,1003862,417774.43,NA,0,2,3,2012
Great Central Lake,2015,1003862,417774.43,NA,0,3,4,2011
Great Central Lake,2015,1003862,417774.43,NA,3,1,5,2010
Great Central Lake,2015,1003862,417774.43,NA,3,2,6,2009
Great Central Lake,2015,1003862,417774.43,NA,4,1,6,2009
Great Central Lake,2015,1003862,417774.43,NA,1,5,7,2008
Great Central Lake,2015,1003862,417774.43,NA,2,4,7,2008
Great Central Lake,2015,1003862,417774.43,NA,3,3,7,2008
Great Central Lake,2015,1003862,417774.43,NA,4,2,7,2008
Great Central Lake,2015,1003862,417774.43,NA,4,3,8,2007
Great Central Lake,2015,1003862,417774.43,NA,0,1,2,2013
Great Central Lake,2016,570963,220952.45,4353,1,1,3,2013
Great Central Lake,2016,570963,220952.45,44238,1,2,4,2012
Great Central Lake,2016,570963,220952.45,0,2,1,4,2012
Great Central Lake,2016,570963,220952.45,494697,1,3,5,2011
Great Central Lake,2016,570963,220952.45,15618,2,2,5,2011
Great Central Lake,2016,570963,220952.45,NA,1,4,6,2010
Great Central Lake,2016,570963,220952.45,12057,2,3,6,2010
Great Central Lake,2016,570963,220952.45,NA,0,2,3,2013
Great Central Lake,2016,570963,220952.45,NA,0,3,4,2012
Great Central Lake,2016,570963,220952.45,NA,3,1,5,2011
Great Central Lake,2016,570963,220952.45,NA,3,2,6,2010
Great Central Lake,2016,570963,220952.45,NA,4,1,6,2010
Great Central Lake,2016,570963,220952.45,NA,1,5,7,2009
Great Central Lake,2016,570963,220952.45,NA,2,4,7,2009
Great Central Lake,2016,570963,220952.45,NA,3,3,7,2009
Great Central Lake,2016,570963,220952.45,NA,4,2,7,2009
Great Central Lake,2016,570963,220952.45,NA,4,3,8,2008
Great Central Lake,2016,570963,220952.45,NA,0,1,2,2014
Great Central Lake,2017,174770,125845.74,12787,1,1,3,2014
Great Central Lake,2017,174770,125845.74,11561,1,2,4,2013
Great Central Lake,2017,174770,125845.74,507,2,1,4,2013
Great Central Lake,2017,174770,125845.74,131445,1,3,5,2012
Great Central Lake,2017,174770,125845.74,4084,2,2,5,2012
Great Central Lake,2017,174770,125845.74,NA,1,4,6,2011
Great Central Lake,2017,174770,125845.74,14385,2,3,6,2011
Great Central Lake,2017,174770,125845.74,NA,0,2,3,2014
Great Central Lake,2017,174770,125845.74,NA,0,3,4,2013
Great Central Lake,2017,174770,125845.74,NA,3,1,5,2012
Great Central Lake,2017,174770,125845.74,NA,3,2,6,2011
Great Central Lake,2017,174770,125845.74,NA,4,1,6,2011
Great Central Lake,2017,174770,125845.74,NA,1,5,7,2010
Great Central Lake,2017,174770,125845.74,NA,2,4,7,2010
Great Central Lake,2017,174770,125845.74,NA,3,3,7,2010
Great Central Lake,2017,174770,125845.74,NA,4,2,7,2010
Great Central Lake,2017,174770,125845.74,NA,4,3,8,2009
Great Central Lake,2017,174770,125845.74,NA,0,1,2,2015
Great Central Lake,2018,53891,36417.81,542,1,1,3,2015
Great Central Lake,2018,53891,36417.81,37074,1,2,4,2014
Great Central Lake,2018,53891,36417.81,1777,2,1,4,2014
Great Central Lake,2018,53891,36417.81,6723,1,3,5,2013
Great Central Lake,2018,53891,36417.81,6135,2,2,5,2013
Great Central Lake,2018,53891,36417.81,NA,1,4,6,2012
Great Central Lake,2018,53891,36417.81,1640,2,3,6,2012
Great Central Lake,2018,53891,36417.81,NA,0,2,3,2015
Great Central Lake,2018,53891,36417.81,NA,0,3,4,2014
Great Central Lake,2018,53891,36417.81,NA,3,1,5,2013
Great Central Lake,2018,53891,36417.81,NA,3,2,6,2012
Great Central Lake,2018,53891,36417.81,NA,4,1,6,2012
Great Central Lake,2018,53891,36417.81,NA,1,5,7,2011
Great Central Lake,2018,53891,36417.81,NA,2,4,7,2011
Great Central Lake,2018,53891,36417.81,NA,3,3,7,2011
Great Central Lake,2018,53891,36417.81,NA,4,2,7,2011
Great Central Lake,2018,53891,36417.81,NA,4,3,8,2010
Great Central Lake,2018,53891,36417.81,NA,0,1,2,2016
Great Central Lake,2019,63683,35982.08,5427,1,1,3,2016
Great Central Lake,2019,63683,35982.08,13516,1,2,4,2015
Great Central Lake,2019,63683,35982.08,7953,2,1,4,2015
Great Central Lake,2019,63683,35982.08,31770,1,3,5,2014
Great Central Lake,2019,63683,35982.08,2592,2,2,5,2014
Great Central Lake,2019,63683,35982.08,NA,1,4,6,2013
Great Central Lake,2019,63683,35982.08,2424,2,3,6,2013
Great Central Lake,2019,63683,35982.08,NA,0,2,3,2016
Great Central Lake,2019,63683,35982.08,NA,0,3,4,2015
Great Central Lake,2019,63683,35982.08,NA,3,1,5,2014
Great Central Lake,2019,63683,35982.08,NA,3,2,6,2013
Great Central Lake,2019,63683,35982.08,NA,4,1,6,2013
Great Central Lake,2019,63683,35982.08,NA,1,5,7,2012
Great Central Lake,2019,63683,35982.08,NA,2,4,7,2012
Great Central Lake,2019,63683,35982.08,NA,3,3,7,2012
Great Central Lake,2019,63683,35982.08,NA,4,2,7,2012
Great Central Lake,2019,63683,35982.08,NA,4,3,8,2011
Great Central Lake,2019,63683,35982.08,NA,0,1,2,2017
Great Central Lake,2020,160399,109174.19,26811,1,1,3,2017
Great Central Lake,2020,160399,109174.19,59482,1,2,4,2016
Great Central Lake,2020,160399,109174.19,9145,2,1,4,2016
Great Central Lake,2020,160399,109174.19,3022,1,3,5,2015
Great Central Lake,2020,160399,109174.19,61788,2,2,5,2015
Great Central Lake,2020,160399,109174.19,NA,1,4,6,2014
Great Central Lake,2020,160399,109174.19,151,2,3,6,2014
Great Central Lake,2020,160399,109174.19,NA,0,2,3,2017
Great Central Lake,2020,160399,109174.19,NA,0,3,4,2016
Great Central Lake,2020,160399,109174.19,NA,3,1,5,2015
Great Central Lake,2020,160399,109174.19,NA,3,2,6,2014
Great Central Lake,2020,160399,109174.19,NA,4,1,6,2014
Great Central Lake,2020,160399,109174.19,NA,1,5,7,2013
Great Central Lake,2020,160399,109174.19,NA,2,4,7,2013
Great Central Lake,2020,160399,109174.19,NA,3,3,7,2013
Great Central Lake,2020,160399,109174.19,NA,4,2,7,2013
Great Central Lake,2020,160399,109174.19,NA,4,3,8,2012
Great Central Lake,2020,160399,109174.19,NA,0,1,2,2018
Great Central Lake,2021,338857,220319,4595,1,1,3,2018
Great Central Lake,2021,338857,220319,116048,1,2,4,2017
Great Central Lake,2021,338857,220319,1964,2,1,4,2017
Great Central Lake,2021,338857,220319,127906,1,3,5,2016
Great Central Lake,2021,338857,220319,34408,2,2,5,2016
Great Central Lake,2021,338857,220319,NA,1,4,6,2015
Great Central Lake,2021,338857,220319,53936,2,3,6,2015
Great Central Lake,2021,338857,220319,NA,0,2,3,2018
Great Central Lake,2021,338857,220319,NA,0,3,4,2017
Great Central Lake,2021,338857,220319,NA,3,1,5,2016
Great Central Lake,2021,338857,220319,NA,3,2,6,2015
Great Central Lake,2021,338857,220319,NA,4,1,6,2015
Great Central Lake,2021,338857,220319,NA,1,5,7,2014
Great Central Lake,2021,338857,220319,NA,2,4,7,2014
Great Central Lake,2021,338857,220319,NA,3,3,7,2014
Great Central Lake,2021,338857,220319,NA,4,2,7,2014
Great Central Lake,2021,338857,220319,NA,4,3,8,2013
Great Central Lake,2021,338857,220319,NA,0,1,2,2019
Great Central Lake,2022,348837,194787,47050,1,1,3,2019
Great Central Lake,2022,348837,194787,66066,1,2,4,2018
Great Central Lake,2022,348837,194787,1619,2,1,4,2018
Great Central Lake,2022,348837,194787,159475,1,3,5,2017
Great Central Lake,2022,348837,194787,18725,2,2,5,2017
Great Central Lake,2022,348837,194787,NA,1,4,6,2016
Great Central Lake,2022,348837,194787,55902,2,3,6,2016
Great Central Lake,2022,348837,194787,NA,0,2,3,2019
Great Central Lake,2022,348837,194787,NA,0,3,4,2018
Great Central Lake,2022,348837,194787,NA,3,1,5,2017
Great Central Lake,2022,348837,194787,NA,3,2,6,2016
Great Central Lake,2022,348837,194787,NA,4,1,6,2016
Great Central Lake,2022,348837,194787,NA,1,5,7,2015
Great Central Lake,2022,348837,194787,NA,2,4,7,2015
Great Central Lake,2022,348837,194787,NA,3,3,7,2015
Great Central Lake,2022,348837,194787,NA,4,2,7,2015
Great Central Lake,2022,348837,194787,NA,4,3,8,2014
Great Central Lake,2022,348837,194787,NA,0,1,2,2020
Great Central Lake,2023,NA,NA,NA,1,1,3,2020
Great Central Lake,2023,NA,NA,NA,1,2,4,2019
Great Central Lake,2023,NA,NA,NA,2,1,4,2019
Great Central Lake,2023,NA,NA,NA,1,3,5,2018
Great Central Lake,2023,NA,NA,NA,2,2,5,2018
Great Central Lake,2023,NA,NA,NA,1,4,6,2017
Great Central Lake,2023,NA,NA,NA,2,3,6,2017
Great Central Lake,2023,NA,NA,NA,0,2,3,2020
Great Central Lake,2023,NA,NA,NA,0,3,4,2019
Great Central Lake,2023,NA,NA,NA,3,1,5,2018
Great Central Lake,2023,NA,NA,NA,3,2,6,2017
Great Central Lake,2023,NA,NA,NA,4,1,6,2017
Great Central Lake,2023,NA,NA,NA,1,5,7,2016
Great Central Lake,2023,NA,NA,NA,2,4,7,2016
Great Central Lake,2023,NA,NA,NA,3,3,7,2016
Great Central Lake,2023,NA,NA,NA,4,2,7,2016
Great Central Lake,2023,NA,NA,NA,4,3,8,2015
Great Central Lake,2023,NA,NA,NA,0,1,2,2021
Great Central Lake,2024,NA,NA,NA,1,1,3,2021
Great Central Lake,2024,NA,NA,NA,1,2,4,2020
Great Central Lake,2024,NA,NA,NA,2,1,4,2020
Great Central Lake,2024,NA,NA,NA,1,3,5,2019
Great Central Lake,2024,NA,NA,NA,2,2,5,2019
Great Central Lake,2024,NA,NA,NA,1,4,6,2018
Great Central Lake,2024,NA,NA,NA,2,3,6,2018
Great Central Lake,2024,NA,NA,NA,0,2,3,2021
Great Central Lake,2024,NA,NA,NA,0,3,4,2020
Great Central Lake,2024,NA,NA,NA,3,1,5,2019
Great Central Lake,2024,NA,NA,NA,3,2,6,2018
Great Central Lake,2024,NA,NA,NA,4,1,6,2018
Great Central Lake,2024,NA,NA,NA,1,5,7,2017
Great Central Lake,2024,NA,NA,NA,2,4,7,2017
Great Central Lake,2024,NA,NA,NA,3,3,7,2017
Great Central Lake,2024,NA,NA,NA,4,2,7,2017
Great Central Lake,2024,NA,NA,NA,4,3,8,2016
Great Central Lake,2024,NA,NA,NA,0,1,2,2022
Great Central Lake,2025,NA,NA,NA,1,1,3,2022
Great Central Lake,2025,NA,NA,NA,1,2,4,2021
Great Central Lake,2025,NA,NA,NA,2,1,4,2021
Great Central Lake,2025,NA,NA,NA,1,3,5,2020
Great Central Lake,2025,NA,NA,NA,2,2,5,2020
Great Central Lake,2025,NA,NA,NA,1,4,6,2019
Great Central Lake,2025,NA,NA,NA,2,3,6,2019
Great Central Lake,2025,NA,NA,NA,0,2,3,2022
Great Central Lake,2025,NA,NA,NA,0,3,4,2021
Great Central Lake,2025,NA,NA,NA,3,1,5,2020
Great Central Lake,2025,NA,NA,NA,3,2,6,2019
Great Central Lake,2025,NA,NA,NA,4,1,6,2019
Great Central Lake,2025,NA,NA,NA,1,5,7,2018
Great Central Lake,2025,NA,NA,NA,2,4,7,2018
Great Central Lake,2025,NA,NA,NA,3,3,7,2018
Great Central Lake,2025,NA,NA,NA,4,2,7,2018
Great Central Lake,2025,NA,NA,NA,4,3,8,2017
Great Central Lake,2025,NA,NA,NA,0,1,2,2023
Sproat Lake,1977,383250,76661.99461,11033,1,1,3,1974
Sproat Lake,1977,383250,76661.99461,190344,1,2,4,1973
Sproat Lake,1977,383250,76661.99461,1178,2,1,4,1973
Sproat Lake,1977,383250,76661.99461,133081,1,3,5,1972
Sproat Lake,1977,383250,76661.99461,33736,2,2,5,1972
Sproat Lake,1977,383250,76661.99461,NA,1,4,6,1971
Sproat Lake,1977,383250,76661.99461,13877,2,3,6,1971
Sproat Lake,1977,383250,76661.99461,NA,0,2,3,1974
Sproat Lake,1977,383250,76661.99461,NA,0,3,4,1973
Sproat Lake,1977,383250,76661.99461,NA,3,1,5,1972
Sproat Lake,1977,383250,76661.99461,NA,3,2,6,1971
Sproat Lake,1977,383250,76661.99461,NA,4,1,6,1971
Sproat Lake,1977,383250,76661.99461,NA,1,5,7,1970
Sproat Lake,1977,383250,76661.99461,NA,2,4,7,1970
Sproat Lake,1977,383250,76661.99461,NA,3,3,7,1970
Sproat Lake,1977,383250,76661.99461,NA,4,2,7,1970
Sproat Lake,1977,383250,76661.99461,NA,4,3,8,1969
Sproat Lake,1977,383250,76661.99461,NA,0,1,2,1975
Sproat Lake,1978,85205,34090.90909,4415,1,1,3,1975
Sproat Lake,1978,85205,34090.90909,34369,1,2,4,1974
Sproat Lake,1978,85205,34090.90909,90,2,1,4,1974
Sproat Lake,1978,85205,34090.90909,36347,1,3,5,1973
Sproat Lake,1978,85205,34090.90909,6430,2,2,5,1973
Sproat Lake,1978,85205,34090.90909,NA,1,4,6,1972
Sproat Lake,1978,85205,34090.90909,3555,2,3,6,1972
Sproat Lake,1978,85205,34090.90909,NA,0,2,3,1975
Sproat Lake,1978,85205,34090.90909,NA,0,3,4,1974
Sproat Lake,1978,85205,34090.90909,NA,3,1,5,1973
Sproat Lake,1978,85205,34090.90909,NA,3,2,6,1972
Sproat Lake,1978,85205,34090.90909,NA,4,1,6,1972
Sproat Lake,1978,85205,34090.90909,NA,1,5,7,1971
Sproat Lake,1978,85205,34090.90909,NA,2,4,7,1971
Sproat Lake,1978,85205,34090.90909,NA,3,3,7,1971
Sproat Lake,1978,85205,34090.90909,NA,4,2,7,1971
Sproat Lake,1978,85205,34090.90909,NA,4,3,8,1970
Sproat Lake,1978,85205,34090.90909,NA,0,1,2,1976
Sproat Lake,1979,233095,42180.84255,38335,1,1,3,1976
Sproat Lake,1979,233095,42180.84255,100411,1,2,4,1975
Sproat Lake,1979,233095,42180.84255,1437,2,1,4,1975
Sproat Lake,1979,233095,42180.84255,71019,1,3,5,1974
Sproat Lake,1979,233095,42180.84255,15145,2,2,5,1974
Sproat Lake,1979,233095,42180.84255,NA,1,4,6,1973
Sproat Lake,1979,233095,42180.84255,6747,2,3,6,1973
Sproat Lake,1979,233095,42180.84255,NA,0,2,3,1976
Sproat Lake,1979,233095,42180.84255,NA,0,3,4,1975
Sproat Lake,1979,233095,42180.84255,NA,3,1,5,1974
Sproat Lake,1979,233095,42180.84255,NA,3,2,6,1973
Sproat Lake,1979,233095,42180.84255,NA,4,1,6,1973
Sproat Lake,1979,233095,42180.84255,NA,1,5,7,1972
Sproat Lake,1979,233095,42180.84255,NA,2,4,7,1972
Sproat Lake,1979,233095,42180.84255,NA,3,3,7,1972
Sproat Lake,1979,233095,42180.84255,NA,4,2,7,1972
Sproat Lake,1979,233095,42180.84255,NA,4,3,8,1971
Sproat Lake,1979,233095,42180.84255,NA,0,1,2,1977
Sproat Lake,1980,364923,124942.534,17508,1,1,3,1977
Sproat Lake,1980,364923,124942.534,203355,1,2,4,1976
Sproat Lake,1980,364923,124942.534,1161,2,1,4,1976
Sproat Lake,1980,364923,124942.534,104379,1,3,5,1975
Sproat Lake,1980,364923,124942.534,28426,2,2,5,1975
Sproat Lake,1980,364923,124942.534,NA,1,4,6,1974
Sproat Lake,1980,364923,124942.534,10094,2,3,6,1974
Sproat Lake,1980,364923,124942.534,NA,0,2,3,1977
Sproat Lake,1980,364923,124942.534,NA,0,3,4,1976
Sproat Lake,1980,364923,124942.534,NA,3,1,5,1975
Sproat Lake,1980,364923,124942.534,NA,3,2,6,1974
Sproat Lake,1980,364923,124942.534,NA,4,1,6,1974
Sproat Lake,1980,364923,124942.534,NA,1,5,7,1973
Sproat Lake,1980,364923,124942.534,NA,2,4,7,1973
Sproat Lake,1980,364923,124942.534,NA,3,3,7,1973
Sproat Lake,1980,364923,124942.534,NA,4,2,7,1973
Sproat Lake,1980,364923,124942.534,NA,4,3,8,1972
Sproat Lake,1980,364923,124942.534,NA,0,1,2,1978
Sproat Lake,1981,502830,118709.6861,26815,1,1,3,1978
Sproat Lake,1981,502830,118709.6861,241395,1,2,4,1977
Sproat Lake,1981,502830,118709.6861,3573,2,1,4,1977
Sproat Lake,1981,502830,118709.6861,178713,1,3,5,1976
Sproat Lake,1981,502830,118709.6861,35719,2,2,5,1976
Sproat Lake,1981,502830,118709.6861,NA,1,4,6,1975
Sproat Lake,1981,502830,118709.6861,16615,2,3,6,1975
Sproat Lake,1981,502830,118709.6861,NA,0,2,3,1978
Sproat Lake,1981,502830,118709.6861,NA,0,3,4,1977
Sproat Lake,1981,502830,118709.6861,NA,3,1,5,1976
Sproat Lake,1981,502830,118709.6861,NA,3,2,6,1975
Sproat Lake,1981,502830,118709.6861,NA,4,1,6,1975
Sproat Lake,1981,502830,118709.6861,NA,1,5,7,1974
Sproat Lake,1981,502830,118709.6861,NA,2,4,7,1974
Sproat Lake,1981,502830,118709.6861,NA,3,3,7,1974
Sproat Lake,1981,502830,118709.6861,NA,4,2,7,1974
Sproat Lake,1981,502830,118709.6861,NA,4,3,8,1973
Sproat Lake,1981,502830,118709.6861,NA,0,1,2,1979
Sproat Lake,1982,505253,213477.4163,41539,1,1,3,1979
Sproat Lake,1982,505253,213477.4163,237154,1,2,4,1978
Sproat Lake,1982,505253,213477.4163,633,2,1,4,1978
Sproat Lake,1982,505253,213477.4163,171065,1,3,5,1977
Sproat Lake,1982,505253,213477.4163,42809,2,2,5,1977
Sproat Lake,1982,505253,213477.4163,NA,1,4,6,1976
Sproat Lake,1982,505253,213477.4163,12053,2,3,6,1976
Sproat Lake,1982,505253,213477.4163,NA,0,2,3,1979
Sproat Lake,1982,505253,213477.4163,NA,0,3,4,1978
Sproat Lake,1982,505253,213477.4163,NA,3,1,5,1977
Sproat Lake,1982,505253,213477.4163,NA,3,2,6,1976
Sproat Lake,1982,505253,213477.4163,NA,4,1,6,1976
Sproat Lake,1982,505253,213477.4163,NA,1,5,7,1975
Sproat Lake,1982,505253,213477.4163,NA,2,4,7,1975
Sproat Lake,1982,505253,213477.4163,NA,3,3,7,1975
Sproat Lake,1982,505253,213477.4163,NA,4,2,7,1975
Sproat Lake,1982,505253,213477.4163,NA,4,3,8,1974
Sproat Lake,1982,505253,213477.4163,NA,0,1,2,1980
Sproat Lake,1983,633080,239763.0622,24821,1,1,3,1980
Sproat Lake,1983,633080,239763.0622,319830,1,2,4,1979
Sproat Lake,1983,633080,239763.0622,3391,2,1,4,1979
Sproat Lake,1983,633080,239763.0622,225918,1,3,5,1978
Sproat Lake,1983,633080,239763.0622,40408,2,2,5,1978
Sproat Lake,1983,633080,239763.0622,NA,1,4,6,1977
Sproat Lake,1983,633080,239763.0622,18713,2,3,6,1977
Sproat Lake,1983,633080,239763.0622,NA,0,2,3,1980
Sproat Lake,1983,633080,239763.0622,NA,0,3,4,1979
Sproat Lake,1983,633080,239763.0622,NA,3,1,5,1978
Sproat Lake,1983,633080,239763.0622,NA,3,2,6,1977
Sproat Lake,1983,633080,239763.0622,NA,4,1,6,1977
Sproat Lake,1983,633080,239763.0622,NA,1,5,7,1976
Sproat Lake,1983,633080,239763.0622,NA,2,4,7,1976
Sproat Lake,1983,633080,239763.0622,NA,3,3,7,1976
Sproat Lake,1983,633080,239763.0622,NA,4,2,7,1976
Sproat Lake,1983,633080,239763.0622,NA,4,3,8,1975
Sproat Lake,1983,633080,239763.0622,NA,0,1,2,1981
Sproat Lake,1984,510049,76373.17582,19031,1,1,3,1981
Sproat Lake,1984,510049,76373.17582,267489,1,2,4,1980
Sproat Lake,1984,510049,76373.17582,947,2,1,4,1980
Sproat Lake,1984,510049,76373.17582,162898,1,3,5,1979
Sproat Lake,1984,510049,76373.17582,37810,2,2,5,1979
Sproat Lake,1984,510049,76373.17582,NA,1,4,6,1978
Sproat Lake,1984,510049,76373.17582,21874,2,3,6,1978
Sproat Lake,1984,510049,76373.17582,NA,0,2,3,1981
Sproat Lake,1984,510049,76373.17582,NA,0,3,4,1980
Sproat Lake,1984,510049,76373.17582,NA,3,1,5,1979
Sproat Lake,1984,510049,76373.17582,NA,3,2,6,1978
Sproat Lake,1984,510049,76373.17582,NA,4,1,6,1978
Sproat Lake,1984,510049,76373.17582,NA,1,5,7,1977
Sproat Lake,1984,510049,76373.17582,NA,2,4,7,1977
Sproat Lake,1984,510049,76373.17582,NA,3,3,7,1977
Sproat Lake,1984,510049,76373.17582,NA,4,2,7,1977
Sproat Lake,1984,510049,76373.17582,NA,4,3,8,1976
Sproat Lake,1984,510049,76373.17582,NA,0,1,2,1982
Sproat Lake,1985,286920,113688.1032,39662,1,1,3,1982
Sproat Lake,1985,286920,113688.1032,139898,1,2,4,1981
Sproat Lake,1985,286920,113688.1032,5989,2,1,4,1981
Sproat Lake,1985,286920,113688.1032,84027,1,3,5,1980
Sproat Lake,1985,286920,113688.1032,12046,2,2,5,1980
Sproat Lake,1985,286920,113688.1032,NA,1,4,6,1979
Sproat Lake,1985,286920,113688.1032,5298,2,3,6,1979
Sproat Lake,1985,286920,113688.1032,NA,0,2,3,1982
Sproat Lake,1985,286920,113688.1032,NA,0,3,4,1981
Sproat Lake,1985,286920,113688.1032,NA,3,1,5,1980
Sproat Lake,1985,286920,113688.1032,NA,3,2,6,1979
Sproat Lake,1985,286920,113688.1032,NA,4,1,6,1979
Sproat Lake,1985,286920,113688.1032,NA,1,5,7,1978
Sproat Lake,1985,286920,113688.1032,NA,2,4,7,1978
Sproat Lake,1985,286920,113688.1032,NA,3,3,7,1978
Sproat Lake,1985,286920,113688.1032,NA,4,2,7,1978
Sproat Lake,1985,286920,113688.1032,NA,4,3,8,1977
Sproat Lake,1985,286920,113688.1032,NA,0,1,2,1983
Sproat Lake,1986,239543,173915.3583,16808,1,1,3,1983
Sproat Lake,1986,239543,173915.3583,98071,1,2,4,1982
Sproat Lake,1986,239543,173915.3583,2243,2,1,4,1982
Sproat Lake,1986,239543,173915.3583,105467,1,3,5,1981
Sproat Lake,1986,239543,173915.3583,14905,2,2,5,1981
Sproat Lake,1986,239543,173915.3583,NA,1,4,6,1980
Sproat Lake,1986,239543,173915.3583,2048,2,3,6,1980
Sproat Lake,1986,239543,173915.3583,NA,0,2,3,1983
Sproat Lake,1986,239543,173915.3583,NA,0,3,4,1982
Sproat Lake,1986,239543,173915.3583,NA,3,1,5,1981
Sproat Lake,1986,239543,173915.3583,NA,3,2,6,1980
Sproat Lake,1986,239543,173915.3583,NA,4,1,6,1980
Sproat Lake,1986,239543,173915.3583,NA,1,5,7,1979
Sproat Lake,1986,239543,173915.3583,NA,2,4,7,1979
Sproat Lake,1986,239543,173915.3583,NA,3,3,7,1979
Sproat Lake,1986,239543,173915.3583,NA,4,2,7,1979
Sproat Lake,1986,239543,173915.3583,NA,4,3,8,1978
Sproat Lake,1986,239543,173915.3583,NA,0,1,2,1984
Sproat Lake,1987,323201,105457.4197,81108,1,1,3,1984
Sproat Lake,1987,323201,105457.4197,175293,1,2,4,1983
Sproat Lake,1987,323201,105457.4197,7021,2,1,4,1983
Sproat Lake,1987,323201,105457.4197,33298,1,3,5,1982
Sproat Lake,1987,323201,105457.4197,23757,2,2,5,1982
Sproat Lake,1987,323201,105457.4197,NA,1,4,6,1981
Sproat Lake,1987,323201,105457.4197,2723,2,3,6,1981
Sproat Lake,1987,323201,105457.4197,NA,0,2,3,1984
Sproat Lake,1987,323201,105457.4197,NA,0,3,4,1983
Sproat Lake,1987,323201,105457.4197,NA,3,1,5,1982
Sproat Lake,1987,323201,105457.4197,NA,3,2,6,1981
Sproat Lake,1987,323201,105457.4197,NA,4,1,6,1981
Sproat Lake,1987,323201,105457.4197,NA,1,5,7,1980
Sproat Lake,1987,323201,105457.4197,NA,2,4,7,1980
Sproat Lake,1987,323201,105457.4197,NA,3,3,7,1980
Sproat Lake,1987,323201,105457.4197,NA,4,2,7,1980
Sproat Lake,1987,323201,105457.4197,NA,4,3,8,1979
Sproat Lake,1987,323201,105457.4197,NA,0,1,2,1985
Sproat Lake,1988,413688,210518.4807,25465,1,1,3,1985
Sproat Lake,1988,413688,210518.4807,218698,1,2,4,1984
Sproat Lake,1988,413688,210518.4807,2694,2,1,4,1984
Sproat Lake,1988,413688,210518.4807,81957,1,3,5,1983
Sproat Lake,1988,413688,210518.4807,78721,2,2,5,1983
Sproat Lake,1988,413688,210518.4807,NA,1,4,6,1982
Sproat Lake,1988,413688,210518.4807,6153,2,3,6,1982
Sproat Lake,1988,413688,210518.4807,NA,0,2,3,1985
Sproat Lake,1988,413688,210518.4807,NA,0,3,4,1984
Sproat Lake,1988,413688,210518.4807,NA,3,1,5,1983
Sproat Lake,1988,413688,210518.4807,NA,3,2,6,1982
Sproat Lake,1988,413688,210518.4807,NA,4,1,6,1982
Sproat Lake,1988,413688,210518.4807,NA,1,5,7,1981
Sproat Lake,1988,413688,210518.4807,NA,2,4,7,1981
Sproat Lake,1988,413688,210518.4807,NA,3,3,7,1981
Sproat Lake,1988,413688,210518.4807,NA,4,2,7,1981
Sproat Lake,1988,413688,210518.4807,NA,4,3,8,1980
Sproat Lake,1988,413688,210518.4807,NA,0,1,2,1986
Sproat Lake,1989,181390,133348.8707,34004,1,1,3,1986
Sproat Lake,1989,181390,133348.8707,97150,1,2,4,1985
Sproat Lake,1989,181390,133348.8707,2271,2,1,4,1985
Sproat Lake,1989,181390,133348.8707,31834,1,3,5,1984
Sproat Lake,1989,181390,133348.8707,4330,2,2,5,1984
Sproat Lake,1989,181390,133348.8707,NA,1,4,6,1983
Sproat Lake,1989,181390,133348.8707,11801,2,3,6,1983
Sproat Lake,1989,181390,133348.8707,NA,0,2,3,1986
Sproat Lake,1989,181390,133348.8707,NA,0,3,4,1985
Sproat Lake,1989,181390,133348.8707,NA,3,1,5,1984
Sproat Lake,1989,181390,133348.8707,NA,3,2,6,1983
Sproat Lake,1989,181390,133348.8707,NA,4,1,6,1983
Sproat Lake,1989,181390,133348.8707,NA,1,5,7,1982
Sproat Lake,1989,181390,133348.8707,NA,2,4,7,1982
Sproat Lake,1989,181390,133348.8707,NA,3,3,7,1982
Sproat Lake,1989,181390,133348.8707,NA,4,2,7,1982
Sproat Lake,1989,181390,133348.8707,NA,4,3,8,1981
Sproat Lake,1989,181390,133348.8707,NA,0,1,2,1987
Sproat Lake,1990,130026,93631.45405,19540,1,1,3,1987
Sproat Lake,1990,130026,93631.45405,66339,1,2,4,1986
Sproat Lake,1990,130026,93631.45405,1048,2,1,4,1986
Sproat Lake,1990,130026,93631.45405,35884,1,3,5,1985
Sproat Lake,1990,130026,93631.45405,5721,2,2,5,1985
Sproat Lake,1990,130026,93631.45405,NA,1,4,6,1984
Sproat Lake,1990,130026,93631.45405,1493,2,3,6,1984
Sproat Lake,1990,130026,93631.45405,NA,0,2,3,1987
Sproat Lake,1990,130026,93631.45405,NA,0,3,4,1986
Sproat Lake,1990,130026,93631.45405,NA,3,1,5,1985
Sproat Lake,1990,130026,93631.45405,NA,3,2,6,1984
Sproat Lake,1990,130026,93631.45405,NA,4,1,6,1984
Sproat Lake,1990,130026,93631.45405,NA,1,5,7,1983
Sproat Lake,1990,130026,93631.45405,NA,2,4,7,1983
Sproat Lake,1990,130026,93631.45405,NA,3,3,7,1983
Sproat Lake,1990,130026,93631.45405,NA,4,2,7,1983
Sproat Lake,1990,130026,93631.45405,NA,4,3,8,1982
Sproat Lake,1990,130026,93631.45405,NA,0,1,2,1988
Sproat Lake,1991,572073,140122.8844,68736,1,1,3,1988
Sproat Lake,1991,572073,140122.8844,323384,1,2,4,1987
Sproat Lake,1991,572073,140122.8844,19654,2,1,4,1987
Sproat Lake,1991,572073,140122.8844,117814,1,3,5,1986
Sproat Lake,1991,572073,140122.8844,36815,2,2,5,1986
Sproat Lake,1991,572073,140122.8844,NA,1,4,6,1985
Sproat Lake,1991,572073,140122.8844,5669,2,3,6,1985
Sproat Lake,1991,572073,140122.8844,NA,0,2,3,1988
Sproat Lake,1991,572073,140122.8844,NA,0,3,4,1987
Sproat Lake,1991,572073,140122.8844,NA,3,1,5,1986
Sproat Lake,1991,572073,140122.8844,NA,3,2,6,1985
Sproat Lake,1991,572073,140122.8844,NA,4,1,6,1985
Sproat Lake,1991,572073,140122.8844,NA,1,5,7,1984
Sproat Lake,1991,572073,140122.8844,NA,2,4,7,1984
Sproat Lake,1991,572073,140122.8844,NA,3,3,7,1984
Sproat Lake,1991,572073,140122.8844,NA,4,2,7,1984
Sproat Lake,1991,572073,140122.8844,NA,4,3,8,1983
Sproat Lake,1991,572073,140122.8844,NA,0,1,2,1989
Sproat Lake,1992,614281,192641.2435,37611,1,1,3,1989
Sproat Lake,1992,614281,192641.2435,310770,1,2,4,1988
Sproat Lake,1992,614281,192641.2435,3683,2,1,4,1988
Sproat Lake,1992,614281,192641.2435,169339,1,3,5,1987
Sproat Lake,1992,614281,192641.2435,83202,2,2,5,1987
Sproat Lake,1992,614281,192641.2435,NA,1,4,6,1986
Sproat Lake,1992,614281,192641.2435,9677,2,3,6,1986
Sproat Lake,1992,614281,192641.2435,NA,0,2,3,1989
Sproat Lake,1992,614281,192641.2435,NA,0,3,4,1988
Sproat Lake,1992,614281,192641.2435,NA,3,1,5,1987
Sproat Lake,1992,614281,192641.2435,NA,3,2,6,1986
Sproat Lake,1992,614281,192641.2435,NA,4,1,6,1986
Sproat Lake,1992,614281,192641.2435,NA,1,5,7,1985
Sproat Lake,1992,614281,192641.2435,NA,2,4,7,1985
Sproat Lake,1992,614281,192641.2435,NA,3,3,7,1985
Sproat Lake,1992,614281,192641.2435,NA,4,2,7,1985
Sproat Lake,1992,614281,192641.2435,NA,4,3,8,1984
Sproat Lake,1992,614281,192641.2435,NA,0,1,2,1990
Sproat Lake,1993,553496,187859.5535,25780,1,1,3,1990
Sproat Lake,1993,553496,187859.5535,249836,1,2,4,1989
Sproat Lake,1993,553496,187859.5535,3673,2,1,4,1989
Sproat Lake,1993,553496,187859.5535,189338,1,3,5,1988
Sproat Lake,1993,553496,187859.5535,47543,2,2,5,1988
Sproat Lake,1993,553496,187859.5535,NA,1,4,6,1987
Sproat Lake,1993,553496,187859.5535,37327,2,3,6,1987
Sproat Lake,1993,553496,187859.5535,NA,0,2,3,1990
Sproat Lake,1993,553496,187859.5535,NA,0,3,4,1989
Sproat Lake,1993,553496,187859.5535,NA,3,1,5,1988
Sproat Lake,1993,553496,187859.5535,NA,3,2,6,1987
Sproat Lake,1993,553496,187859.5535,NA,4,1,6,1987
Sproat Lake,1993,553496,187859.5535,NA,1,5,7,1986
Sproat Lake,1993,553496,187859.5535,NA,2,4,7,1986
Sproat Lake,1993,553496,187859.5535,NA,3,3,7,1986
Sproat Lake,1993,553496,187859.5535,NA,4,2,7,1986
Sproat Lake,1993,553496,187859.5535,NA,4,3,8,1985
Sproat Lake,1993,553496,187859.5535,NA,0,1,2,1991
Sproat Lake,1994,225790,142161.6047,1902,1,1,3,1991
Sproat Lake,1994,225790,142161.6047,109484,1,2,4,1990
Sproat Lake,1994,225790,142161.6047,90,2,1,4,1990
Sproat Lake,1994,225790,142161.6047,81973,1,3,5,1989
Sproat Lake,1994,225790,142161.6047,27054,2,2,5,1989
Sproat Lake,1994,225790,142161.6047,NA,1,4,6,1988
Sproat Lake,1994,225790,142161.6047,5287,2,3,6,1988
Sproat Lake,1994,225790,142161.6047,NA,0,2,3,1991
Sproat Lake,1994,225790,142161.6047,NA,0,3,4,1990
Sproat Lake,1994,225790,142161.6047,NA,3,1,5,1989
Sproat Lake,1994,225790,142161.6047,NA,3,2,6,1988
Sproat Lake,1994,225790,142161.6047,NA,4,1,6,1988
Sproat Lake,1994,225790,142161.6047,NA,1,5,7,1987
Sproat Lake,1994,225790,142161.6047,NA,2,4,7,1987
Sproat Lake,1994,225790,142161.6047,NA,3,3,7,1987
Sproat Lake,1994,225790,142161.6047,NA,4,2,7,1987
Sproat Lake,1994,225790,142161.6047,NA,4,3,8,1986
Sproat Lake,1994,225790,142161.6047,NA,0,1,2,1992
Sproat Lake,1995,114922,43254.28653,55368,1,1,3,1992
Sproat Lake,1995,114922,43254.28653,2506,1,2,4,1991
Sproat Lake,1995,114922,43254.28653,4287,2,1,4,1991
Sproat Lake,1995,114922,43254.28653,44556,1,3,5,1990
Sproat Lake,1995,114922,43254.28653,883,2,2,5,1990
Sproat Lake,1995,114922,43254.28653,NA,1,4,6,1989
Sproat Lake,1995,114922,43254.28653,7322,2,3,6,1989
Sproat Lake,1995,114922,43254.28653,NA,0,2,3,1992
Sproat Lake,1995,114922,43254.28653,NA,0,3,4,1991
Sproat Lake,1995,114922,43254.28653,NA,3,1,5,1990
Sproat Lake,1995,114922,43254.28653,NA,3,2,6,1989
Sproat Lake,1995,114922,43254.28653,NA,4,1,6,1989
Sproat Lake,1995,114922,43254.28653,NA,1,5,7,1988
Sproat Lake,1995,114922,43254.28653,NA,2,4,7,1988
Sproat Lake,1995,114922,43254.28653,NA,3,3,7,1988
Sproat Lake,1995,114922,43254.28653,NA,4,2,7,1988
Sproat Lake,1995,114922,43254.28653,NA,4,3,8,1987
Sproat Lake,1995,114922,43254.28653,NA,0,1,2,1993
Sproat Lake,1996,289310,207716.0959,41452,1,1,3,1993
Sproat Lake,1996,289310,207716.0959,190506,1,2,4,1992
Sproat Lake,1996,289310,207716.0959,7004,2,1,4,1992
Sproat Lake,1996,289310,207716.0959,6750,1,3,5,1991
Sproat Lake,1996,289310,207716.0959,42405,2,2,5,1991
Sproat Lake,1996,289310,207716.0959,NA,1,4,6,1990
Sproat Lake,1996,289310,207716.0959,1192,2,3,6,1990
Sproat Lake,1996,289310,207716.0959,NA,0,2,3,1993
Sproat Lake,1996,289310,207716.0959,NA,0,3,4,1992
Sproat Lake,1996,289310,207716.0959,NA,3,1,5,1991
Sproat Lake,1996,289310,207716.0959,NA,3,2,6,1990
Sproat Lake,1996,289310,207716.0959,NA,4,1,6,1990
Sproat Lake,1996,289310,207716.0959,NA,1,5,7,1989
Sproat Lake,1996,289310,207716.0959,NA,2,4,7,1989
Sproat Lake,1996,289310,207716.0959,NA,3,3,7,1989
Sproat Lake,1996,289310,207716.0959,NA,4,2,7,1989
Sproat Lake,1996,289310,207716.0959,NA,4,3,8,1988
Sproat Lake,1996,289310,207716.0959,NA,0,1,2,1994
Sproat Lake,1997,177578,126348.6934,6707,1,1,3,1994
Sproat Lake,1997,177578,126348.6934,103817,1,2,4,1993
Sproat Lake,1997,177578,126348.6934,1874,2,1,4,1993
Sproat Lake,1997,177578,126348.6934,54705,1,3,5,1992
Sproat Lake,1997,177578,126348.6934,8628,2,2,5,1992
Sproat Lake,1997,177578,126348.6934,NA,1,4,6,1991
Sproat Lake,1997,177578,126348.6934,1847,2,3,6,1991
Sproat Lake,1997,177578,126348.6934,NA,0,2,3,1994
Sproat Lake,1997,177578,126348.6934,NA,0,3,4,1993
Sproat Lake,1997,177578,126348.6934,NA,3,1,5,1992
Sproat Lake,1997,177578,126348.6934,NA,3,2,6,1991
Sproat Lake,1997,177578,126348.6934,NA,4,1,6,1991
Sproat Lake,1997,177578,126348.6934,NA,1,5,7,1990
Sproat Lake,1997,177578,126348.6934,NA,2,4,7,1990
Sproat Lake,1997,177578,126348.6934,NA,3,3,7,1990
Sproat Lake,1997,177578,126348.6934,NA,4,2,7,1990
Sproat Lake,1997,177578,126348.6934,NA,4,3,8,1989
Sproat Lake,1997,177578,126348.6934,NA,0,1,2,1995
Sproat Lake,1998,349334,142359.794,133733,1,1,3,1995
Sproat Lake,1998,349334,142359.794,95109,1,2,4,1994
Sproat Lake,1998,349334,142359.794,2191,2,1,4,1994
Sproat Lake,1998,349334,142359.794,105277,1,3,5,1993
Sproat Lake,1998,349334,142359.794,9119,2,2,5,1993
Sproat Lake,1998,349334,142359.794,NA,1,4,6,1992
Sproat Lake,1998,349334,142359.794,3905,2,3,6,1992
Sproat Lake,1998,349334,142359.794,NA,0,2,3,1995
Sproat Lake,1998,349334,142359.794,NA,0,3,4,1994
Sproat Lake,1998,349334,142359.794,NA,3,1,5,1993
Sproat Lake,1998,349334,142359.794,NA,3,2,6,1992
Sproat Lake,1998,349334,142359.794,NA,4,1,6,1992
Sproat Lake,1998,349334,142359.794,NA,1,5,7,1991
Sproat Lake,1998,349334,142359.794,NA,2,4,7,1991
Sproat Lake,1998,349334,142359.794,NA,3,3,7,1991
Sproat Lake,1998,349334,142359.794,NA,4,2,7,1991
Sproat Lake,1998,349334,142359.794,NA,4,3,8,1990
Sproat Lake,1998,349334,142359.794,NA,0,1,2,1996
Sproat Lake,1999,225547,162775.9967,6878,1,1,3,1996
Sproat Lake,1999,225547,162775.9967,138053,1,2,4,1995
Sproat Lake,1999,225547,162775.9967,990,2,1,4,1995
Sproat Lake,1999,225547,162775.9967,62630,1,3,5,1994
Sproat Lake,1999,225547,162775.9967,14608,2,2,5,1994
Sproat Lake,1999,225547,162775.9967,NA,1,4,6,1993
Sproat Lake,1999,225547,162775.9967,2389,2,3,6,1993
Sproat Lake,1999,225547,162775.9967,NA,0,2,3,1996
Sproat Lake,1999,225547,162775.9967,NA,0,3,4,1995
Sproat Lake,1999,225547,162775.9967,NA,3,1,5,1994
Sproat Lake,1999,225547,162775.9967,NA,3,2,6,1993
Sproat Lake,1999,225547,162775.9967,NA,4,1,6,1993
Sproat Lake,1999,225547,162775.9967,NA,1,5,7,1992
Sproat Lake,1999,225547,162775.9967,NA,2,4,7,1992
Sproat Lake,1999,225547,162775.9967,NA,3,3,7,1992
Sproat Lake,1999,225547,162775.9967,NA,4,2,7,1992
Sproat Lake,1999,225547,162775.9967,NA,4,3,8,1991
Sproat Lake,1999,225547,162775.9967,NA,0,1,2,1997
Sproat Lake,2000,194136,108568.4425,15013,1,1,3,1997
Sproat Lake,2000,194136,108568.4425,56826,1,2,4,1996
Sproat Lake,2000,194136,108568.4425,4761,2,1,4,1996
Sproat Lake,2000,194136,108568.4425,106097,1,3,5,1995
Sproat Lake,2000,194136,108568.4425,3585,2,2,5,1995
Sproat Lake,2000,194136,108568.4425,NA,1,4,6,1994
Sproat Lake,2000,194136,108568.4425,7852,2,3,6,1994
Sproat Lake,2000,194136,108568.4425,NA,0,2,3,1997
Sproat Lake,2000,194136,108568.4425,NA,0,3,4,1996
Sproat Lake,2000,194136,108568.4425,NA,3,1,5,1995
Sproat Lake,2000,194136,108568.4425,NA,3,2,6,1994
Sproat Lake,2000,194136,108568.4425,NA,4,1,6,1994
Sproat Lake,2000,194136,108568.4425,NA,1,5,7,1993
Sproat Lake,2000,194136,108568.4425,NA,2,4,7,1993
Sproat Lake,2000,194136,108568.4425,NA,3,3,7,1993
Sproat Lake,2000,194136,108568.4425,NA,4,2,7,1993
Sproat Lake,2000,194136,108568.4425,NA,4,3,8,1992
Sproat Lake,2000,194136,108568.4425,NA,0,1,2,1998
Sproat Lake,2001,489391,158923.4836,215820,1,1,3,1998
Sproat Lake,2001,489391,158923.4836,192079,1,2,4,1997
Sproat Lake,2001,489391,158923.4836,1828,2,1,4,1997
Sproat Lake,2001,489391,158923.4836,28961,1,3,5,1996
Sproat Lake,2001,489391,158923.4836,46612,2,2,5,1996
Sproat Lake,2001,489391,158923.4836,NA,1,4,6,1995
Sproat Lake,2001,489391,158923.4836,4091,2,3,6,1995
Sproat Lake,2001,489391,158923.4836,NA,0,2,3,1998
Sproat Lake,2001,489391,158923.4836,NA,0,3,4,1997
Sproat Lake,2001,489391,158923.4836,NA,3,1,5,1996
Sproat Lake,2001,489391,158923.4836,NA,3,2,6,1995
Sproat Lake,2001,489391,158923.4836,NA,4,1,6,1995
Sproat Lake,2001,489391,158923.4836,NA,1,5,7,1994
Sproat Lake,2001,489391,158923.4836,NA,2,4,7,1994
Sproat Lake,2001,489391,158923.4836,NA,3,3,7,1994
Sproat Lake,2001,489391,158923.4836,NA,4,2,7,1994
Sproat Lake,2001,489391,158923.4836,NA,4,3,8,1993
Sproat Lake,2001,489391,158923.4836,NA,0,1,2,1999
Sproat Lake,2002,432141,190971.2796,27890,1,1,3,1999
Sproat Lake,2002,432141,190971.2796,286793,1,2,4,1998
Sproat Lake,2002,432141,190971.2796,3306,2,1,4,1998
Sproat Lake,2002,432141,190971.2796,80951,1,3,5,1997
Sproat Lake,2002,432141,190971.2796,31824,2,2,5,1997
Sproat Lake,2002,432141,190971.2796,NA,1,4,6,1996
Sproat Lake,2002,432141,190971.2796,1378,2,3,6,1996
Sproat Lake,2002,432141,190971.2796,NA,0,2,3,1999
Sproat Lake,2002,432141,190971.2796,NA,0,3,4,1998
Sproat Lake,2002,432141,190971.2796,NA,3,1,5,1997
Sproat Lake,2002,432141,190971.2796,NA,3,2,6,1996
Sproat Lake,2002,432141,190971.2796,NA,4,1,6,1996
Sproat Lake,2002,432141,190971.2796,NA,1,5,7,1995
Sproat Lake,2002,432141,190971.2796,NA,2,4,7,1995
Sproat Lake,2002,432141,190971.2796,NA,3,3,7,1995
Sproat Lake,2002,432141,190971.2796,NA,4,2,7,1995
Sproat Lake,2002,432141,190971.2796,NA,4,3,8,1994
Sproat Lake,2002,432141,190971.2796,NA,0,1,2,2000
Sproat Lake,2003,443396,163806.5365,25450,1,1,3,2000
Sproat Lake,2003,443396,163806.5365,189920,1,2,4,1999
Sproat Lake,2003,443396,163806.5365,915,2,1,4,1999
Sproat Lake,2003,443396,163806.5365,201179,1,3,5,1998
Sproat Lake,2003,443396,163806.5365,20824,2,2,5,1998
Sproat Lake,2003,443396,163806.5365,NA,1,4,6,1997
Sproat Lake,2003,443396,163806.5365,5108,2,3,6,1997
Sproat Lake,2003,443396,163806.5365,NA,0,2,3,2000
Sproat Lake,2003,443396,163806.5365,NA,0,3,4,1999
Sproat Lake,2003,443396,163806.5365,NA,3,1,5,1998
Sproat Lake,2003,443396,163806.5365,NA,3,2,6,1997
Sproat Lake,2003,443396,163806.5365,NA,4,1,6,1997
Sproat Lake,2003,443396,163806.5365,NA,1,5,7,1996
Sproat Lake,2003,443396,163806.5365,NA,2,4,7,1996
Sproat Lake,2003,443396,163806.5365,NA,3,3,7,1996
Sproat Lake,2003,443396,163806.5365,NA,4,2,7,1996
Sproat Lake,2003,443396,163806.5365,NA,4,3,8,1995
Sproat Lake,2003,443396,163806.5365,NA,0,1,2,2001
Sproat Lake,2004,282481,113797.5141,37432,1,1,3,2001
Sproat Lake,2004,282481,113797.5141,105741,1,2,4,2000
Sproat Lake,2004,282481,113797.5141,433,2,1,4,2000
Sproat Lake,2004,282481,113797.5141,123593,1,3,5,1999
Sproat Lake,2004,282481,113797.5141,10600,2,2,5,1999
Sproat Lake,2004,282481,113797.5141,NA,1,4,6,1998
Sproat Lake,2004,282481,113797.5141,4683,2,3,6,1998
Sproat Lake,2004,282481,113797.5141,NA,0,2,3,2001
Sproat Lake,2004,282481,113797.5141,NA,0,3,4,2000
Sproat Lake,2004,282481,113797.5141,NA,3,1,5,1999
Sproat Lake,2004,282481,113797.5141,NA,3,2,6,1998
Sproat Lake,2004,282481,113797.5141,NA,4,1,6,1998
Sproat Lake,2004,282481,113797.5141,NA,1,5,7,1997
Sproat Lake,2004,282481,113797.5141,NA,2,4,7,1997
Sproat Lake,2004,282481,113797.5141,NA,3,3,7,1997
Sproat Lake,2004,282481,113797.5141,NA,4,2,7,1997
Sproat Lake,2004,282481,113797.5141,NA,4,3,8,1996
Sproat Lake,2004,282481,113797.5141,NA,0,1,2,2002
Sproat Lake,2005,192876,131949.391,18473,1,1,3,2002
Sproat Lake,2005,192876,131949.391,85140,1,2,4,2001
Sproat Lake,2005,192876,131949.391,2203,2,1,4,2001
Sproat Lake,2005,192876,131949.391,83275,1,3,5,2000
Sproat Lake,2005,192876,131949.391,2743,2,2,5,2000
Sproat Lake,2005,192876,131949.391,NA,1,4,6,1999
Sproat Lake,2005,192876,131949.391,1042,2,3,6,1999
Sproat Lake,2005,192876,131949.391,NA,0,2,3,2002
Sproat Lake,2005,192876,131949.391,NA,0,3,4,2001
Sproat Lake,2005,192876,131949.391,NA,3,1,5,2000
Sproat Lake,2005,192876,131949.391,NA,3,2,6,1999
Sproat Lake,2005,192876,131949.391,NA,4,1,6,1999
Sproat Lake,2005,192876,131949.391,NA,1,5,7,1998
Sproat Lake,2005,192876,131949.391,NA,2,4,7,1998
Sproat Lake,2005,192876,131949.391,NA,3,3,7,1998
Sproat Lake,2005,192876,131949.391,NA,4,2,7,1998
Sproat Lake,2005,192876,131949.391,NA,4,3,8,1997
Sproat Lake,2005,192876,131949.391,NA,0,1,2,2003
Sproat Lake,2006,92705,61940.19361,1742,1,1,3,2003
Sproat Lake,2006,92705,61940.19361,64183,1,2,4,2002
Sproat Lake,2006,92705,61940.19361,107,2,1,4,2002
Sproat Lake,2006,92705,61940.19361,20477,1,3,5,2001
Sproat Lake,2006,92705,61940.19361,4357,2,2,5,2001
Sproat Lake,2006,92705,61940.19361,NA,1,4,6,2000
Sproat Lake,2006,92705,61940.19361,1839,2,3,6,2000
Sproat Lake,2006,92705,61940.19361,NA,0,2,3,2003
Sproat Lake,2006,92705,61940.19361,NA,0,3,4,2002
Sproat Lake,2006,92705,61940.19361,NA,3,1,5,2001
Sproat Lake,2006,92705,61940.19361,NA,3,2,6,2000
Sproat Lake,2006,92705,61940.19361,NA,4,1,6,2000
Sproat Lake,2006,92705,61940.19361,NA,1,5,7,1999
Sproat Lake,2006,92705,61940.19361,NA,2,4,7,1999
Sproat Lake,2006,92705,61940.19361,NA,3,3,7,1999
Sproat Lake,2006,92705,61940.19361,NA,4,2,7,1999
Sproat Lake,2006,92705,61940.19361,NA,4,3,8,1998
Sproat Lake,2006,92705,61940.19361,NA,0,1,2,2004
Sproat Lake,2007,77449,52837.04901,19310,1,1,3,2004
Sproat Lake,2007,77449,52837.04901,8340,1,2,4,2003
Sproat Lake,2007,77449,52837.04901,608,2,1,4,2003
Sproat Lake,2007,77449,52837.04901,47148,1,3,5,2002
Sproat Lake,2007,77449,52837.04901,1171,2,2,5,2002
Sproat Lake,2007,77449,52837.04901,NA,1,4,6,2001
Sproat Lake,2007,77449,52837.04901,871,2,3,6,2001
Sproat Lake,2007,77449,52837.04901,NA,0,2,3,2004
Sproat Lake,2007,77449,52837.04901,NA,0,3,4,2003
Sproat Lake,2007,77449,52837.04901,NA,3,1,5,2002
Sproat Lake,2007,77449,52837.04901,NA,3,2,6,2001
Sproat Lake,2007,77449,52837.04901,NA,4,1,6,2001
Sproat Lake,2007,77449,52837.04901,NA,1,5,7,2000
Sproat Lake,2007,77449,52837.04901,NA,2,4,7,2000
Sproat Lake,2007,77449,52837.04901,NA,3,3,7,2000
Sproat Lake,2007,77449,52837.04901,NA,4,2,7,2000
Sproat Lake,2007,77449,52837.04901,NA,4,3,8,1999
Sproat Lake,2007,77449,52837.04901,NA,0,1,2,2005
Sproat Lake,2008,116844,65332.57982,49096,1,1,3,2005
Sproat Lake,2008,116844,65332.57982,53859,1,2,4,2004
Sproat Lake,2008,116844,65332.57982,2416,2,1,4,2004
Sproat Lake,2008,116844,65332.57982,8280,1,3,5,2003
Sproat Lake,2008,116844,65332.57982,2505,2,2,5,2003
Sproat Lake,2008,116844,65332.57982,NA,1,4,6,2002
Sproat Lake,2008,116844,65332.57982,689,2,3,6,2002
Sproat Lake,2008,116844,65332.57982,NA,0,2,3,2005
Sproat Lake,2008,116844,65332.57982,NA,0,3,4,2004
Sproat Lake,2008,116844,65332.57982,NA,3,1,5,2003
Sproat Lake,2008,116844,65332.57982,NA,3,2,6,2002
Sproat Lake,2008,116844,65332.57982,NA,4,1,6,2002
Sproat Lake,2008,116844,65332.57982,NA,1,5,7,2001
Sproat Lake,2008,116844,65332.57982,NA,2,4,7,2001
Sproat Lake,2008,116844,65332.57982,NA,3,3,7,2001
Sproat Lake,2008,116844,65332.57982,NA,4,2,7,2001
Sproat Lake,2008,116844,65332.57982,NA,4,3,8,2000
Sproat Lake,2008,116844,65332.57982,NA,0,1,2,2006
Sproat Lake,2009,240712,130289.2303,40271,1,1,3,2006
Sproat Lake,2009,240712,130289.2303,153053,1,2,4,2005
Sproat Lake,2009,240712,130289.2303,8662,2,1,4,2005
Sproat Lake,2009,240712,130289.2303,33515,1,3,5,2004
Sproat Lake,2009,240712,130289.2303,4804,2,2,5,2004
Sproat Lake,2009,240712,130289.2303,NA,1,4,6,2003
Sproat Lake,2009,240712,130289.2303,408,2,3,6,2003
Sproat Lake,2009,240712,130289.2303,NA,0,2,3,2006
Sproat Lake,2009,240712,130289.2303,NA,0,3,4,2005
Sproat Lake,2009,240712,130289.2303,NA,3,1,5,2004
Sproat Lake,2009,240712,130289.2303,NA,3,2,6,2003
Sproat Lake,2009,240712,130289.2303,NA,4,1,6,2003
Sproat Lake,2009,240712,130289.2303,NA,1,5,7,2002
Sproat Lake,2009,240712,130289.2303,NA,2,4,7,2002
Sproat Lake,2009,240712,130289.2303,NA,3,3,7,2002
Sproat Lake,2009,240712,130289.2303,NA,4,2,7,2002
Sproat Lake,2009,240712,130289.2303,NA,4,3,8,2001
Sproat Lake,2009,240712,130289.2303,NA,0,1,2,2007
Sproat Lake,2010,897996,296956.462,170510,1,1,3,2007
Sproat Lake,2010,897996,296956.462,628450,1,2,4,2006
Sproat Lake,2010,897996,296956.462,960,2,1,4,2006
Sproat Lake,2010,897996,296956.462,63251,1,3,5,2005
Sproat Lake,2010,897996,296956.462,34719,2,2,5,2005
Sproat Lake,2010,897996,296956.462,NA,1,4,6,2004
Sproat Lake,2010,897996,296956.462,105,2,3,6,2004
Sproat Lake,2010,897996,296956.462,NA,0,2,3,2007
Sproat Lake,2010,897996,296956.462,NA,0,3,4,2006
Sproat Lake,2010,897996,296956.462,NA,3,1,5,2005
Sproat Lake,2010,897996,296956.462,NA,3,2,6,2004
Sproat Lake,2010,897996,296956.462,NA,4,1,6,2004
Sproat Lake,2010,897996,296956.462,NA,1,5,7,2003
Sproat Lake,2010,897996,296956.462,NA,2,4,7,2003
Sproat Lake,2010,897996,296956.462,NA,3,3,7,2003
Sproat Lake,2010,897996,296956.462,NA,4,2,7,2003
Sproat Lake,2010,897996,296956.462,NA,4,3,8,2002
Sproat Lake,2010,897996,296956.462,NA,0,1,2,2008
Sproat Lake,2011,701819,381979.5121,52371,1,1,3,2008
Sproat Lake,2011,701819,381979.5121,407685,1,2,4,2007
Sproat Lake,2011,701819,381979.5121,9981,2,1,4,2007
Sproat Lake,2011,701819,381979.5121,172893,1,3,5,2006
Sproat Lake,2011,701819,381979.5121,33777,2,2,5,2006
Sproat Lake,2011,701819,381979.5121,NA,1,4,6,2005
Sproat Lake,2011,701819,381979.5121,25112,2,3,6,2005
Sproat Lake,2011,701819,381979.5121,NA,0,2,3,2008
Sproat Lake,2011,701819,381979.5121,NA,0,3,4,2007
Sproat Lake,2011,701819,381979.5121,NA,3,1,5,2006
Sproat Lake,2011,701819,381979.5121,NA,3,2,6,2005
Sproat Lake,2011,701819,381979.5121,NA,4,1,6,2005
Sproat Lake,2011,701819,381979.5121,NA,1,5,7,2004
Sproat Lake,2011,701819,381979.5121,NA,2,4,7,2004
Sproat Lake,2011,701819,381979.5121,NA,3,3,7,2004
Sproat Lake,2011,701819,381979.5121,NA,4,2,7,2004
Sproat Lake,2011,701819,381979.5121,NA,4,3,8,2003
Sproat Lake,2011,701819,381979.5121,NA,0,1,2,2009
Sproat Lake,2012,427515,192226.1533,34858,1,1,3,2009
Sproat Lake,2012,427515,192226.1533,162363,1,2,4,2008
Sproat Lake,2012,427515,192226.1533,3346,2,1,4,2008
Sproat Lake,2012,427515,192226.1533,198277,1,3,5,2007
Sproat Lake,2012,427515,192226.1533,19383,2,2,5,2007
Sproat Lake,2012,427515,192226.1533,NA,1,4,6,2006
Sproat Lake,2012,427515,192226.1533,9288,2,3,6,2006
Sproat Lake,2012,427515,192226.1533,NA,0,2,3,2009
Sproat Lake,2012,427515,192226.1533,NA,0,3,4,2008
Sproat Lake,2012,427515,192226.1533,NA,3,1,5,2007
Sproat Lake,2012,427515,192226.1533,NA,3,2,6,2006
Sproat Lake,2012,427515,192226.1533,NA,4,1,6,2006
Sproat Lake,2012,427515,192226.1533,NA,1,5,7,2005
Sproat Lake,2012,427515,192226.1533,NA,2,4,7,2005
Sproat Lake,2012,427515,192226.1533,NA,3,3,7,2005
Sproat Lake,2012,427515,192226.1533,NA,4,2,7,2005
Sproat Lake,2012,427515,192226.1533,NA,4,3,8,2004
Sproat Lake,2012,427515,192226.1533,NA,0,1,2,2010
Sproat Lake,2013,529427,119848.9749,352592,1,1,3,2010
Sproat Lake,2013,529427,119848.9749,116478,1,2,4,2009
Sproat Lake,2013,529427,119848.9749,2810,2,1,4,2009
Sproat Lake,2013,529427,119848.9749,43514,1,3,5,2008
Sproat Lake,2013,529427,119848.9749,8513,2,2,5,2008
Sproat Lake,2013,529427,119848.9749,NA,1,4,6,2007
Sproat Lake,2013,529427,119848.9749,5520,2,3,6,2007
Sproat Lake,2013,529427,119848.9749,NA,0,2,3,2010
Sproat Lake,2013,529427,119848.9749,NA,0,3,4,2009
Sproat Lake,2013,529427,119848.9749,NA,3,1,5,2008
Sproat Lake,2013,529427,119848.9749,NA,3,2,6,2007
Sproat Lake,2013,529427,119848.9749,NA,4,1,6,2007
Sproat Lake,2013,529427,119848.9749,NA,1,5,7,2006
Sproat Lake,2013,529427,119848.9749,NA,2,4,7,2006
Sproat Lake,2013,529427,119848.9749,NA,3,3,7,2006
Sproat Lake,2013,529427,119848.9749,NA,4,2,7,2006
Sproat Lake,2013,529427,119848.9749,NA,4,3,8,2005
Sproat Lake,2013,529427,119848.9749,NA,0,1,2,2011
Sproat Lake,2014,828511,159750.6359,225654,1,1,3,2011
Sproat Lake,2014,828511,159750.6359,440583,1,2,4,2010
Sproat Lake,2014,828511,159750.6359,13387,2,1,4,2010
Sproat Lake,2014,828511,159750.6359,134280,1,3,5,2009
Sproat Lake,2014,828511,159750.6359,13472,2,2,5,2009
Sproat Lake,2014,828511,159750.6359,NA,1,4,6,2008
Sproat Lake,2014,828511,159750.6359,1135,2,3,6,2008
Sproat Lake,2014,828511,159750.6359,NA,0,2,3,2011
Sproat Lake,2014,828511,159750.6359,NA,0,3,4,2010
Sproat Lake,2014,828511,159750.6359,NA,3,1,5,2009
Sproat Lake,2014,828511,159750.6359,NA,3,2,6,2008
Sproat Lake,2014,828511,159750.6359,NA,4,1,6,2008
Sproat Lake,2014,828511,159750.6359,NA,1,5,7,2007
Sproat Lake,2014,828511,159750.6359,NA,2,4,7,2007
Sproat Lake,2014,828511,159750.6359,NA,3,3,7,2007
Sproat Lake,2014,828511,159750.6359,NA,4,2,7,2007
Sproat Lake,2014,828511,159750.6359,NA,4,3,8,2006
Sproat Lake,2014,828511,159750.6359,NA,0,1,2,2012
Sproat Lake,2015,1058332,312265.28,16689,1,1,3,2012
Sproat Lake,2015,1058332,312265.28,807022,1,2,4,2011
Sproat Lake,2015,1058332,312265.28,1498,2,1,4,2011
Sproat Lake,2015,1058332,312265.28,181213,1,3,5,2010
Sproat Lake,2015,1058332,312265.28,49533,2,2,5,2010
Sproat Lake,2015,1058332,312265.28,NA,1,4,6,2009
Sproat Lake,2015,1058332,312265.28,2376,2,3,6,2009
Sproat Lake,2015,1058332,312265.28,NA,0,2,3,2012
Sproat Lake,2015,1058332,312265.28,NA,0,3,4,2011
Sproat Lake,2015,1058332,312265.28,NA,3,1,5,2010
Sproat Lake,2015,1058332,312265.28,NA,3,2,6,2009
Sproat Lake,2015,1058332,312265.28,NA,4,1,6,2009
Sproat Lake,2015,1058332,312265.28,NA,1,5,7,2008
Sproat Lake,2015,1058332,312265.28,NA,2,4,7,2008
Sproat Lake,2015,1058332,312265.28,NA,3,3,7,2008
Sproat Lake,2015,1058332,312265.28,NA,4,2,7,2008
Sproat Lake,2015,1058332,312265.28,NA,4,3,8,2007
Sproat Lake,2015,1058332,312265.28,NA,0,1,2,2013
Sproat Lake,2016,525569,211925.58,19663,1,1,3,2013
Sproat Lake,2016,525569,211925.58,80986,1,2,4,2012
Sproat Lake,2016,525569,211925.58,2338,2,1,4,2012
Sproat Lake,2016,525569,211925.58,399031,1,3,5,2011
Sproat Lake,2016,525569,211925.58,14074,2,2,5,2011
Sproat Lake,2016,525569,211925.58,NA,1,4,6,2010
Sproat Lake,2016,525569,211925.58,9476,2,3,6,2010
Sproat Lake,2016,525569,211925.58,NA,0,2,3,2013
Sproat Lake,2016,525569,211925.58,NA,0,3,4,2012
Sproat Lake,2016,525569,211925.58,NA,3,1,5,2011
Sproat Lake,2016,525569,211925.58,NA,3,2,6,2010
Sproat Lake,2016,525569,211925.58,NA,4,1,6,2010
Sproat Lake,2016,525569,211925.58,NA,1,5,7,2009
Sproat Lake,2016,525569,211925.58,NA,2,4,7,2009
Sproat Lake,2016,525569,211925.58,NA,3,3,7,2009
Sproat Lake,2016,525569,211925.58,NA,4,2,7,2009
Sproat Lake,2016,525569,211925.58,NA,4,3,8,2008
Sproat Lake,2016,525569,211925.58,NA,0,1,2,2014
Sproat Lake,2017,354590,142683.87,150529,1,1,3,2014
Sproat Lake,2017,354590,142683.87,27503,1,2,4,2013
Sproat Lake,2017,354590,142683.87,7142,2,1,4,2013
Sproat Lake,2017,354590,142683.87,150377,1,3,5,2012
Sproat Lake,2017,354590,142683.87,10028,2,2,5,2012
Sproat Lake,2017,354590,142683.87,NA,1,4,6,2011
Sproat Lake,2017,354590,142683.87,9010,2,3,6,2011
Sproat Lake,2017,354590,142683.87,NA,0,2,3,2014
Sproat Lake,2017,354590,142683.87,NA,0,3,4,2013
Sproat Lake,2017,354590,142683.87,NA,3,1,5,2012
Sproat Lake,2017,354590,142683.87,NA,3,2,6,2011
Sproat Lake,2017,354590,142683.87,NA,4,1,6,2011
Sproat Lake,2017,354590,142683.87,NA,1,5,7,2010
Sproat Lake,2017,354590,142683.87,NA,2,4,7,2010
Sproat Lake,2017,354590,142683.87,NA,3,3,7,2010
Sproat Lake,2017,354590,142683.87,NA,4,2,7,2010
Sproat Lake,2017,354590,142683.87,NA,4,3,8,2009
Sproat Lake,2017,354590,142683.87,NA,0,1,2,2015
Sproat Lake,2018,224074,146311.7,8505,1,1,3,2015
Sproat Lake,2018,224074,146311.7,188547,1,2,4,2014
Sproat Lake,2018,224074,146311.7,3610,2,1,4,2014
Sproat Lake,2018,224074,146311.7,10064,1,3,5,2013
Sproat Lake,2018,224074,146311.7,8207,2,2,5,2013
Sproat Lake,2018,224074,146311.7,NA,1,4,6,2012
Sproat Lake,2018,224074,146311.7,5142,2,3,6,2012
Sproat Lake,2018,224074,146311.7,NA,0,2,3,2015
Sproat Lake,2018,224074,146311.7,NA,0,3,4,2014
Sproat Lake,2018,224074,146311.7,NA,3,1,5,2013
Sproat Lake,2018,224074,146311.7,NA,3,2,6,2012
Sproat Lake,2018,224074,146311.7,NA,4,1,6,2012
Sproat Lake,2018,224074,146311.7,NA,1,5,7,2011
Sproat Lake,2018,224074,146311.7,NA,2,4,7,2011
Sproat Lake,2018,224074,146311.7,NA,3,3,7,2011
Sproat Lake,2018,224074,146311.7,NA,4,2,7,2011
Sproat Lake,2018,224074,146311.7,NA,4,3,8,2010
Sproat Lake,2018,224074,146311.7,NA,0,1,2,2016
Sproat Lake,2019,169136,91244.79,37308,1,1,3,2016
Sproat Lake,2019,169136,91244.79,50543,1,2,4,2015
Sproat Lake,2019,169136,91244.79,2413,2,1,4,2015
Sproat Lake,2019,169136,91244.79,72769,1,3,5,2014
Sproat Lake,2019,169136,91244.79,4036,2,2,5,2014
Sproat Lake,2019,169136,91244.79,NA,1,4,6,2013
Sproat Lake,2019,169136,91244.79,2068,2,3,6,2013
Sproat Lake,2019,169136,91244.79,NA,0,2,3,2016
Sproat Lake,2019,169136,91244.79,NA,0,3,4,2015
Sproat Lake,2019,169136,91244.79,NA,3,1,5,2014
Sproat Lake,2019,169136,91244.79,NA,3,2,6,2013
Sproat Lake,2019,169136,91244.79,NA,4,1,6,2013
Sproat Lake,2019,169136,91244.79,NA,1,5,7,2012
Sproat Lake,2019,169136,91244.79,NA,2,4,7,2012
Sproat Lake,2019,169136,91244.79,NA,3,3,7,2012
Sproat Lake,2019,169136,91244.79,NA,4,2,7,2012
Sproat Lake,2019,169136,91244.79,NA,4,3,8,2011
Sproat Lake,2019,169136,91244.79,NA,0,1,2,2017
Sproat Lake,2020,207747,131529.48,40333,1,1,3,2017
Sproat Lake,2020,207747,131529.48,135794,1,2,4,2016
Sproat Lake,2020,207747,131529.48,2932,2,1,4,2016
Sproat Lake,2020,207747,131529.48,11837,1,3,5,2015
Sproat Lake,2020,207747,131529.48,16148,2,2,5,2015
Sproat Lake,2020,207747,131529.48,NA,1,4,6,2014
Sproat Lake,2020,207747,131529.48,703,2,3,6,2014
Sproat Lake,2020,207747,131529.48,NA,0,2,3,2017
Sproat Lake,2020,207747,131529.48,NA,0,3,4,2016
Sproat Lake,2020,207747,131529.48,NA,3,1,5,2015
Sproat Lake,2020,207747,131529.48,NA,3,2,6,2014
Sproat Lake,2020,207747,131529.48,NA,4,1,6,2014
Sproat Lake,2020,207747,131529.48,NA,1,5,7,2013
Sproat Lake,2020,207747,131529.48,NA,2,4,7,2013
Sproat Lake,2020,207747,131529.48,NA,3,3,7,2013
Sproat Lake,2020,207747,131529.48,NA,4,2,7,2013
Sproat Lake,2020,207747,131529.48,NA,4,3,8,2012
Sproat Lake,2020,207747,131529.48,NA,0,1,2,2018
Sproat Lake,2021,252468,105441,75670,1,1,3,2018
Sproat Lake,2021,252468,105441,47594,1,2,4,2017
Sproat Lake,2021,252468,105441,2236,2,1,4,2017
Sproat Lake,2021,252468,105441,103021,1,3,5,2016
Sproat Lake,2021,252468,105441,9885,2,2,5,2016
Sproat Lake,2021,252468,105441,NA,1,4,6,2015
Sproat Lake,2021,252468,105441,14062,2,3,6,2015
Sproat Lake,2021,252468,105441,NA,0,2,3,2018
Sproat Lake,2021,252468,105441,NA,0,3,4,2017
Sproat Lake,2021,252468,105441,NA,3,1,5,2016
Sproat Lake,2021,252468,105441,NA,3,2,6,2015
Sproat Lake,2021,252468,105441,NA,4,1,6,2015
Sproat Lake,2021,252468,105441,NA,1,5,7,2014
Sproat Lake,2021,252468,105441,NA,2,4,7,2014
Sproat Lake,2021,252468,105441,NA,3,3,7,2014
Sproat Lake,2021,252468,105441,NA,4,2,7,2014
Sproat Lake,2021,252468,105441,NA,4,3,8,2013
Sproat Lake,2021,252468,105441,NA,0,1,2,2019
Sproat Lake,2022,646462,368156,57039,1,1,3,2019
Sproat Lake,2022,646462,368156,543186,1,2,4,2018
Sproat Lake,2022,646462,368156,3987,2,1,4,2018
Sproat Lake,2022,646462,368156,30970,1,3,5,2017
Sproat Lake,2022,646462,368156,5421,2,2,5,2017
Sproat Lake,2022,646462,368156,NA,1,4,6,2016
Sproat Lake,2022,646462,368156,5859,2,3,6,2016
Sproat Lake,2022,646462,368156,NA,0,2,3,2019
Sproat Lake,2022,646462,368156,NA,0,3,4,2018
Sproat Lake,2022,646462,368156,NA,3,1,5,2017
Sproat Lake,2022,646462,368156,NA,3,2,6,2016
Sproat Lake,2022,646462,368156,NA,4,1,6,2016
Sproat Lake,2022,646462,368156,NA,1,5,7,2015
Sproat Lake,2022,646462,368156,NA,2,4,7,2015
Sproat Lake,2022,646462,368156,NA,3,3,7,2015
Sproat Lake,2022,646462,368156,NA,4,2,7,2015
Sproat Lake,2022,646462,368156,NA,4,3,8,2014
Sproat Lake,2022,646462,368156,NA,0,1,2,2020
Sproat Lake,2023,NA,NA,NA,1,1,3,2020
Sproat Lake,2023,NA,NA,NA,1,2,4,2019
Sproat Lake,2023,NA,NA,NA,2,1,4,2019
Sproat Lake,2023,NA,NA,NA,1,3,5,2018
Sproat Lake,2023,NA,NA,NA,2,2,5,2018
Sproat Lake,2023,NA,NA,NA,1,4,6,2017
Sproat Lake,2023,NA,NA,NA,2,3,6,2017
Sproat Lake,2023,NA,NA,NA,0,2,3,2020
Sproat Lake,2023,NA,NA,NA,0,3,4,2019
Sproat Lake,2023,NA,NA,NA,3,1,5,2018
Sproat Lake,2023,NA,NA,NA,3,2,6,2017
Sproat Lake,2023,NA,NA,NA,4,1,6,2017
Sproat Lake,2023,NA,NA,NA,1,5,7,2016
Sproat Lake,2023,NA,NA,NA,2,4,7,2016
Sproat Lake,2023,NA,NA,NA,3,3,7,2016
Sproat Lake,2023,NA,NA,NA,4,2,7,2016
Sproat Lake,2023,NA,NA,NA,4,3,8,2015
Sproat Lake,2023,NA,NA,NA,0,1,2,2021
Sproat Lake,2024,NA,NA,NA,1,1,3,2021
Sproat Lake,2024,NA,NA,NA,1,2,4,2020
Sproat Lake,2024,NA,NA,NA,2,1,4,2020
Sproat Lake,2024,NA,NA,NA,1,3,5,2019
Sproat Lake,2024,NA,NA,NA,2,2,5,2019
Sproat Lake,2024,NA,NA,NA,1,4,6,2018
Sproat Lake,2024,NA,NA,NA,2,3,6,2018
Sproat Lake,2024,NA,NA,NA,0,2,3,2021
Sproat Lake,2024,NA,NA,NA,0,3,4,2020
Sproat Lake,2024,NA,NA,NA,3,1,5,2019
Sproat Lake,2024,NA,NA,NA,3,2,6,2018
Sproat Lake,2024,NA,NA,NA,4,1,6,2018
Sproat Lake,2024,NA,NA,NA,1,5,7,2017
Sproat Lake,2024,NA,NA,NA,2,4,7,2017
Sproat Lake,2024,NA,NA,NA,3,3,7,2017
Sproat Lake,2024,NA,NA,NA,4,2,7,2017
Sproat Lake,2024,NA,NA,NA,4,3,8,2016
Sproat Lake,2024,NA,NA,NA,0,1,2,2022
Sproat Lake,2025,NA,NA,NA,1,1,3,2022
Sproat Lake,2025,NA,NA,NA,1,2,4,2021
Sproat Lake,2025,NA,NA,NA,2,1,4,2021
Sproat Lake,2025,NA,NA,NA,1,3,5,2020
Sproat Lake,2025,NA,NA,NA,2,2,5,2020
Sproat Lake,2025,NA,NA,NA,1,4,6,2019
Sproat Lake,2025,NA,NA,NA,2,3,6,2019
Sproat Lake,2025,NA,NA,NA,0,2,3,2022
Sproat Lake,2025,NA,NA,NA,0,3,4,2021
Sproat Lake,2025,NA,NA,NA,3,1,5,2020
Sproat Lake,2025,NA,NA,NA,3,2,6,2019
Sproat Lake,2025,NA,NA,NA,4,1,6,2019
Sproat Lake,2025,NA,NA,NA,1,5,7,2018
Sproat Lake,2025,NA,NA,NA,2,4,7,2018
Sproat Lake,2025,NA,NA,NA,3,3,7,2018
Sproat Lake,2025,NA,NA,NA,4,2,7,2018
Sproat Lake,2025,NA,NA,NA,4,3,8,2017
Sproat Lake,2025,NA,NA,NA,0,1,2,2023
