"Brood_year","Spawners","Recruits","Stock"
1978,18875,9232,"Auke Creek-Even"
1979,12047,21563,"Auke Creek-Odd"
1980,9232,4437,"Auke Creek-Even"
1981,21563,24118,"Auke Creek-Odd"
1982,4437,2007,"Auke Creek-Even"
1983,24118,6922,"Auke Creek-Odd"
1984,2007,6787,"Auke Creek-Even"
1985,6922,4299,"Auke Creek-Odd"
1986,6787,19589,"Auke Creek-Even"
1987,4299,5566,"Auke Creek-Odd"
1988,19589,21319,"Auke Creek-Even"
1989,5566,1637,"Auke Creek-Odd"
1990,21319,21312,"Auke Creek-Even"
1991,1637,1548,"Auke Creek-Odd"
1992,21312,3858,"Auke Creek-Even"
1993,1548,2666,"Auke Creek-Odd"
1994,3858,2267,"Auke Creek-Even"
1995,2666,28127,"Auke Creek-Odd"
1996,2267,2180,"Auke Creek-Even"
1997,28127,7857,"Auke Creek-Odd"
1998,2180,4923,"Auke Creek-Even"
1999,7857,10576,"Auke Creek-Odd"
2000,4923,6798,"Auke Creek-Even"
2001,10576,10004,"Auke Creek-Odd"
2002,6798,12895,"Auke Creek-Even"
2003,10004,2930,"Auke Creek-Odd"
2004,12895,3133,"Auke Creek-Even"
2005,2930,8698,"Auke Creek-Odd"
2006,3133,5835,"Auke Creek-Even"
2007,8698,26995,"Auke Creek-Odd"
2008,5835,5890,"Auke Creek-Even"
2009,26995,9211,"Auke Creek-Odd"
2010,5890,584,"Auke Creek-Even"
2011,9211,25235,"Auke Creek-Odd"
2012,584,667,"Auke Creek-Even"
2013,25235,10711,"Auke Creek-Odd"
2014,667,351,"Auke Creek-Even"
2015,10711,2094,"Auke Creek-Odd"
2016,351,1304,"Auke Creek-Even"
2017,2094,NA,"Auke Creek-Odd"
2018,1304,NA,"Auke Creek-Even"
