"Brood_year","Spawners","Recruits","Stock"
1965,8643,4566,"Kwiniuk-Odd"
1966,10111,136848.5,"Kwiniuk-Even"
1967,3905,64324.5,"Kwiniuk-Odd"
1968,129275,249827.5,"Kwiniuk-Even"
1969,57526,19101,"Kwiniuk-Odd"
1970,240971,66377.5,"Kwiniuk-Even"
1971,18117,56887.5,"Kwiniuk-Odd"
1972,62655,74336.5,"Kwiniuk-Even"
1973,51586,60565.5,"Kwiniuk-Odd"
1974,66735,36797,"Kwiniuk-Even"
1975,57722,51603,"Kwiniuk-Odd"
1976,31753,119198.5,"Kwiniuk-Even"
1977,46309,326398.5,"Kwiniuk-Odd"
1978,98354,333799.5,"Kwiniuk-Even"
1979,302954,651421.5,"Kwiniuk-Odd"
1980,330966,474650,"Kwiniuk-Even"
1981,634948,NA,"Kwiniuk-Odd"
1982,467833,NA,"Kwiniuk-Even"
1983,311201,26734.5,"Kwiniuk-Odd"
1984,919431,NA,"Kwiniuk-Even"
1985,25849,NA,"Kwiniuk-Odd"
1986,228925,NA,"Kwiniuk-Even"
1987,5059,NA,"Kwiniuk-Odd"
1988,177573,NA,"Kwiniuk-Even"
1989,25247,79290.5,"Kwiniuk-Odd"
1990,388114,1327473,"Kwiniuk-Even"
1991,77513,51518,"Kwiniuk-Odd"
1992,1324397,2377459.5,"Kwiniuk-Even"
1993,50655,25955,"Kwiniuk-Odd"
1994,2372787,1070715.5,"Kwiniuk-Even"
1995,23451,11131,"Kwiniuk-Odd"
1996,1031690,745078,"Kwiniuk-Even"
1997,10474,1874,"Kwiniuk-Odd"
1998,668798,1442946,"Kwiniuk-Even"
1999,1092,8981,"Kwiniuk-Odd"
2000,1416770,1118600.5,"Kwiniuk-Even"
2001,8286,23591,"Kwiniuk-Odd"
2002,1114428,3048418,"Kwiniuk-Even"
2003,22329,342759.5,"Kwiniuk-Odd"
2004,3044489,1349683,"Kwiniuk-Even"
2005,340899,55950,"Kwiniuk-Odd"
2006,1347075,1454926.5,"Kwiniuk-Even"
2007,54255,43738.5,"Kwiniuk-Odd"
2008,1443831,643934,"Kwiniuk-Even"
2009,42960,31433.5,"Kwiniuk-Odd"
2010,634190,446985.5,"Kwiniuk-Even"
2011,30999,14079.5,"Kwiniuk-Odd"
2012,415174,342605,"Kwiniuk-Even"
2013,13212,69601.5,"Kwiniuk-Odd"
2014,326054,1956675.5,"Kwiniuk-Even"
2015,67294,510955.5,"Kwiniuk-Odd"
2016,1933803,1841956,"Kwiniuk-Even"
2017,507685,719889,"Kwiniuk-Odd"
2018,1835039,1769343.5,"Kwiniuk-Even"
2019,710901,127349.5,"Kwiniuk-Odd"
2020,1767447,412183.5,"Kwiniuk-Even"
2021,123452,18932.5,"Kwiniuk-Odd"
2022,408704,NA,"Kwiniuk-Even"
2023,18778,NA,"Kwiniuk-Odd"
2024,509841,NA,"Kwiniuk-Even"
