"Brood_year","Spawners","Recruits","Stock"
1960,2583020,3992860,"NSE Inside-Even"
1961,5080937.5,19817391.5,"NSE Inside-Odd"
1962,3568425,11392450.5,"NSE Inside-Even"
1963,7216002.5,8895533,"NSE Inside-Odd"
1964,4185822.5,10493756,"NSE Inside-Even"
1965,4349850,4652519,"NSE Inside-Odd"
1966,5734900,16086508,"NSE Inside-Even"
1967,2344105,6990350.5,"NSE Inside-Odd"
1968,6264590,10250289.5,"NSE Inside-Even"
1969,3518827.5,8495051,"NSE Inside-Odd"
1970,5073757.5,8612151.5,"NSE Inside-Even"
1971,5571785,5139530.5,"NSE Inside-Odd"
1972,5424437.5,3792081.5,"NSE Inside-Even"
1973,3514997.5,1519038,"NSE Inside-Odd"
1974,3190347.5,1789825.5,"NSE Inside-Even"
1975,1468105,4361038,"NSE Inside-Odd"
1976,1751792.5,7258726.5,"NSE Inside-Even"
1977,4030935,8459854,"NSE Inside-Odd"
1978,4638797.5,5346887.5,"NSE Inside-Even"
1979,6439570,7040838,"NSE Inside-Odd"
1980,4024252.5,16905742,"NSE Inside-Even"
1981,4413365,8712904,"NSE Inside-Odd"
1982,6136870,9158969.5,"NSE Inside-Even"
1983,5211760,26286087,"NSE Inside-Odd"
1984,5425692.5,5386122.5,"NSE Inside-Even"
1985,10695640,12069622.5,"NSE Inside-Odd"
1986,4454837.5,6599175,"NSE Inside-Even"
1987,6863337.5,20040981.5,"NSE Inside-Odd"
1988,4635070,12401213.5,"NSE Inside-Even"
1989,7315862.5,27106517.5,"NSE Inside-Odd"
1990,6962582.5,25095579,"NSE Inside-Even"
1991,9057182.5,26335067,"NSE Inside-Odd"
1992,9595585,51158638.5,"NSE Inside-Even"
1993,9325460,12676186.5,"NSE Inside-Odd"
1994,15953572.5,20660790.5,"NSE Inside-Even"
1995,7835727.5,25410215,"NSE Inside-Odd"
1996,11597542.5,24989592,"NSE Inside-Even"
1997,14585400,61107592.5,"NSE Inside-Odd"
1998,12143160,14723841.5,"NSE Inside-Even"
1999,24789822.5,26026036,"NSE Inside-Odd"
2000,9408837.5,32508616.5,"NSE Inside-Even"
2001,13017995,37758050.5,"NSE Inside-Odd"
2002,13519392.5,35020603,"NSE Inside-Even"
2003,16460747.5,41711053.5,"NSE Inside-Odd"
2004,12895080,15568345,"NSE Inside-Even"
2005,16474872.5,20457741,"NSE Inside-Odd"
2006,9772645,4082274.5,"NSE Inside-Even"
2007,11711570,19248129,"NSE Inside-Odd"
2008,3649692.5,14594099,"NSE Inside-Even"
2009,9018960,55424812.5,"NSE Inside-Odd"
2010,7956215,6325041.5,"NSE Inside-Even"
2011,14867477.5,43509411,"NSE Inside-Odd"
2012,5215137.5,4381206,"NSE Inside-Even"
2013,13420840,29099878,"NSE Inside-Odd"
2014,3431365,4906400,"NSE Inside-Even"
2015,13017170,28780103,"NSE Inside-Odd"
2016,4444035,4213840,"NSE Inside-Even"
2017,11635105,5901844,"NSE Inside-Odd"
2018,3436850,6858788,"NSE Inside-Even"
2019,4123800,17740136,"NSE Inside-Odd"
2020,5712505,10593966,"NSE Inside-Even"
2021,9772910,29029094,"NSE Inside-Odd"
2022,7873300,7943225,"NSE Inside-Even"
2023,18509310,369400,"NSE Inside-Odd"
2024,6964080,1823911.5,"NSE Inside-Even"
1960,344205,399494,"NSE Outside-Even"
1961,875087.5,3349217,"NSE Outside-Odd"
1962,334630,404448.5,"NSE Outside-Even"
1963,2049505,1566841.5,"NSE Outside-Odd"
1964,328802.5,159136,"NSE Outside-Even"
1965,948287.5,626929.5,"NSE Outside-Odd"
1966,130035,111655,"NSE Outside-Even"
1967,500072.5,1189566,"NSE Outside-Odd"
1968,51895,213220,"NSE Outside-Even"
1969,1052220,665671,"NSE Outside-Odd"
1970,145265,356041.5,"NSE Outside-Even"
1971,573925,1150366.5,"NSE Outside-Odd"
1972,306307.5,532618.5,"NSE Outside-Even"
1973,891607.5,1826655.5,"NSE Outside-Odd"
1974,470397.5,758496,"NSE Outside-Even"
1975,1260847.5,6468893.5,"NSE Outside-Odd"
1976,652855,956662,"NSE Outside-Even"
1977,4270717.5,5872271.5,"NSE Outside-Odd"
1978,794675,639867,"NSE Outside-Even"
1979,4060197.5,6424193,"NSE Outside-Odd"
1980,530225,2033582,"NSE Outside-Even"
1981,3676025,5645862.5,"NSE Outside-Odd"
1982,1530970,3397863.5,"NSE Outside-Even"
1983,3089277.5,10032670,"NSE Outside-Odd"
1984,2123057.5,1040061.5,"NSE Outside-Even"
1985,4401620,1483886,"NSE Outside-Odd"
1986,827742.5,484092.5,"NSE Outside-Even"
1987,1055085,2014203.5,"NSE Outside-Odd"
1988,417487.5,933788,"NSE Outside-Even"
1989,1103322.5,2178632,"NSE Outside-Odd"
1990,745900,1747888.5,"NSE Outside-Even"
1991,1804080,2128692.5,"NSE Outside-Odd"
1992,1315177.5,4296108.5,"NSE Outside-Even"
1993,1071387.5,5134409.5,"NSE Outside-Odd"
1994,3300272.5,5736248.5,"NSE Outside-Even"
1995,3379847.5,9947565,"NSE Outside-Odd"
1996,3878027.5,11951037,"NSE Outside-Even"
1997,7189815,17653762.5,"NSE Outside-Odd"
1998,6097485,6389978.5,"NSE Outside-Even"
1999,15010427.5,7936232,"NSE Outside-Odd"
2000,3832782.5,8748618.5,"NSE Outside-Even"
2001,5932160,10655910,"NSE Outside-Odd"
2002,5741702.5,7728965,"NSE Outside-Even"
2003,8764025,14609015,"NSE Outside-Odd"
2004,5469000,7438618,"NSE Outside-Even"
2005,9587990,10038371,"NSE Outside-Odd"
2006,4895000,6163690.5,"NSE Outside-Even"
2007,5765000,5912584,"NSE Outside-Odd"
2008,4325597.5,8832845,"NSE Outside-Even"
2009,4542700,13953096.5,"NSE Outside-Odd"
2010,5023750,7755054.5,"NSE Outside-Even"
2011,6835462.5,24510114,"NSE Outside-Odd"
2012,6174197.5,9874553,"NSE Outside-Even"
2013,13342500,13641419,"NSE Outside-Odd"
2014,6865000,5892479.5,"NSE Outside-Even"
2015,7100000,15274244,"NSE Outside-Odd"
2016,4250592.5,6648956,"NSE Outside-Even"
2017,7100000,5154067,"NSE Outside-Odd"
2018,4756250,5128848.5,"NSE Outside-Even"
2019,3828750,7282487,"NSE Outside-Odd"
2020,4462907.5,4078363,"NSE Outside-Even"
2021,4859250,7760431,"NSE Outside-Odd"
2022,2721250,8657021,"NSE Outside-Even"
2023,5721250,3085363.5,"NSE Outside-Odd"
2024,5952500,6823015,"NSE Outside-Even"
1960,1645697.5,18018178,"Southern Southeast-Even"
1961,3051815,11375279,"Southern Southeast-Odd"
1962,7277750,18498952,"Southern Southeast-Even"
1963,6239135,11499633,"Southern Southeast-Odd"
1964,7241005,24066917.5,"Southern Southeast-Even"
1965,5789175,4335652.5,"Southern Southeast-Odd"
1966,8505362.5,22660571,"Southern Southeast-Even"
1967,3694112.5,5491592.5,"Southern Southeast-Odd"
1968,7466695,11799014,"Southern Southeast-Even"
1969,4292452.5,13509161.5,"Southern Southeast-Odd"
1970,6428255,15278597.5,"Southern Southeast-Even"
1971,7249917.5,10606552.5,"Southern Southeast-Odd"
1972,6125952.5,9844297.5,"Southern Southeast-Even"
1973,6048047.5,11491834.5,"Southern Southeast-Odd"
1974,5623492.5,13648641,"Southern Southeast-Even"
1975,8158852.5,23897760.5,"Southern Southeast-Odd"
1976,8486705,28963338,"Southern Southeast-Even"
1977,12599507.5,15575736,"Southern Southeast-Odd"
1978,10538360,25022308,"Southern Southeast-Even"
1979,8585955,25227801.5,"Southern Southeast-Odd"
1980,12098035,23055869.5,"Southern Southeast-Even"
1981,11702867.5,47769994.5,"Southern Southeast-Odd"
1982,10094797.5,38863370,"Southern Southeast-Even"
1983,16308112.5,55599110,"Southern Southeast-Odd"
1984,19186855,73580617,"Southern Southeast-Even"
1985,24886955,15904991.5,"Southern Southeast-Odd"
1986,28561160,17230951.5,"Southern Southeast-Even"
1987,11273662.5,64093612.5,"Southern Southeast-Odd"
1988,8176162.5,39534644.5,"Southern Southeast-Even"
1989,18330132.5,57573642.5,"Southern Southeast-Odd"
1990,12851392.5,32723773.5,"Southern Southeast-Even"
1991,14076367.5,55400183.5,"Southern Southeast-Odd"
1992,13714197.5,34227825,"Southern Southeast-Even"
1993,16181232.5,60780765,"Southern Southeast-Odd"
1994,13167560,83426595.5,"Southern Southeast-Even"
1995,19465300,30225545,"Southern Southeast-Odd"
1996,29750272.5,41128807.5,"Southern Southeast-Even"
1997,14927440,67046610,"Southern Southeast-Odd"
1998,17380042.5,25882719.5,"Southern Southeast-Even"
1999,28189610,79477237.5,"Southern Southeast-Odd"
2000,13505942.5,45432341,"Southern Southeast-Even"
2001,27465697.5,53720969.5,"Southern Southeast-Odd"
2002,22113080,41564106,"Southern Southeast-Even"
2003,24443422.5,52353478.5,"Southern Southeast-Odd"
2004,20639850,14086079.5,"Southern Southeast-Even"
2005,23489197.5,58255286,"Southern Southeast-Odd"
2006,10818897.5,29374171.5,"Southern Southeast-Even"
2007,26478430,44429724,"Southern Southeast-Odd"
2008,15735922.5,28551619.5,"Southern Southeast-Even"
2009,18004420,24951347.5,"Southern Southeast-Odd"
2010,14856927.5,34759613,"Southern Southeast-Even"
2011,13744262.5,89582792,"Southern Southeast-Odd"
2012,16173400,57328413.5,"Southern Southeast-Even"
2013,36119565,23207578.5,"Southern Southeast-Odd"
2014,24113942.5,32767718,"Southern Southeast-Even"
2015,10739137.5,25386238.5,"Southern Southeast-Odd"
2016,16497770,17568846.5,"Southern Southeast-Even"
2017,15971112.5,32110449,"Southern Southeast-Odd"
2018,12170842.5,20411052.5,"Southern Southeast-Even"
2019,14071900,62668696.5,"Southern Southeast-Odd"
2020,14160287.5,28709119,"Southern Southeast-Even"
2021,24530967.5,65498066,"Southern Southeast-Odd"
2022,14487740,39520921,"Southern Southeast-Even"
2023,30228150,NA,"Southern Southeast-Odd"
2024,23087080,NA,"Southern Southeast-Even"
