,stock.id,species,stock.name,lat,lon,region,ocean.basin,state,begin,end,n.years,m.spawners,m.recruits,source,url,comments
1,1,Sockeye,Atnarko-Sockeye,52.38,-126.78,Central Coast,SC,BC,1987,2011,25,22.5472,26.48612,NA,NA,NA
2,2,Sockeye,Black Lake-Sockeye,56.28,-158.64,Chignik,GoA,AK,1965,2010,46,447.3696824,1322.084413,"Kevin Schaberg, ADF&G Kodiak, via Rich Brenner",,Chignik River Early Run
3,3,Sockeye,Coghill-Sockeye,61.06,-147.94,PWS,GoA,AK,1962,2008,47,52.17208511,175.9369574,"Rich Brenner, 2017, ADF&G, Juneau, AK",,"Returns are harvested in various districts prior to the Coghill District. Stock-of-origin is estimated based on the timing and location of harvest and, sometimes, from available scale pattern analysis."
4,4,Sockeye,Copper-Sockeye,60.46,-144.96,PWS,GoA,AK,1961,2016,56,569.2045128,1602.794616,NA,NA,
5,5,Sockeye,Eshamy-Sockeye,60.47,-147.94,PWS,GoA,AK,1964,2006,35,28.10322857,63.73780714,"Rich Brenner, 2017, ADF&G, Juneau, AK",,"the weir was replaced in ~2012 with a video system that has not been entirely successful. Thus, only data until 2012 should be used for brood-year returns."
6,6,Sockeye,Fennell-Sockeye,49.12,-123.06,Fraser,SC,BC,1963,2011,46,3.756673913,23.27291304,"Sue Grant (DFO), Bronwyn McDonald (DFO) and Mike Lapointe (PSC) via Brendan Connors (ESSA Technologies)",,NA
7,7,Sockeye,Washington-Sockeye,47.48,-122.42,South Coast,SC,WA,1968,2011,44,177.4529091,202.7150227,"Aaron Dufault 2017
Arron Dufault, Washington Department of Fish and Wildlife, Olympia, WA (via G. Ruggerone)",,Hatchery component of the run was removed; FW age assumed to be 1.X.  These sockeye grow fast in the lake.
8,8,Sockeye,Early Russian-Sockeye,60.54,-151.28,Cook Inlet,GoA,AK,1965,2016,52,32.51663462,67.94015385,McKinley et al. 2023,https://www.adfg.alaska.gov/FedAidPDFs/FMS24-01.pdf,
9,9,Sockeye,Ford Arm Lake-Sockeye,57.58192,-135.9153,SEAK,NC,AK,1983,2004,21,3.401428571,3.841428571,Shaul et al. 2014,https://www.adfg.alaska.gov/FedAidPDFs/FMS14-02.pdf,
10,10,Sockeye,Buskin-Sockeye,57.75812,-152.4784,Kodiak,GoA,AK,1990,2014,25,13.30864,20.64208,Witteveen & Huang 2022 ,https://www.adfg.alaska.gov/FedAidPDFs/FDS22-30.pdf,
11,11,Sockeye,Afognak-Sockeye,58.07,-152.78,Kodiak,GoA,AK,1982,2013,32,57.68465625,66.84221875,Foster et al. 2023,https://www.adfg.alaska.gov/FedAidPDFs/FMS23-03.pdf,NA
12,12,Sockeye,Frazer-Sockeye,57.13,-154.04,Kodiak,GoA,AK,1966,2013,45,157.311,402.5571333,NA,NA,NA
13,13,Sockeye,Early Stuart-Sockeye,49.12,-123.06,Fraser,SC,BC,1948,2019,72,39.63008333,265.9111528,"E. Taylor, Pacific Salmon Commission, 2026",NA,NA
14,14,Sockeye,Late Stuart-Sockeye,49.12,-123.06,Fraser,SC,BC,1949,2019,71,68.15161972,482.1594648,"E. Taylor, Pacific Salmon Commission, 2026",NA,NA
15,15,Sockeye,Stellako-Sockeye,49.12,-123.06,Fraser,SC,BC,1948,2019,72,54.75698611,424.8121944,"E. Taylor, Pacific Salmon Commission, 2026",NA,NA
16,16,Sockeye,Bowron-Sockeye,49.12,-123.06,Fraser,SC,BC,1948,2019,72,4.181291667,33.34420833,"E. Taylor, Pacific Salmon Commission, 2026",NA,NA
17,17,Sockeye,Raft-Sockeye,49.12,-123.06,Fraser,SC,BC,1948,2019,72,4.185444444,29.27779167,"E. Taylor, Pacific Salmon Commission, 2026",NA,NA
18,18,Sockeye,Quesnel-Sockeye,49.12,-123.06,Fraser,SC,BC,1948,2019,72,166.6939444,1183.392153,"E. Taylor, Pacific Salmon Commission, 2026",NA,NA
19,19,Sockeye,Chilko-Sockeye,49.12,-123.06,Fraser,SC,BC,1948,2019,72,223.48925,1391.837764,"E. Taylor, Pacific Salmon Commission, 2026",NA,NA
20,20,Sockeye,Seymour-Sockeye,49.12,-123.06,Fraser,SC,BC,1948,2019,72,18.78784722,132.6360417,"E. Taylor, Pacific Salmon Commission, 2026",NA,NA
21,21,Sockeye,Late Shuswap-Sockeye,49.12,-123.06,Fraser,SC,BC,1948,2019,71,340.0411127,2189.54138,"E. Taylor, Pacific Salmon Commission, 2026",NA,NA
22,22,Sockeye,Birkenhead-Sockeye,49.12,-123.06,Fraser,SC,BC,1948,2019,72,41.53956944,325.4186667,"E. Taylor, Pacific Salmon Commission, 2026",NA,NA
23,23,Sockeye,Cultus-Sockeye,49.12,-123.06,Fraser,SC,BC,1983,2019,33,1.789515152,10.69333333,"E. Taylor, Pacific Salmon Commission, 2026",NA,NA
24,24,Sockeye,Portage-Sockeye,49.12,-123.06,Fraser,SC,BC,1951,2019,66,3.761560606,38.61760606,"E. Taylor, Pacific Salmon Commission, 2026",NA,NA
25,25,Sockeye,Weaver-Sockeye,49.12,-123.06,Fraser,SC,BC,1966,2019,54,20.47714815,296.5166852,"E. Taylor, Pacific Salmon Commission, 2026",NA,NA
26,26,Sockeye,North Barriere-Sockeye,49.12,-123.06,Fraser,SC,BC,1959,2019,56,3.380071429,19.76066071,"E. Taylor, Pacific Salmon Commission, 2026",NA,NA
27,27,Sockeye,Scotch-Sockeye,49.12,-123.06,Fraser,SC,BC,1948,2019,55,12.44069091,76.238,"E. Taylor, Pacific Salmon Commission, 2026",NA,NA
28,28,Sockeye,Gates-Sockeye,49.12,-123.06,Fraser,SC,BC,1952,2019,68,4.436058824,43.58223529,"E. Taylor, Pacific Salmon Commission, 2026",NA,NA
29,29,Sockeye,Nadina-Sockeye,49.12,-123.06,Fraser,SC,BC,1973,2019,47,10.60102128,92.60597872,"E. Taylor, Pacific Salmon Commission, 2026",NA,NA
30,30,Sockeye,Pitt-Sockeye,49.12,-123.06,Fraser,SC,BC,1948,2019,72,15.01656944,67.06543056,"E. Taylor, Pacific Salmon Commission, 2026",NA,NA
31,31,Sockeye,Harrison-Sockeye,49.12,-123.06,Fraser,SC,BC,1948,2019,72,29.23455556,118.1765139,"E. Taylor, Pacific Salmon Commission, 2026",NA,NA
32,32,Sockeye,Early Shuswap-Sockeye,49.12,-123.06,Fraser,SC,BC,2005,2019,15,27.82886667,163.975,"E. Taylor, Pacific Salmon Commission, 2026",NA,NA
33,33,Sockeye,Taseko-Sockeye,49.12,-123.06,Fraser,SC,BC,2005,2018,13,0.269923077,1.270307692,"E. Taylor, Pacific Salmon Commission, 2026",NA,NA
34,34,Sockeye,Chilliwack-Sockeye,49.12,-123.06,Fraser,SC,BC,1999,2019,21,9.368761905,30.77842857,"E. Taylor, Pacific Salmon Commission, 2026",NA,NA
35,35,Sockeye,Nahatlatch-Sockeye,49.12,-123.06,Fraser,SC,BC,2005,2019,15,1.376066667,10.7956,"E. Taylor, Pacific Salmon Commission, 2026",NA,NA
36,36,Sockeye,N. Thompson Main.-Sockeye,49.12,-123.06,Fraser,SC,BC,2005,2019,15,7.765933333,43.19753333,"E. Taylor, Pacific Salmon Commission, 2026",NA,NA
37,37,Sockeye,N. Thompson Tribs.-Sockeye,49.12,-123.06,Fraser,SC,BC,2005,2019,15,0.741533333,1.109333333,"E. Taylor, Pacific Salmon Commission, 2026",NA,NA
38,38,Sockeye,Widgeon-Sockeye,49.12,-123.06,Fraser,SC,BC,2005,2019,15,0.249466667,0.829666667,"E. Taylor, Pacific Salmon Commission, 2026",NA,NA
39,39,Sockeye,Harrison-Lillooet-Sockeye,49.12,-123.06,Fraser,SC,BC,2005,2019,15,3.873933333,7.157933333,"E. Taylor, Pacific Salmon Commission, 2026",NA,NA
40,40,Sockeye,Alastair-Sockeye,54.22,-129.831,Skeena,NC,BC,1960,2017,58,19.32008621,24.03877586,"C. Carr-Harris & G. Pestal, DFO, 2026",NA,NA
41,41,Sockeye,Asitka-Sockeye,54.22,-129.831,Skeena,NC,BC,1961,2018,28,0.897357143,1.394928571,"C. Carr-Harris & G. Pestal, DFO, 2026",NA,NA
42,42,Sockeye,Babine Early Wild-Sockeye,54.22,-129.831,Skeena,NC,BC,1960,2017,58,53.80675862,105.4390862,"C. Carr-Harris & G. Pestal, DFO, 2026",NA,NA
43,43,Sockeye,Babine Late Wild-Sockeye,54.22,-129.831,Skeena,NC,BC,1960,2017,58,223.7930517,554.6106552,"C. Carr-Harris & G. Pestal, DFO, 2026",NA,NA
44,44,Sockeye,Babine Mid Wild-Sockeye,54.22,-129.831,Skeena,NC,BC,1960,2017,58,22.98610345,46.80386207,"C. Carr-Harris & G. Pestal, DFO, 2026",NA,NA
45,45,Sockeye,Bear-Skeena-Sockeye,54.22,-129.831,Skeena,NC,BC,1960,2018,53,6.606773585,12.60373585,"C. Carr-Harris & G. Pestal, DFO, 2026",NA,NA
46,46,Sockeye,Bowser-Sockeye,54.99,-130.02,Nass,NC,BC,1982,2018,37,21.2012973,57.18718919,"C. Carr-Harris & G. Pestal, DFO, 2026",NA,NA
47,47,Sockeye,Damdochax-Sockeye,54.99,-130.02,Nass,NC,BC,1982,2018,37,6.572243243,16.44675676,"C. Carr-Harris & G. Pestal, DFO, 2026",NA,NA
48,48,Sockeye,Kitsumkalum-Sockeye,54.22,-129.831,Skeena,NC,BC,1960,2018,59,13.00889831,23.65562712,"C. Carr-Harris & G. Pestal, DFO, 2026",NA,NA
49,49,Sockeye,Kitwanga-Sockeye,54.22,-129.831,Skeena,NC,BC,1960,2018,23,3.017043478,4.125130435,"C. Carr-Harris & G. Pestal, DFO, 2026",NA,NA
50,50,Sockeye,Kwinageese-Sockeye,54.99,-130.02,Nass,NC,BC,1982,2018,37,10.52905405,20.76091892,"C. Carr-Harris & G. Pestal, DFO, 2026",NA,NA
51,51,Sockeye,Lakelse-Sockeye,54.22,-129.831,Skeena,NC,BC,1960,2018,59,16.00833898,19.33372881,"C. Carr-Harris & G. Pestal, DFO, 2026",NA,NA
52,52,Sockeye,Lower Nass Sea & River Type-Sockeye,54.99,-130.02,Nass,NC,BC,1982,2018,37,9.864783784,18.37589189,"C. Carr-Harris & G. Pestal, DFO, 2026",NA,NA
53,53,Sockeye,Mcdonell-Sockeye,54.22,-129.831,Skeena,NC,BC,1960,2018,46,3.971152174,5.611543478,"C. Carr-Harris & G. Pestal, DFO, 2026",NA,NA
54,54,Sockeye,Meziadin-Sockeye,54.99,-130.02,Nass,NC,BC,1982,2018,37,281.7934595,622.4831622,"C. Carr-Harris & G. Pestal, DFO, 2026",NA,NA
55,55,Sockeye,Morice-Sockeye,54.22,-129.831,Skeena,NC,BC,1960,2017,58,11.37394828,27.23631034,"C. Carr-Harris & G. Pestal, DFO, 2026",NA,NA
56,56,Sockeye,Motase-Sockeye,54.22,-129.831,Skeena,NC,BC,1970,2018,21,0.593571429,1.091238095,"C. Carr-Harris & G. Pestal, DFO, 2026",NA,NA
57,57,Sockeye,Slamgeesh-Sockeye,54.22,-129.831,Skeena,NC,BC,2000,2018,19,0.487210526,0.661,"C. Carr-Harris & G. Pestal, DFO, 2026",NA,NA
58,58,Sockeye,Sustut-Sockeye,54.22,-129.831,Skeena,NC,BC,1960,2017,28,1.156535714,3.606821429,"C. Carr-Harris & G. Pestal, DFO, 2026",NA,NA
59,59,Sockeye,Swan-Stephens-Sockeye,54.22,-129.831,Skeena,NC,BC,1960,2018,58,16.97313793,31.06998276,"C. Carr-Harris & G. Pestal, DFO, 2026",NA,NA
60,60,Sockeye,Upper Nass River Type-Sockeye,54.99,-130.02,Nass,NC,BC,1982,2018,37,0.715675676,1.855054054,"C. Carr-Harris & G. Pestal, DFO, 2026",NA,NA
61,61,Sockeye,Owikeno-Sockeye,51.68,-127.306,Central Coast,SC,BC,1954,2011,58,554.5099655,790.2854828,Pacific Salmon Foundation. 2025. Pacific Salmon Explorer.,NA,NA
62,62,Sockeye,Canoona-Sockeye,53.08,-128.555,Central Coast,SC,BC,1975,2014,31,3.34516129,5.479903226,Pacific Salmon Foundation. 2025. Pacific Salmon Explorer.,NA,NA
63,63,Sockeye,Evelyn-Sockeye,53.56,-128.958,Central Coast,SC,BC,1954,2014,49,1.693061224,3.461510204,Pacific Salmon Foundation. 2025. Pacific Salmon Explorer.,NA,NA
64,64,Sockeye,Kainet Creek-Sockeye,52.75,-127.886,Central Coast,SC,BC,1956,2013,37,2.031351351,4.788216216,Pacific Salmon Foundation. 2025. Pacific Salmon Explorer.,NA,NA
65,65,Sockeye,Hartley Bay-Sockeye,53.42,-129.247,Central Coast,SC,BC,1955,2014,31,1.413225806,2.427774194,Pacific Salmon Foundation. 2025. Pacific Salmon Explorer.,NA,NA
66,66,Sockeye,Koeye-Sockeye,51.77,-127.885,Central Coast,SC,BC,1954,2015,30,5.321066667,13.37493333,Pacific Salmon Foundation. 2025. Pacific Salmon Explorer.,NA,NA
67,67,Sockeye,Kwakwa Creek-Sockeye,52.55,-128.73,Central Coast,SC,BC,1954,2008,48,3.884375,5.673791667,Pacific Salmon Foundation. 2025. Pacific Salmon Explorer.,NA,NA
68,68,Sockeye,Namu-Sockeye,51.86,-127.868,Central Coast,SC,BC,1954,2015,25,4.6208,6.71048,Pacific Salmon Foundation. 2025. Pacific Salmon Explorer.,NA,NA
69,69,Sockeye,Port John-Sockeye,52.12,-127.852,Central Coast,SC,BC,1954,2010,18,1.076222222,2.060833333,Pacific Salmon Foundation. 2025. Pacific Salmon Explorer.,NA,NA
70,70,Sockeye,Roderick-Sockeye,52.6,-128.45,Central Coast,SC,BC,1954,2012,14,1.367142857,1.047642857,Pacific Salmon Foundation. 2025. Pacific Salmon Explorer.,NA,NA
71,71,Sockeye,Tankeeah River-Sockeye,52.29,-128.259,Central Coast,SC,BC,1954,2008,37,4.977027027,12.82289189,Pacific Salmon Foundation. 2025. Pacific Salmon Explorer.,NA,NA
72,72,Sockeye,Tsimtack-Moore-Roger-Sockeye,53.36,-129.46,Central Coast,SC,BC,1960,2011,16,4.055625,6.7899375,Pacific Salmon Foundation. 2025. Pacific Salmon Explorer.,NA,NA
73,73,Sockeye,Awun-Sockeye,53.665,-132.523,Haida Gwaii,NC,BC,1957,2016,53,6.550943396,8.280660377,Pacific Salmon Foundation. 2025. Pacific Salmon Explorer.,NA,NA
74,74,Sockeye,Marian-Eden-Sockeye,53.975,-132.643,Haida Gwaii,NC,BC,1954,2016,45,14.07111111,16.17582222,Pacific Salmon Foundation. 2025. Pacific Salmon Explorer.,NA,NA
75,75,Sockeye,Skidegate-Sockeye,53.167,-131.789,Haida Gwaii,NC,BC,1956,2016,60,22.66651667,25.324,Pacific Salmon Foundation. 2025. Pacific Salmon Explorer.,NA,NA
76,76,Sockeye,Yakoun-Sockeye,53.682,-132.235,Haida Gwaii,NC,BC,1957,2016,54,15.57592593,20.13640741,Pacific Salmon Foundation. 2025. Pacific Salmon Explorer.,NA,NA
77,77,Sockeye,Nimpkish-Sockeye,50.576,-126.96,South Coast,SC,BC,1970,2012,43,58.37513953,65.47993023,Pacific Salmon Foundation. 2025. Pacific Salmon Explorer.,NA,NA
78,78,Sockeye,Kvichak-Sockeye,57.5,-157.6,Bristol Bay,BS,AK,1963,2014,52,4897.16275,10382.631,"A. Munro, ADFG, 2023",NA,NA
79,79,Sockeye,Alagnak-Sockeye,58.25,-157.38,Bristol Bay,BS,AK,1963,2014,52,824.4837885,2010.944769,"A. Munro, ADFG, 2023",NA,NA
80,80,Sockeye,Naknek-Sockeye,58.78,-157.08,Bristol Bay,BS,AK,1963,2014,52,1408.975885,4400.853615,"A. Munro, ADFG, 2023",NA,NA
81,81,Sockeye,Ugashik-Sockeye,58.85,-158.5,Bristol Bay,BS,AK,1963,2014,52,924.8109231,3356.575981,"A. Munro, ADFG, 2023",NA,NA
82,82,Sockeye,Egegik-Sockeye,58.85,-157.03,Bristol Bay,BS,AK,1963,2014,52,1158.393654,6807.491288,"A. Munro, ADFG, 2023",NA,NA
83,83,Sockeye,Nushagak-Sockeye,58.82,-158.49,Bristol Bay,BS,AK,1963,2014,52,573.037,1950.183519,"A. Munro, ADFG, 2023",NA,NA
84,84,Sockeye,Igushik-Sockeye,58.82,-158.62,Bristol Bay,BS,AK,1963,2014,52,364.8444615,856.8968269,"A. Munro, ADFG, 2023",NA,NA
85,85,Sockeye,Wood-Sockeye,58.68,-158.8,Bristol Bay,BS,AK,1963,2014,52,1308.842058,4801.464288,"A. Munro, ADFG, 2023",NA,NA
86,86,Sockeye,Togiak-Sockeye,58.95,-160.45,Bristol Bay,BS,AK,1956,2017,62,188.0247258,616.4524839,"A. Munro, ADFG, 2023",NA,NA
87,87,Sockeye,Kasilof-Sockeye,60.39,-151.3,Cook Inlet,GoA,AK,1968,2016,49,236.996102,779.3825714,"A. Munro, ADFG, 2023",NA,NA
88,88,Sockeye,Kenai-Sockeye,60.54,-151.28,Cook Inlet,GoA,AK,1968,2016,49,893.0023061,3317.111286,"A. Munro, ADFG, 2023",NA,NA
89,89,Sockeye,Goodnews-Sockeye,59.11,-161.62,AYK,BS,AK,1981,2015,35,40.51557143,63.64308571,"A. Munro, ADFG, 2023",NA,NA
90,90,Sockeye,Redoubt-Sockeye,56.9,-135.33,SEAK,NC,AK,1982,2016,35,30.93297143,44.4864,"A. Munro, ADFG, 2023",NA,NA
91,91,Sockeye,Chilkoot-Sockeye,58.92,-135.23,SEAK,NC,AK,1976,2016,41,68.46965854,162.3206098,"A. Munro, ADFG, 2023",NA,NA
92,92,Sockeye,Upper Station Late sockeye-Sockeye,57.06,-154.36,Kodiak,GoA,AK,1970,2015,46,167.5308913,411.4372826,"A. Munro, ADFG, 2023",NA,NA
93,93,Sockeye,Upper Station Early Sockeye-Sockeye,57.06,-154.36,Kodiak,GoA,AK,1969,2015,47,49.20931915,95.5893617,"A. Munro, ADFG, 2023",NA,NA
94,94,Sockeye,Ayakulik-Sockeye,57.2,-154.54,Kodiak,GoA,AK,1966,2015,50,265.34694,536.50786,"A. Munro, ADFG, 2023",NA,NA
95,95,Sockeye,Karluk Late-Sockeye,57.57,-154.45,Kodiak,GoA,AK,1982,2015,34,412.4687647,790.8482059,"A. Munro, ADFG, 2023",NA,NA
96,96,Sockeye,Karluk Early-Sockeye,57.57,-154.45,Kodiak,GoA,AK,1982,2015,34,259.1032647,402.0731176,"A. Munro, ADFG, 2023",NA,NA
97,97,Sockeye,Chignik Early-Sockeye,56.28,-158.64,Chignik,GoA,AK,1983,2015,33,460.2469394,1163.560879,"A. Munro, ADFG, 2023",NA,NA
98,98,Sockeye,Chignik Late-Sockeye,56.28,-158.64,Chignik,GoA,AK,1983,2015,33,314.8715152,943.1610909,"A. Munro, ADFG, 2023",NA,NA
99,99,Sockeye,Bear-Sockeye,56.16,-160.45,AYK,BS,AK,1982,2015,34,155.827,551.3473529,"A. Munro, ADFG, 2023",NA,NA
100,100,Sockeye,Nelson-Sockeye,55.96,-161.28,AYK,BS,AK,1982,2015,34,221.0861765,484.5308824,"A. Munro, ADFG, 2023",NA,NA
101,101,Sockeye,Great Central Lake-Sockeye,49.24,-124.8,South Coast,SC,BC,1977,2016,40,190.0865573,1383.228,"Colin Bailey, DFO, 2023",NA,NA
102,102,Sockeye,Sproat Lake-Sockeye,49.24,-124.8,South Coast,SC,BC,1977,2016,40,190.0865573,380.05145,"Colin Bailey, DFO, 2023",NA,NA
103,103,Chum,Willapa Bay-Chum,46.3733,-123.9575,Outside WA,SC,WA,1968,2020,53,32.5129434,56.67533962,"Marisa Litz, WDFW, 2023.",NA,
104,104,Chum,Grays Harbour-Chum,46.95083,-124.0497,Outside WA,SC,WA,1969,2020,51,21.39119608,41.16166667,"Marisa Litz, WDFW, 2023.",NA,
105,105,Chum,S Sound Summer-Chum,47.042,-122.835,Inside WA,SC,WA,1968,2020,53,27.94601887,45.95262264,"Marisa Litz, WDFW, 2023.",NA,
106,106,Chum,S Sound Fall-Chum,47.042,-122.835,Inside WA,SC,WA,1968,2020,53,132.3333396,357.637283,"Marisa Litz, WDFW, 2023.",NA,
107,107,Chum,S Sound Winter-Chum,47.042,-122.835,Inside WA,SC,WA,1968,2020,53,37.56673585,53.44754717,"Marisa Litz, WDFW, 2023.",NA,
108,108,Chum,Hood Canal-Chum,47.5644,-122.9956,Inside WA,SC,WA,1968,2020,53,56.65928302,187.9483019,"Marisa Litz, WDFW, 2023.",NA,
109,109,Chum,Port Susan-Chum,48.23861,-122.3758,Inside WA,SC,WA,1968,2020,53,68.4950566,112.8615472,"Marisa Litz, WDFW, 2023.",NA,
110,110,Chum,Skagit-Chum,48.3875,-122.3656,Inside WA,SC,WA,1968,2020,53,57.377,93.39298113,"Marisa Litz, WDFW, 2023.",NA,
111,111,Chum,Bellingham-Chum,48.775,-122.5978,Inside WA,SC,WA,1968,2020,53,33.09439623,63.22315094,"Marisa Litz, WDFW, 2023.",NA,
112,112,Chum,Strait of Juan de Fuca-Chum,48.162,-123.59,Inside WA,SC,WA,1968,2020,53,2.322301887,2.702792453,"Marisa Litz, WDFW, 2023.",NA,
113,113,Chum,Fraser-Chum,49.12333,-123.0569,South Coast,SC,BC,1959,1992,34,420.8459706,886.1851575,"Ryall, P., C. Murray, V. Palermo, D. Bailey, and D. Chen. 1999. Status of Clockwork Chum Salmon Stock and Review of the Clockwork Management Strategy. Technical report, Canadian Department of Fisheries and Oceans, Canadian Stock Assessment Secretariat Research Document 99/169",NA,
114,114,Chum,BC South (no Fraser)-Chum,50.28778,-125.2008,South Coast,SC,BC,1953,2002,50,799.0815,1310.96352,"Pieter Van Will, Fisheries and Oceans Canada (DFO), Port Hardy, BC; Van Will, P., R. Brahniuk, L. Hop Wo, and G. Pestal. 2009. Certification Unit Profile: Inner South Coast Chum Salmon (Excluding Fraser River). Technical report, Canadian Manuscript Report of Fisheries and Aquatic Sciences 2876",NA,"Statistical Areas 11-17, 28A, 28B, 29B"
115,115,Chum,Kadashan-Chum,57.575,-134.75,SEAK,NC,AK,1969,1984,16,27.237,60.5985625,"Steve Heinl, Alaska Department of Fish and Game (ADFG), Ketchikan, AK",NA,
116,116,Chum,Chilkat-Chum,59.201231,-135.466669,SEAK,NC,AK,1994,2005,12,173.1780833,353.1806091,"Steve Heinl, Alaska Department of Fish and Game (ADFG), Ketchikan, AK",NA,
117,117,Chum,East Alsek-Chum,59.434,-139.547,SEAK,NC,AK,1960,1987,21,11.8,22.98542857,"Steve Heinl, Alaska Department of Fish and Game (ADFG), Ketchikan, AK",NA,
118,118,Chum,Prince William Sound-Chum,60.5,-147,Central AK,GoA,AK,1965,2004,40,200.069475,1434.284625,"Botz, J., G. Hollowell, T. Sheridan, R. Brenner, and S. Moffitt. 2012. 2010 Prince William Sound Area Finfish Management Report. Technical report, Fishery Management Report No. 12-06, Alaska Department of Fish and Game",NA,
119,119,Chum,Kamishak-Chum,59.27,-154.1175,Central AK,GoA,AK,1971,2006,34,91.23235294,147.2120882,"Ted Otis, Alaska Department of Fish and Game (ADFG), Homer, AK; Hollowell, G., T. Otis, and E. Ford. 2012. 2011 Lower Cook Inlet area finfish management report. Technical report, Fishery Management Report No. 12-30, Alaska Department of Fish and Game",NA,
120,120,Chum,Outer Cook Inlet-Chum,59.38389,-150.7528,Central AK,GoA,AK,1970,2006,37,27.40810811,55.42624324,"Ted Otis, Alaska Department of Fish and Game (ADFG), Homer, AK; Hollowell, G., T. Otis, and E. Ford. 2012. 2011 Lower Cook Inlet area finfish management report. Technical report, Fishery Management Report No. 12-30, Alaska Department of Fish and Game",NA,
121,121,Chum,S Cook Inlet-Chum,59.52528,-151.48,Central AK,GoA,AK,1970,2006,37,2.881081081,8.016216216,"Ted Otis, Alaska Department of Fish and Game (ADFG), Homer, AK; Hollowell, G., T. Otis, and E. Ford. 2012. 2011 Lower Cook Inlet area finfish management report. Technical report, Fishery Management Report No. 12-30, Alaska Department of Fish and Game",NA,
122,122,Chum,Upper Cook Inlet-Chum,61.271,-150.576,Central AK,GoA,AK,1971,2008,35,9.130171429,18.04002857,"Patrick Shields, Alaska Department of Fish and Game (ADFG), Soldotna, AK",NA,
123,123,Chum,Chignik-Chum,56.59639,-157.9933,AK Peninsula,GoA,AK,1980,2020,40,379.44015,569.3611,"Matt (Birch) Foster & Kevin Schaberg, ADFG, 2024. ",NA,
124,124,Chum,Alitak-Chum,56.88528,-154.1217,Kodiak,GoA,AK,1984,2020,37,100.3018378,138.6228108,"Matt (Birch) Foster & Kevin Schaberg, ADFG, 2024. ",NA,
125,125,Chum,E Kodiak-Chum,57.089858,-153.187928,Kodiak,GoA,AK,1984,2020,37,255.2727027,417.9501622,"Matt (Birch) Foster & Kevin Schaberg, ADFG, 2024. ",NA,
126,126,Chum,NW Kodiak-Chum,57.856839,-153.882906,Kodiak,GoA,AK,1984,2020,37,180.1067027,412.0167027,"Matt (Birch) Foster & Kevin Schaberg, ADFG, 2024. ",NA,
127,127,Chum,SW Kodiak-Chum,57.264508,-154.613211,Kodiak,GoA,AK,1984,2020,37,50.28075676,78.70375676,"Matt (Birch) Foster & Kevin Schaberg, ADFG, 2024. ",NA,
128,128,Chum,Afognak-Chum,58.4,-152,Kodiak,GoA,AK,1984,2020,37,5.332864865,38.28008108,"Matt (Birch) Foster & Kevin Schaberg, ADFG, 2024. ",NA,
129,129,Chum,Mainland Kodiak-Chum,58.03333,-154.6644,Kodiak,GoA,AK,1979,2020,42,462.7345238,556.3367619,"Matt (Birch) Foster & Kevin Schaberg, ADFG, 2024. ",NA,
130,130,Chum,N AK Peninsula-Chum,56.46,-159.68,AK Peninsula,BS,AK,1962,2020,59,260.0673559,355.4894915,"Matt (Birch) Foster & Kevin Schaberg, ADFG, 2024. ",NA,
131,131,Chum,NW AK Peninsula-Chum,54.982,-163.37,AK Peninsula,BS,AK,1962,2020,59,296.0827119,378.7940254,"Matt (Birch) Foster & Kevin Schaberg, ADFG, 2024. ",NA,
132,132,Chum,S AK Peninsula-Chum,55.5,-161,AK Peninsula,BS,AK,1962,2020,59,763.6676949,1378.128746,"Matt (Birch) Foster & Kevin Schaberg, ADFG, 2024. ",NA,
133,133,Chum,Nushagak-Chum,58.622,-158.591,Bristol Bay,BS,AK,1980,2005,25,309.96628,773.9985935,"Lowell Fair, Alaska Department of Fish and Game (ADFG), Anchorage, AK",NA,
134,134,Chum,Togiak-Chum,58.925,-160.446,Bristol Bay,BS,AK,1978,1991,14,254.6821429,441.6097324,"Lowell Fair, Alaska Department of Fish and Game (ADFG), Anchorage, AK",NA,
135,135,Chum,Norton Sound-Chum,64.52,-165.12,Norton-Kotzebue Sound,BS,AK,1974,1995,22,43.87609091,53.63122727,"Doug Eggers, Alaska Department of Fish and Game (ADFG), Juneau, AK; Clark, J. 2001a. Biological escapement goal for chum salmon in subdistrict one of Norton Sound. Technical report, Regional Information Report No. 3AO1-09, Alaska Department of Fish and Game",NA,District 1
136,136,Chum,Kotzebue-Chum,66.46,-161.91,Norton-Kotzebue Sound,BS,AK,1962,1997,36,389.0910278,640.1555556,"Doug Eggers, Alaska Department of Fish and Game (ADFG), Juneau, AK; Eggers, D. and J. Clark. 2006. Assessment of historical runs and escapement goals for Kotzebue area chum salmon. Technical report, Fishery Manuscript No. 06-01, Alaska Department of Fish and Game ",NA,
137,137,Chum,Yukon - Summer-Chum,62.55,-165,Arctic-Yukon-Kuskokwim,BS,AK,1978,2017,40,2052.851,2409.302108,"Zach Liller, ADFG, 2024.",NA,
138,138,Chum,Yukon - Fall-Chum,62.55,-165,Arctic-Yukon-Kuskokwim,BS,AK,1974,2019,46,696.4663043,902.9132174,"Zach Liller, ADFG, 2024.",NA,
139,139,Chum,Kuskokwim-Chum,60.0407,-162.4261,Arctic-Yukon-Kuskokwim,BS,AK,1988,2016,29,1298.453665,1539.310981,"Sean Larson, ADFG, 2024.",NA,
140,140,Chum,Kwiniuk Inlet-Chum,64.72,-161.96,Norton-Kotzebue Sound,BS,AK,1965,2018,54,25.48198148,32.88590213,"Jenefer Bell, ADFG, 2024.",NA,
141,141,Chum,Lower Skeena-Chum,54.3,-130.36,Skeena-Nass,NC,BC,1958,2012,49,21.47406122,34.42240816,Pacific Salmon Foundation. 2025. Pacific Salmon Explorer.,NA,
142,142,Chum,Portland Inlet-Chum,55.04,-130,Skeena-Nass,NC,BC,1954,2011,58,24.58896552,41.28081034,Pacific Salmon Foundation. 2025. Pacific Salmon Explorer.,NA,
143,143,Chum,Portland Canal-Observatory-Chum,54.82,-130.25,Skeena-Nass,NC,BC,1954,2012,59,42.21008475,72.47411864,Pacific Salmon Foundation. 2025. Pacific Salmon Explorer.,NA,
144,144,Chum,Smith Inlet-Chum,51.31,-127.43,Central Coast,SC,BC,1954,2009,56,57.129,76.37435714,Pacific Salmon Foundation. 2025. Pacific Salmon Explorer.,NA,
145,145,Chum,Rivers Inlet-Chum,51.68,-127.26,Central Coast,SC,BC,1954,2007,54,40.84161111,49.08725926,Pacific Salmon Foundation. 2025. Pacific Salmon Explorer.,NA,
146,146,Chum,Spiller-Fitz-Hugh-Burke-Chum,52.16,-128.14,Central Coast,SC,BC,1954,2016,63,256.5827619,400.1066349,Pacific Salmon Foundation. 2025. Pacific Salmon Explorer.,NA,
147,147,Chum,Bella Coola-Dean Rivers-Chum,52.38,-126.78,Central Coast,SC,BC,1954,2016,63,200.6654762,430.2049365,Pacific Salmon Foundation. 2025. Pacific Salmon Explorer.,NA,
148,148,Chum,Hecate Lowlands-Chum,53.42,-129.25,Central Coast,SC,BC,1954,2016,63,116.8755397,215.3274603,Pacific Salmon Foundation. 2025. Pacific Salmon Explorer.,NA,
149,149,Chum,Mussel-Kynoch-Chum,52.61,-128.52,Central Coast,SC,BC,1954,2015,62,112.025,170.7622097,Pacific Salmon Foundation. 2025. Pacific Salmon Explorer.,NA,
150,150,Chum,Douglas-Gardner-Chum,53.96,-128.68,Central Coast,SC,BC,1954,2015,62,236.7610484,368.9858871,Pacific Salmon Foundation. 2025. Pacific Salmon Explorer.,NA,
151,151,Chum,E Haida Gwaii-Chum,53.26,-131.62,Haida Gwaii,NC,BC,1954,2008,55,202.4377091,292.1338545,Pacific Salmon Foundation. 2025. Pacific Salmon Explorer.,NA,
152,152,Chum,N Haida Gwaii-Chum,54.31,-132.44,Haida Gwaii,NC,BC,1954,2002,49,62.26626531,68.09181633,Pacific Salmon Foundation. 2025. Pacific Salmon Explorer.,NA,
153,153,Chum,W Haida Gwaii-Chum,53.12,-132.82,Haida Gwaii,NC,BC,1954,2009,56,103.8452679,133.0461964,Pacific Salmon Foundation. 2025. Pacific Salmon Explorer.,NA,
154,154,Chum,Skidegate-Chum,54.09,-132.22,Haida Gwaii,NC,BC,1954,2010,57,108.7804912,151.4397018,Pacific Salmon Foundation. 2025. Pacific Salmon Explorer.,NA,
155,155,Chum,NW Vancouver Island-Chum,50.04,-127.68,South Coast,SC,BC,1956,2010,49,53.31706122,58.15867347,Pacific Salmon Foundation. 2025. Pacific Salmon Explorer.,NA,
156,156,Chum,SW-W Vancouver Island-Chum,48.7,-125.09,South Coast,SC,BC,1956,2010,48,326.7704792,391.9638125,Pacific Salmon Foundation. 2025. Pacific Salmon Explorer.,NA,
157,157,Pink-Odd,Puyallup-Pink-Odd,47.26972,-122.4272,Inside WA,SC,WA,1959,2021,32,183.519375,288.1701875,"Marisa Litz, WDFW, 2023.",NA,
158,158,Pink-Odd,Hood Canal-Pink-Odd,47.5644,-122.9956,Inside WA,SC,WA,1959,2021,32,99.8785625,164.56125,"Marisa Litz, WDFW, 2023.",NA,
159,159,Pink-Odd,Snohomish-Pink-Odd,48.02139,-122.2072,Inside WA,SC,WA,1959,2021,32,408.2977813,612.3049375,"Marisa Litz, WDFW, 2023.",NA,
160,160,Pink-Odd,Dungeness-Pink-Odd,48.1508,-123.1333,Inside WA,SC,WA,1959,2021,32,65.30890625,87.760875,"Marisa Litz, WDFW, 2023.",NA,
161,161,Pink-Odd,Stillaguamish-Pink-Odd,48.23861,-122.3758,Inside WA,SC,WA,1959,2021,32,188.7851563,318.8809375,"Marisa Litz, WDFW, 2023.",NA,
162,162,Pink-Odd,Skagit-Pink-Odd,48.3875,-122.3656,Inside WA,SC,WA,1959,2021,32,434.1586875,848.5199688,"Marisa Litz, WDFW, 2023.",NA,
163,163,Pink-Odd,Nooksack-Pink-Odd,48.775,-122.5978,Inside WA,SC,WA,1959,2021,32,71.0149375,118.8135,"Marisa Litz, WDFW, 2023.",NA,
164,164,Pink-Odd,Nisqually-Pink-Odd,47.101,-122.706,Inside WA,SC,WA,1959,2021,28,85.66182143,127.7674286,NA,NA,NA
165,165,Pink-Odd,S South Misc.-Pink-Odd,47.16,-122.91,Inside WA,SC,WA,1959,2021,32,0.2941875,0.48590625,NA,NA,NA
166,166,Pink-Odd,Fraser-Pink-Odd,49.12333,-123.0569,South Coast,SC,BC,1961,2021,31,6532.232194,11492.73674,"S. Latham, Pacific Salmon Commission, Vancouver, BC",NA,
167,167,Pink-Even,S Southeast Alaska-Pink-Even,55.71556,-131.8714,SEAK,NC,AK,1960,2022,32,13424.82352,30860.31216,"Steve Heinl, Alaska Department of Fish and Game (ADFG), Ketchikan, AK; Piston & Heinl 2011",NA,Sumner Strait and south (Districts 101–108). 366 Index streams.
168,168,Pink-Odd,S Southeast Alaska-Pink-Odd,55.71556,-131.8714,SEAK,NC,AK,1961,2021,31,15358.34718,38678.94585,"Steve Heinl, Alaska Department of Fish and Game (ADFG), Ketchikan, AK; Piston & Heinl 2011",NA,Sumner Strait and south (Districts 101–108). 366 Index streams.
169,169,Pink-Even,N Southeast Alaska Outside-Pink-Even,57.17694,-135.7869,SEAK,NC,AK,1960,2024,33,2690.786136,4130.7065,Piston & Fish 2024,NA,District 113 excluding 113-51 through 113-59. 41 index streams. 
170,170,Pink-Odd,N Southeast Alaska Outside-Pink-Odd,57.17694,-135.7869,SEAK,NC,AK,1961,2023,32,4426.326328,7036.675703,Piston & Fish 2024,NA,District 113 excluding 113-51 through 113-59. 41 index streams. 
171,171,Pink-Even,N Southeast Alaska Inside-Pink-Even,57.57528,-134.7503,SEAK,NC,AK,1960,2024,33,6594.672424,12573.19747,Piston & Fish 2024,NA,"Districts 109-112, 114-115, Subdistricts 113-51 through 113-59. 295 Index streams."
172,172,Pink-Odd,N Southeast Alaska Inside-Pink-Odd,57.57528,-134.7503,SEAK,NC,AK,1961,2023,32,9239.357188,20317.87517,Piston & Fish 2024,NA,"Districts 109-112, 114-115, Subdistricts 113-51 through 113-59. 295 Index streams."
173,173,Pink-Even,Situk-Pink-Even,59.43353,-139.5467,SEAK,NC,AK,1962,1990,12,180.8579167,179.011,"Steve Heinl, Alaska Department of Fish and Game (ADFG), Ketchikan, AK; Clark. 1995.",NA,
174,174,Pink-Odd,Situk-Pink-Odd,59.43353,-139.5467,SEAK,NC,AK,1965,1989,13,200.2322308,226.6915385,"Steve Heinl, Alaska Department of Fish and Game (ADFG), Ketchikan, AK; Clark. 1995.",NA,
175,175,Pink-Even,Humpy-Pink-Even,59.6444,-139.5844,SEAK,NC,AK,1962,1992,12,27.38375,46.42808333,"Steve Heinl, Alaska Department of Fish and Game (ADFG), Ketchikan, AK; Clark. 1995.",NA,
176,176,Pink-Odd,Humpy-Pink-Odd,59.6444,-139.5844,SEAK,NC,AK,1973,1991,10,73.9719,110.7452,"Steve Heinl, Alaska Department of Fish and Game (ADFG), Ketchikan, AK; Clark. 1995.",NA,
177,177,Pink-Even,Prince William Sound-Pink-Even,60.5,-147,Central AK,GoA,AK,1960,2016,29,0.003788368,0.008036023,Ohlberger et al. 2021,NA,
178,178,Pink-Odd,Prince William Sound-Pink-Odd,60.5,-147,Central AK,GoA,AK,1961,2017,29,0.006027755,0.014491969,Ohlberger et al. 2021,NA,
179,179,Pink-Even,S Cook Inlet-Pink-Even,59.52528,-151.48,Central AK,GoA,AK,1976,2008,17,72.07635294,102.4275882,"Ted Otis, Alaska Department of Fish and Game (ADFG), Homer, AK",NA,"Sum of Humpy Creek, Seldovia Bay"
180,180,Pink-Odd,S Cook Inlet-Pink-Odd,59.52528,-151.48,Central AK,GoA,AK,1977,2009,17,110.6001765,164.2054706,"Ted Otis, Alaska Department of Fish and Game (ADFG), Homer, AK",NA,"Sum of Humpy Creek, Seldovia Bay"
181,181,Pink-Even,Outer Cook Inlet-Pink-Even,59.38389,-150.7528,Central AK,GoA,AK,1976,2008,17,185.2204118,407.7485882,"Ted Otis, Alaska Department of Fish and Game (ADFG), Homer, AK",NA,"Sum of Port Chatham, Port Dick, Rocky River, Windy Creek, South Nuka"
182,182,Pink-Odd,Outer Cook Inlet-Pink-Odd,59.38389,-150.7528,Central AK,GoA,AK,1977,2009,17,278.9246471,648.2626471,"Ted Otis, Alaska Department of Fish and Game (ADFG), Homer, AK",NA,"Sum of Port Chatham, Port Dick, Rocky River, Windy Creek, South Nuka"
183,183,Pink-Even,Kamishak-Pink-Even,59.27,-154.1175,Central AK,GoA,AK,1976,2008,17,306.1155294,382.8532353,"Ted Otis, Alaska Department of Fish and Game (ADFG), Homer, AK",NA,"Sum of Bruin River, Sunday Creek, Brown's Peak Creek"
184,184,Pink-Odd,Kamishak-Pink-Odd,59.27,-154.1175,Central AK,GoA,AK,1977,2009,17,326.6470588,370.3618235,"Ted Otis, Alaska Department of Fish and Game (ADFG), Homer, AK",NA,"Sum of Bruin River, Sunday Creek, Brown's Peak Creek"
185,185,Pink-Even,Kodiak-Pink-Even,58.03333,-154.6644,Central AK,GoA,AK,1978,2022,23,9150.942576,18778.16875,"Matt Foster, Alaska Department of Fish and Game (ADFG), Kodiak, AK",NA,
186,186,Pink-Odd,Kodiak-Pink-Odd,58.03333,-154.6644,Central AK,GoA,AK,1979,2021,22,8442.802932,23310.12638,"Matt Foster, Alaska Department of Fish and Game (ADFG), Kodiak, AK",NA,
187,187,Pink-Even,Chignik-Pink-Even,56.38528,-158.2261,AK Peninsula,GoA,AK,1980,2022,21,1384.328667,2067.804095,"Matt (Birch) Foster & Kevin Schaberg, ADFG, 2024. ",NA,
188,188,Pink-Odd,Chignik-Pink-Odd,56.38528,-158.2261,AK Peninsula,GoA,AK,1981,2021,21,1862.571429,3378.842857,"Matt (Birch) Foster & Kevin Schaberg, ADFG, 2024. ",NA,
189,189,Pink-Even,S AKPen-Pink-Even,55,-161,AK Peninsula,GoA,AK,1962,2022,31,3582.485758,7185.283968,Finkle et al. 2022,NA,Area M
190,190,Pink-Odd,S AKPen-Pink-Odd,55,-161,AK Peninsula,GoA,AK,1963,2021,30,4502.28825,11289.50782,Finkle et al. 2022,NA,Area M
191,191,Pink-Even,NW AK Peninsula-Pink-Even,54.982,-163.37,AK Peninsula,BS,AK,1962,2022,31,64.13085484,107.3175,"Matt Foster, Alaska Department of Fish and Game (ADFG), Kodiak, AK",NA,
192,192,Pink-Odd,NW AK Peninsula-Pink-Odd,54.982,-163.37,AK Peninsula,BS,AK,1963,2021,30,47.04515,84.56575,"Matt Foster, Alaska Department of Fish and Game (ADFG), Kodiak, AK",NA,
193,193,Pink-Even,Nushagak-Pink-Even,58.62222,-158.5911,Bristol Bay,BS,AK,1958,2002,23,1313.183391,2042.295304,"Lowell Fair, Alaska Department of Fish and Game (ADFG), Anchorage, AK",NA,
194,194,Pink-Even,Unalakleet-Pink-Even,63.86944,-160.7878,Norton Sound,BS,AK,1970,2002,13,114.8156154,253.9194615,"Jenefer Bell, Alaska Department of Fish and Game (ADFG), Nome, AK; Menard et al. 2011.",NA,
195,195,Pink-Odd,Unalakleet-Pink-Odd,63.86944,-160.7878,Norton Sound,BS,AK,1973,2009,15,57.96573333,80.05653333,"Jenefer Bell, Alaska Department of Fish and Game (ADFG), Nome, AK; Menard et al. 2011.",NA,
196,196,Pink-Even,Nome-Pink-Even,64.4828,-165.305,Norton Sound,BS,AK,1972,2008,19,478.8536842,504.4855789,"Jenefer Bell, Alaska Department of Fish and Game (ADFG), Nome, AK; Menard et al. 2011.",NA,
197,197,Pink-Odd,Nome-Pink-Odd,64.4828,-165.305,Norton Sound,BS,AK,1971,2009,20,155.71515,164.39975,"Jenefer Bell, Alaska Department of Fish and Game (ADFG), Nome, AK; Menard et al. 2011.",NA,
198,198,Pink-Even,Moses-Norton-Pink-Even,64.64,-161.55,Norton Sound,BS,AK,1964,2008,23,490.8851739,518.7969565,"Jenefer Bell, Alaska Department of Fish and Game (ADFG), Nome, AK; Menard et al. 2011.",NA,
199,199,Pink-Odd,Moses-Norton-Pink-Odd,64.64,-161.55,Norton Sound,BS,AK,1963,2009,24,126.1810833,136.08425,"Jenefer Bell, Alaska Department of Fish and Game (ADFG), Nome, AK; Menard et al. 2011.",NA,
200,200,Pink-Even,Auke Creek-Pink-Even,58.376,-134.65,SEAK,NC,AK,1978,2016,20,7.64695,6.7684,Vulstek et al. 2022,NA,
201,201,Pink-Odd,Auke Creek-Pink-Odd,58.376,-134.65,SEAK,NC,AK,1979,2015,19,11.61631579,11.09247368,Vulstek et al. 2022,NA,
202,202,Pink-Even,Kwiniuk-Pink-Even,64.68,-162.01,Norton Sound,BS,AK,1966,2020,24,918.1210833,952.7254208,"Jenefer Bell, ADFG, 2024.",NA,
203,203,Pink-Odd,Kwiniuk-Pink-Odd,64.68,-162.01,Norton Sound,BS,AK,1965,2021,26,114.1795,131.0781885,"Jenefer Bell, ADFG, 2024.",NA,
204,204,Pink-Even,Middle-Upper Skeena-Pink-Even,54.09,-130.21,Skeena-Nass,NC,BC,1954,2014,31,451.894,921.0323226,Pacific Salmon Foundation. 2025. Pacific Salmon Explorer.,NA,
205,205,Pink-Even,Nass-Skeena Estuary-Pink-Even,54.09,-130.21,Skeena-Nass,NC,BC,1954,2014,31,1527.905,2577.429677,Pacific Salmon Foundation. 2025. Pacific Salmon Explorer.,NA,
206,206,Pink-Even,Hecate Lowlands-Pink-Even,52.45,-129.1,Central Coast,SC,BC,1954,2018,33,828.7760303,1687.273879,Pacific Salmon Foundation. 2025. Pacific Salmon Explorer.,NA,
207,207,Pink-Even,Hecate Strait-Fjords-Pink-Even,52.45,-129.1,Central Coast,SC,BC,1954,2018,33,3707.86803,7902.336242,Pacific Salmon Foundation. 2025. Pacific Salmon Explorer.,NA,
208,208,Pink-Even,N Haida Gwaii-Pink-Even,54.09,-132.14,Haida Gwaii,NC,BC,1954,2018,30,1024.534967,1301.5296,Pacific Salmon Foundation. 2025. Pacific Salmon Explorer.,NA,
209,209,Pink-Even,E Haida Gwaii-Pink-Even,52.66,-131.29,Haida Gwaii,NC,BC,1954,2012,30,765.5295333,1030.1187,Pacific Salmon Foundation. 2025. Pacific Salmon Explorer.,NA,
210,210,Pink-Even,W Haida Gwaii-Pink-Even,52.6,-132.09,Haida Gwaii,NC,BC,1954,2012,30,287.2254333,408.9235667,Pacific Salmon Foundation. 2025. Pacific Salmon Explorer.,NA,
211,211,Pink-Even,Georgia Strait-Pink-Even,49.80573928,-124.0410067,South Coast,SC,BC,1954,2014,31,237.5483871,307.0716129,Pacific Salmon Foundation. 2025. Pacific Salmon Explorer.,NA,
212,212,Pink-Even,Southern Fjords-Pink-Even,50.88,-126.61,South Coast,SC,BC,1954,2014,31,1410.235355,2247.585355,Pacific Salmon Foundation. 2025. Pacific Salmon Explorer.,NA,
213,213,Chinook,Ayakulik-Chinook,57.1978276,-154.53849,Kodiak,GoA,AK,1977,2009,33,10.21293939,12.20621212,"Schaberg, KL, Foster, MB, Wattum, ML, McKinley TR. Review of Salmon Escapement Goals in the Kodiak
Management Area, 2016. Fishery Manuscript Series No. 16-09.
Management Area, 2016 ",http://www.adfg.alaska.gov/static/regulations/regprocess/fisheriesboard/pdfs/2016-2017/kodiak/FMS16-09.pdf,NA
214,214,Chinook,Karluk-Chinook,57.563,-154.3843,Kodiak,GoA,AK,1976,2009,34,7.709588235,8.566352941,"Schaberg, KL, Foster, MB, Wattum, ML, McKinley TR. Review of Salmon Escapement Goals in the Kodiak
Management Area, 2016. Fishery Manuscript Series No. 16-09.
Management Area, 2016 ",http://www.adfg.alaska.gov/static/regulations/regprocess/fisheriesboard/pdfs/2016-2017/kodiak/FMS16-09.pdf,NA
215,215,Chinook,Chignik-Chinook,56.2615981,-158.71224,AK Peninsula,GoA,AK,1980,2008,29,3.376275862,5.373575862,"Schaberg, KL, Tracy DA, Foster, MB, Loewen, M. 2015. Review of Salmon Escapement Goals in the Chignik
Management Area, 2015. Fishery Manuscript Series No. 15-02 .",http://www.adfg.alaska.gov/FedAidPDFs/FMS15-02.pdf,NA
216,216,Chinook,Nelson-Chinook,55.810523,-161.25646,AK Peninsula,GoA,AK,1981,1996,16,4.4945625,6.89925,"Nelson, PA, Hasbrouck, JJ, Witteveen, MJ, Bouwens, KA, Vining, I. 2006. Review of Salmon Escapement Goals in the Alaska
Peninsula and Aleutian Islands Management Areas
Report to the Alaska Board of Fisheries, 2004. Fishery Manuscript No. 06-03. ADF&G.",http://www.sf.adfg.state.ak.us/FedAidPDFs/fms06-03.pdf,NA
217,217,Chinook,Goodnews-Chinook,59.15992,-161.6119,Kuskokwim,BS,AK,1981,2001,21,3.154190476,4.761095238,"Fishery Data Series No. 10-08: Goodnews River Salmon Monitoring and Assessment,
2008 ",http://www.adfg.alaska.gov/FedAidPDFs/FDS10-08.pdf,NA
218,218,Chinook,Andrew Creek-Chinook,56.63997,-132.2,SEAK,NC,AK,1979,2004,14,1.06,1.306928571,"Special Publication No. 05-22: Stock Status and Escapement Goals for Salmon in
Southeast Alaska 2005: Chapter 1: Chinook Salmon Status and
Escapement Goals for Stocks in Southeast
Alaska",http://www.sf.adfg.state.ak.us/FedAidPDFs/sp05-22Chapter1.pdf,NA
219,219,Chinook,Chickamin-Chinook,55.8174772,-130.93326,SEAK,NC,AK,1985,2004,20,3.30675,3.89775,"Special Publication No. 05-22: Stock Status and Escapement Goals for Salmon in
Southeast Alaska 2005: Chapter 1: Chinook Salmon Status and
Escapement Goals for Stocks in Southeast
Alaska",http://www.sf.adfg.state.ak.us/FedAidPDFs/sp05-22Chapter1.pdf,NA
220,220,Chinook,King Salmon River-Chinook,58.0420026,-134.34145,SEAK,NC,AK,1982,2004,17,0.198411765,0.228941176,"Special Publication No. 05-22: Stock Status and Escapement Goals for Salmon in
Southeast Alaska 2005: Chapter 1: Chinook Salmon Status and
Escapement Goals for Stocks in Southeast
Alaska",http://www.sf.adfg.state.ak.us/FedAidPDFs/sp05-22Chapter1.pdf,NA
221,221,Chinook,Stikine-Chinook,56.6917175,-132.21863,SEAK,NC,AK,1977,1997,21,24.78857143,36.57066667,"Special Publication No. 05-22: Stock Status and Escapement Goals for Salmon in
Southeast Alaska 2005: Chapter 1: Chinook Salmon Status and
Escapement Goals for Stocks in Southeast
Alaska",http://www.sf.adfg.state.ak.us/FedAidPDFs/sp05-22Chapter1.pdf,NA
222,222,Chinook,Unuk-Chinook,56.0768125,-131.077,SEAK,NC,AK,1982,2004,21,5.887095238,7.288714286,"Special Publication No. 05-22: Stock Status and Escapement Goals for Salmon in
Southeast Alaska 2005: Chapter 1: Chinook Salmon Status and
Escapement Goals for Stocks in Southeast
Alaska",http://www.sf.adfg.state.ak.us/FedAidPDFs/sp05-22Chapter1.pdf,NA
223,223,Chinook,Alsek-Klukshu-Chinook,59.106,-138.63,SEAK,NC,AK,1976,1990,15,2.1266,2.910333333,"Special Publication No. 05-22: Stock Status and Escapement Goals for Salmon in
Southeast Alaska 2005: Chapter 1: Chinook Salmon Status and
Escapement Goals for Stocks in Southeast
Alaska",http://www.sf.adfg.state.ak.us/FedAidPDFs/sp05-22Chapter1.pdf,NA
224,224,Chinook,Situk-Chinook,59.4579521,-139.57143,SEAK,NC,AK,1977,1998,22,1.314636364,3.8955,"Special Publication No. 05-22: Stock Status and Escapement Goals for Salmon in
Southeast Alaska 2005: Chapter 1: Chinook Salmon Status and
Escapement Goals for Stocks in Southeast
Alaska",http://www.sf.adfg.state.ak.us/FedAidPDFs/sp05-22Chapter1.pdf,NA
225,225,Chinook,Nushagak-Chinook,58.9061423,-157.73358,Bristol Bay,BS,AK,1966,2005,40,168.6606,241.9116,"Fishery Manuscript Series No. 12-05: Stock Assessment of Chinook, Sockeye, and Chum
Salmon in the Nushagak River",http://www.adfg.alaska.gov/FedAidPDFs/FMS12-05.pdf,NA
226,226,Chinook,Copper-Chinook,60.46,-144.96,Central AK,GoA,AK,1980,2015,36,22.55186111,82.14736111,"Run Reconstruction, Spawner–Recruit Analysis, and Escapement Goal Recommendation for Chinook Salmon in the Copper River. Fishery Manuscript No. 21-01. ADF&G.",https://www.adfg.alaska.gov/static/regulations/regprocess/fisheriesboard/pdfs/2021-2022/pws/FMS21-01.pdf,NA
227,227,Chinook,Deshka-Chinook,61.21,-150.62,Central AK,GoA,AK,1979,2014,36,26.97352778,28.42516667,Susitna River Chinook Salmon Run Reconstruction and Escapement Goal Analysis. Fishery Manuscript No. 20-01. ADF&G.,https://www.adfg.alaska.gov/FedAidPDFs/FMS20-01.pdf,NA
228,228,Chinook,Susitna-Chinook,61.21,-150.62,Central AK,GoA,AK,1979,2014,36,23.56508333,31.08297222,Susitna River Chinook Salmon Run Reconstruction and Escapement Goal Analysis. Fishery Manuscript No. 20-01. ADF&G.,https://www.adfg.alaska.gov/FedAidPDFs/FMS20-01.pdf,NA
229,229,Chinook,Talkeetna-Chinook,61.21,-150.62,Central AK,GoA,AK,1979,2014,36,19.54938889,21.90983333,Susitna River Chinook Salmon Run Reconstruction and Escapement Goal Analysis. Fishery Manuscript No. 20-01. ADF&G.,https://www.adfg.alaska.gov/FedAidPDFs/FMS20-01.pdf,NA
230,230,Chinook,Yentna-Chinook,61.21,-150.62,Central AK,GoA,AK,1979,2014,36,30.40827778,34.38916667,Susitna River Chinook Salmon Run Reconstruction and Escapement Goal Analysis. Fishery Manuscript No. 20-01. ADF&G.,https://www.adfg.alaska.gov/FedAidPDFs/FMS20-01.pdf,NA
231,231,Chinook,Kenai - Early-Chinook,60.54,-151.33,Central AK,GoA,AK,1986,2016,31,6.781483871,8.68216129,"McKinley, TR, Erickson, JW, Eskelin, T, DeCovich, N, Hamazaki, H. Review of Salmon Escapement Goals in Upper Cook
Inlet, Alaska, 2023. Fishery Manuscript No. 24-01. ADF&G.
Inlet, Alaska, 2023",https://www.adfg.alaska.gov/FedAidPDFs/FMS24-01.pdf,NA
232,232,Chinook,Kenai - Late-Chinook,60.54,-151.33,Central AK,GoA,AK,1986,2016,31,31.74909677,40.19941935,"McKinley, TR, Erickson, JW, Eskelin, T, DeCovich, N, Hamazaki, H. Review of Salmon Escapement Goals in Upper Cook
Inlet, Alaska, 2023. Fishery Manuscript No. 24-01. ADF&G.
Inlet, Alaska, 2023",https://www.adfg.alaska.gov/FedAidPDFs/FMS24-01.pdf,NA
233,233,Chinook,Blossom-Chinook,55.402008,-130.60741,SEAK,NC,AK,1975,2001,27,1.246518519,1.764814815,Escapement Goals for Chinook Salmon in the Blossom and Keta Rivers. Fishery Manuscript No. 11-05. ADF&G.,https://www.adfg.alaska.gov/FedAidPDFs/FMS11-05.pdf,NA
234,234,Chinook,Keta-Chinook,55.402008,-130.60741,SEAK,NC,AK,1975,2001,27,1.27662963,1.854259259,Escapement Goals for Chinook Salmon in the Blossom and Keta Rivers. Fishery Manuscript No. 11-05. ADF&G.,https://www.adfg.alaska.gov/FedAidPDFs/FMS11-05.pdf,NA
235,235,Chinook,Anchor-Chinook,59.8,-151.9,Central AK,GoA,AK,2003,2013,11,7.012909091,5.641545455,"Anchor River Chinook Salmon Stock Assessment, 2016–2019. Fishery Data Series No. 24-24. ADF&G.",https://www.adfg.alaska.gov/FedAidPDFs/FDS24-24.pdf,NA
236,236,Chinook,East Fork Andreafsky-Chinook,62.55,-165,Yukon,BS,AK,1994,2010,17,4.210411765,4.459588235,"Brown RJ, Bradley C, Melegari JL. 2020. Population Trends for Chinook and Summer Chum Salmon in Two Yukon River Tributaries in Alaska. Journal of Fish and Wildlife Management, 11, 377-400.",https://meridian.allenpress.com/jfwm/article/11/2/377/436141/Population-Trends-for-Chinook-and-Summer-Chum,NA
237,237,Chinook,Gisasa-Chinook,62.55,-165,Yukon,BS,AK,1995,2010,16,2.4795,2.447625,"Brown RJ, Bradley C, Melegari JL. 2020. Population Trends for Chinook and Summer Chum Salmon in Two Yukon River Tributaries in Alaska. Journal of Fish and Wildlife Management, 11, 377-400.",https://meridian.allenpress.com/jfwm/article/11/2/377/436141/Population-Trends-for-Chinook-and-Summer-Chum,NA
238,238,Chinook,Salcha-Chinook,62.55,-165,Yukon,BS,AK,1987,2016,30,8.217366667,14.48536667,"Joy, PJ, Ocaña, M, Savereide, JW, Tyers, M. Run Reconstruction, Spawner–Recruit Analysis, and Escapement Goal Recommendation for Chinook Salmon in the Chena and Salcha Rivers. Fishery Manuscript No. 24-02. ADF&G.",https://www.adfg.alaska.gov/FedAidPDFs/FMS24-02.pdf,NA
239,239,Chinook,Chena-Chinook,62.55,-165,Yukon,BS,AK,1986,2016,31,6.714677419,10.67422581,"Joy, PJ, Ocaña, M, Savereide, JW, Tyers, M. Run Reconstruction, Spawner–Recruit Analysis, and Escapement Goal Recommendation for Chinook Salmon in the Chena and Salcha Rivers. Fishery Manuscript No. 24-02. ADF&G.",https://www.adfg.alaska.gov/FedAidPDFs/FMS24-02.pdf,NA
240,240,Chinook,Aniak-Chinook,60.0407,-162.4261,Kuskokwim,BS,AK,1977,2010,34,14.17959354,18.87661371,"Staton, BA, Catalano, MJ, Connors, BM, Coggins Jr., LG, Jones, ML, Walters, CJ, Fleischman, SJ, Gwinn, DC. 2020.Evaluation of methods for spawner–recruit analysis in mixed-stock Pacific salmon fisheries. Can J. Fish. Aquat. Sci, 77, 1149-1162.",https://cdnsciencepub.com/doi/10.1139/cjfas-2019-0281,NA
241,241,Chinook,George-Chinook,60.0407,-162.4261,Kuskokwim,BS,AK,1976,2010,35,6.819296358,8.547656447,"Staton, BA, Catalano, MJ, Connors, BM, Coggins Jr., LG, Jones, ML, Walters, CJ, Fleischman, SJ, Gwinn, DC. 2020.Evaluation of methods for spawner–recruit analysis in mixed-stock Pacific salmon fisheries. Can J. Fish. Aquat. Sci, 77, 1149-1162.",https://cdnsciencepub.com/doi/10.1139/cjfas-2019-0281,NA
242,242,Chinook,Holokuk-Chinook,60.0407,-162.4261,Kuskokwim,BS,AK,1976,2010,35,2.146733214,1.760869397,"Staton, BA, Catalano, MJ, Connors, BM, Coggins Jr., LG, Jones, ML, Walters, CJ, Fleischman, SJ, Gwinn, DC. 2020.Evaluation of methods for spawner–recruit analysis in mixed-stock Pacific salmon fisheries. Can J. Fish. Aquat. Sci, 77, 1149-1162.",https://cdnsciencepub.com/doi/10.1139/cjfas-2019-0281,NA
243,243,Chinook,Kogrukluk-Chinook,60.0407,-162.4261,Kuskokwim,BS,AK,1976,2010,35,11.41503985,16.36419315,"Staton, BA, Catalano, MJ, Connors, BM, Coggins Jr., LG, Jones, ML, Walters, CJ, Fleischman, SJ, Gwinn, DC. 2020.Evaluation of methods for spawner–recruit analysis in mixed-stock Pacific salmon fisheries. Can J. Fish. Aquat. Sci, 77, 1149-1162.",https://cdnsciencepub.com/doi/10.1139/cjfas-2019-0281,NA
244,244,Chinook,Kwethluk-Chinook,60.0407,-162.4261,Kuskokwim,BS,AK,1976,2010,35,14.44828317,18.48289563,"Staton, BA, Catalano, MJ, Connors, BM, Coggins Jr., LG, Jones, ML, Walters, CJ, Fleischman, SJ, Gwinn, DC. 2020.Evaluation of methods for spawner–recruit analysis in mixed-stock Pacific salmon fisheries. Can J. Fish. Aquat. Sci, 77, 1149-1162.",https://cdnsciencepub.com/doi/10.1139/cjfas-2019-0281,NA
245,245,Chinook,Pitka-Chinook,60.0407,-162.4261,Kuskokwim,BS,AK,1976,2010,35,5.597360153,7.317025079,"Staton, BA, Catalano, MJ, Connors, BM, Coggins Jr., LG, Jones, ML, Walters, CJ, Fleischman, SJ, Gwinn, DC. 2020.Evaluation of methods for spawner–recruit analysis in mixed-stock Pacific salmon fisheries. Can J. Fish. Aquat. Sci, 77, 1149-1162.",https://cdnsciencepub.com/doi/10.1139/cjfas-2019-0281,NA
246,246,Chinook,Swift-Chinook,60.0407,-162.4261,Kuskokwim,BS,AK,1976,2010,35,3.782253297,4.510873711,"Staton, BA, Catalano, MJ, Connors, BM, Coggins Jr., LG, Jones, ML, Walters, CJ, Fleischman, SJ, Gwinn, DC. 2020.Evaluation of methods for spawner–recruit analysis in mixed-stock Pacific salmon fisheries. Can J. Fish. Aquat. Sci, 77, 1149-1162.",https://cdnsciencepub.com/doi/10.1139/cjfas-2019-0281,NA
247,247,Chinook,Takotna-Chinook,60.0407,-162.4261,Kuskokwim,BS,AK,1976,2010,35,0.658262821,0.776614707,"Staton, BA, Catalano, MJ, Connors, BM, Coggins Jr., LG, Jones, ML, Walters, CJ, Fleischman, SJ, Gwinn, DC. 2020.Evaluation of methods for spawner–recruit analysis in mixed-stock Pacific salmon fisheries. Can J. Fish. Aquat. Sci, 77, 1149-1162.",https://cdnsciencepub.com/doi/10.1139/cjfas-2019-0281,NA
248,248,Chinook,Tatlawiksuk-Chinook,60.0407,-162.4261,Kuskokwim,BS,AK,1976,2010,35,2.050906104,2.817472995,"Staton, BA, Catalano, MJ, Connors, BM, Coggins Jr., LG, Jones, ML, Walters, CJ, Fleischman, SJ, Gwinn, DC. 2020.Evaluation of methods for spawner–recruit analysis in mixed-stock Pacific salmon fisheries. Can J. Fish. Aquat. Sci, 77, 1149-1162.",https://cdnsciencepub.com/doi/10.1139/cjfas-2019-0281,NA
249,249,Chinook,Tuluksak-Chinook,60.0407,-162.4261,Kuskokwim,BS,AK,1976,2010,35,1.458763257,1.886417872,"Staton, BA, Catalano, MJ, Connors, BM, Coggins Jr., LG, Jones, ML, Walters, CJ, Fleischman, SJ, Gwinn, DC. 2020.Evaluation of methods for spawner–recruit analysis in mixed-stock Pacific salmon fisheries. Can J. Fish. Aquat. Sci, 77, 1149-1162.",https://cdnsciencepub.com/doi/10.1139/cjfas-2019-0281,NA
250,250,Chinook,Big Salmon-Chinook,62.55,-165,Yukon,BS,AK,1985,2020,36,5.555431389,10.00036083,"Staton, BA, Catalano, MJ, Connors, BM, Coggins Jr., LG, Jones, ML, Walters, CJ, Fleischman, SJ, Gwinn, DC. 2020.Evaluation of methods for spawner–recruit analysis in mixed-stock Pacific salmon fisheries. Can J. Fish. Aquat. Sci, 77, 1149-1162.",NA,NA
251,251,Chinook,Middle Yukon-Chinook,62.55,-165,Yukon,BS,AK,1985,2020,36,12.78089167,23.13475583,"Staton, BA, Catalano, MJ, Connors, BM, Coggins Jr., LG, Jones, ML, Walters, CJ, Fleischman, SJ, Gwinn, DC. 2020.Evaluation of methods for spawner–recruit analysis in mixed-stock Pacific salmon fisheries. Can J. Fish. Aquat. Sci, 77, 1149-1162.",NA,NA
252,252,Chinook,Nordenskiold-Chinook,62.55,-165,Yukon,BS,AK,1985,2020,36,1.869926944,3.597348333,"Staton, BA, Catalano, MJ, Connors, BM, Coggins Jr., LG, Jones, ML, Walters, CJ, Fleischman, SJ, Gwinn, DC. 2020.Evaluation of methods for spawner–recruit analysis in mixed-stock Pacific salmon fisheries. Can J. Fish. Aquat. Sci, 77, 1149-1162.",NA,NA
253,253,Chinook,Northern Yukon-Chinook,62.55,-165,Yukon,BS,AK,1985,2020,36,7.051736944,13.24705222,"Staton, BA, Catalano, MJ, Connors, BM, Coggins Jr., LG, Jones, ML, Walters, CJ, Fleischman, SJ, Gwinn, DC. 2020.Evaluation of methods for spawner–recruit analysis in mixed-stock Pacific salmon fisheries. Can J. Fish. Aquat. Sci, 77, 1149-1162.",NA,NA
254,254,Chinook,Pelly-Chinook,62.55,-165,Yukon,BS,AK,1985,2020,36,10.417825,17.16546528,"Staton, BA, Catalano, MJ, Connors, BM, Coggins Jr., LG, Jones, ML, Walters, CJ, Fleischman, SJ, Gwinn, DC. 2020.Evaluation of methods for spawner–recruit analysis in mixed-stock Pacific salmon fisheries. Can J. Fish. Aquat. Sci, 77, 1149-1162.",NA,NA
255,255,Chinook,Stewart-Chinook,62.55,-165,Yukon,BS,AK,1985,2020,36,3.989461944,6.958660278,"Staton, BA, Catalano, MJ, Connors, BM, Coggins Jr., LG, Jones, ML, Walters, CJ, Fleischman, SJ, Gwinn, DC. 2020.Evaluation of methods for spawner–recruit analysis in mixed-stock Pacific salmon fisheries. Can J. Fish. Aquat. Sci, 77, 1149-1162.",NA,NA
256,256,Chinook,Upper Yukon-Chinook,62.55,-165,Yukon,BS,AK,1985,2020,36,4.165670278,6.9683975,"Staton, BA, Catalano, MJ, Connors, BM, Coggins Jr., LG, Jones, ML, Walters, CJ, Fleischman, SJ, Gwinn, DC. 2020.Evaluation of methods for spawner–recruit analysis in mixed-stock Pacific salmon fisheries. Can J. Fish. Aquat. Sci, 77, 1149-1162.",NA,NA
257,257,Chinook,White-Chinook,62.55,-165,Yukon,BS,AK,1985,2020,36,3.8411425,7.410711667,"Staton, BA, Catalano, MJ, Connors, BM, Coggins Jr., LG, Jones, ML, Walters, CJ, Fleischman, SJ, Gwinn, DC. 2020.Evaluation of methods for spawner–recruit analysis in mixed-stock Pacific salmon fisheries. Can J. Fish. Aquat. Sci, 77, 1149-1162.",NA,NA
258,258,Chinook,Teslin-Chinook,62.55,-165,Yukon,BS,AK,1985,2020,36,6.286189167,13.40979917,"Staton, BA, Catalano, MJ, Connors, BM, Coggins Jr., LG, Jones, ML, Walters, CJ, Fleischman, SJ, Gwinn, DC. 2020.Evaluation of methods for spawner–recruit analysis in mixed-stock Pacific salmon fisheries. Can J. Fish. Aquat. Sci, 77, 1149-1162.",NA,NA
259,259,Chinook,Cowichan-Chinook,48.7581,-123.6242,BC South,SC,BC,1989,2016,28,6.228357143,7.063464286,"Staton, BA, Catalano, MJ, Connors, BM, Coggins Jr., LG, Jones, ML, Walters, CJ, Fleischman, SJ, Gwinn, DC. 2020.Evaluation of methods for spawner–recruit analysis in mixed-stock Pacific salmon fisheries. Can J. Fish. Aquat. Sci, 77, 1149-1162.",NA,NA
260,260,Chinook,Harrison-Chinook,49.12,-123.06,Fraser,SC,BC,1984,2016,33,98.6430303,180.9855152,"K Cantera, DFO, 2022",NA,NA
261,261,Chinook,Lower Shuswap-Chinook,49.12,-123.06,Fraser,SC,BC,1997,2016,20,31.13045,53.49335,"Connors, B.M., O’Dell, A., Hunter, H., Glaser, D., Gill, J., Rossi, S., and Churchland, C. In review. Stock status and biological and fishery consequences of alternative harvest and rebuilding actions for Yukon River Chinook salmon (Oncorhynchus tshawytscha). DFO Can. Sci. Advis. Sec. Res. Doc. 2025/nnn. iv + 92 p.",NA,NA
262,262,Chinook,Nicola-Chinook,49.12,-123.06,Fraser,SC,BC,1992,2013,22,6.973454545,6.112136364,"K Cantera, DFO, 2022",NA,NA
263,263,Chinook,Middle Skeena-Chinook,54.2237,-129.831,Skeena,NC,BC,1984,2013,30,10.00103333,20.00083333,"I. Winther, DFO, 2024",https://waves-vagues.dfo-mpo.gc.ca/library-bibliotheque/41241046.pdf,NA
264,264,Chinook,Upper Skeena-Chinook,54.2237,-129.831,Skeena,NC,BC,1984,2013,30,5.627666667,11.67396667,"I. Winther, DFO, 2024",https://waves-vagues.dfo-mpo.gc.ca/library-bibliotheque/41241046.pdf,NA
265,265,Chinook,Large Lake-Chinook,54.2237,-129.831,Skeena,NC,BC,1984,2013,30,24.6129,50.91503333,"I. Winther, DFO, 2024",https://waves-vagues.dfo-mpo.gc.ca/library-bibliotheque/41241046.pdf,NA
266,266,Chinook,Lower Skeena-Chinook,54.2237,-129.831,Skeena,NC,BC,1984,2013,30,3.436866667,5.743,"I. Winther, DFO, 2024",https://waves-vagues.dfo-mpo.gc.ca/library-bibliotheque/41241046.pdf,NA
267,267,Chinook,Zymoetz Fiddler-Chinook,54.2237,-129.831,Skeena,NC,BC,1984,2013,30,2.708633333,4.563766667,"I. Winther, DFO, 2024",https://waves-vagues.dfo-mpo.gc.ca/library-bibliotheque/41241046.pdf,NA
268,268,Chinook,Kitsumkalum-Chinook,54.2237,-129.831,Skeena,NC,BC,1984,2013,30,10.82496667,15.97276667,"I. Winther, DFO, 2024",https://waves-vagues.dfo-mpo.gc.ca/library-bibliotheque/41241046.pdf,NA
269,269,Chinook,Portland Sound-Observatory Inlet-Lower Nass-Chinook,57.1978276,-154.53849,Kodiak,GoA,BC,1986,2011,26,1.976961538,2.741846154,Pacific Salmon Foundation. 2025. Pacific Salmon Explorer.,NA,NA
270,270,Chinook,Upper Nass-Chinook,57.563,-154.3843,Kodiak,GoA,BC,1986,2011,26,19.63342308,29.47703846,Pacific Salmon Foundation. 2025. Pacific Salmon Explorer.,NA,NA
271,271,Chinook,Rivers Inlet-Chinook,56.2615981,-158.71224,AK Peninsula,GoA,BC,1980,2011,32,1.98925,2.67746875,Pacific Salmon Foundation. 2025. Pacific Salmon Explorer.,NA,NA
272,272,Chinook,Dean River-Chinook,55.810523,-161.25646,AK Peninsula,GoA,BC,1985,2011,27,2.210703704,3.358814815,Pacific Salmon Foundation. 2025. Pacific Salmon Explorer.,NA,NA
273,273,Chinook,Cedar-Chinook,47.5039,-122.2169,Inside WA,SC,WA,1967,2014,48,0.882229167,2.077354167,"NWFSC SPS Database, v2022",https://www.webapps.nwfsc.noaa.gov/apex/f?p=261:1::::::,data
274,274,Chinook,Dungeness-Chinook,48.159,-123.135,Inside WA,SC,WA,1988,2013,26,0.350923077,0.266961538,"NWFSC SPS Database, v2022",https://www.webapps.nwfsc.noaa.gov/apex/f?p=261:1::::::,data
275,275,Chinook,Elwha-Chinook,48.17,-123.59,Inside WA,SC,WA,1988,2009,22,1.168363636,0.894,"NWFSC SPS Database, v2022",https://www.webapps.nwfsc.noaa.gov/apex/f?p=261:1::::::,data
276,276,Chinook,Green River-Chinook,47.5925,-122.36,Inside WA,SC,WA,1970,2014,45,5.499266667,11.22706667,"NWFSC SPS Database, v2022",https://www.webapps.nwfsc.noaa.gov/apex/f?p=261:1::::::,data
277,277,Chinook,Lower Sauk (Skagit)-Chinook,48.3677,-122.5141,Inside WA,SC,WA,1954,2013,60,0.920166667,5.0733,"NWFSC SPS Database, v2022",https://www.webapps.nwfsc.noaa.gov/apex/f?p=261:1::::::,data
278,278,Chinook,Lower Skagit-Chinook,48.3677,-122.5141,Inside WA,SC,WA,1954,2013,60,2.931166667,10.25741667,"NWFSC SPS Database, v2022",https://www.webapps.nwfsc.noaa.gov/apex/f?p=261:1::::::,data
279,279,Chinook,Nisqually-Chinook,47.0996,-122.7029,Inside WA,SC,WA,1970,2013,40,1.235375,4.7115,"NWFSC SPS Database, v2022",https://www.webapps.nwfsc.noaa.gov/apex/f?p=261:1::::::,data
280,280,Chinook,North Fork Nooksack-Chinook,48.766,-123.58,Inside WA,SC,WA,1986,2013,28,1.052678571,0.407428571,"NWFSC SPS Database, v2022",https://www.webapps.nwfsc.noaa.gov/apex/f?p=261:1::::::,data
281,281,Chinook,North Fork Stillaguamish-Chinook,48.2465,-122.3957,Inside WA,SC,WA,1976,2014,37,1.142162162,2.002648649,"NWFSC SPS Database, v2022",https://www.webapps.nwfsc.noaa.gov/apex/f?p=261:1::::::,data
282,282,Chinook,Puyallup-Chinook,47.2472,-122.4289,Inside WA,SC,WA,1970,2014,45,1.828933333,5.061933333,"NWFSC SPS Database, v2022",https://www.webapps.nwfsc.noaa.gov/apex/f?p=261:1::::::,data
283,283,Chinook,Sammamish-Chinook,47.751,-122.266,Inside WA,SC,WA,1985,2014,30,0.967,0.631033333,"NWFSC SPS Database, v2022",https://www.webapps.nwfsc.noaa.gov/apex/f?p=261:1::::::,data
284,284,Chinook,Skokomish-Chinook,47.3436,-123.1212,Inside WA,SC,WA,1970,2013,43,1.495906977,3.484093023,"NWFSC SPS Database, v2022",https://www.webapps.nwfsc.noaa.gov/apex/f?p=261:1::::::,data
285,285,Chinook,Snoqualmie (Snohomish)-Chinook,48.0206,-122.2122,Inside WA,SC,WA,1967,2014,48,1.302729167,2.0315625,"NWFSC SPS Database, v2022",https://www.webapps.nwfsc.noaa.gov/apex/f?p=261:1::::::,data
286,286,Chinook,South Fork Nooksack-Chinook,48.766,-123.58,Inside WA,SC,WA,1999,2013,15,0.0672,0.082866667,"NWFSC SPS Database, v2022",https://www.webapps.nwfsc.noaa.gov/apex/f?p=261:1::::::,data
287,287,Chinook,South Fork Stillaguamish-Chinook,48.2465,-122.3957,Inside WA,SC,WA,1976,2014,37,0.219162162,0.412918919,"NWFSC SPS Database, v2022",https://www.webapps.nwfsc.noaa.gov/apex/f?p=261:1::::::,data
288,288,Chinook,Suiattle (Skagit)-Chinook,48.3677,-122.5141,Inside WA,SC,WA,1978,2013,36,0.44375,1.357472222,"NWFSC SPS Database, v2022",https://www.webapps.nwfsc.noaa.gov/apex/f?p=261:1::::::,data
289,289,Chinook,Upper Cascade (Skagit)-Chinook,48.3677,-122.5141,Inside WA,SC,WA,1986,2013,28,0.292821429,0.419607143,"NWFSC SPS Database, v2022",https://www.webapps.nwfsc.noaa.gov/apex/f?p=261:1::::::,data
290,290,Chinook,Upper Sauk (Skagit)-Chinook,48.3677,-122.5141,Inside WA,SC,WA,1954,2013,60,0.7892,3.4957,"NWFSC SPS Database, v2022",https://www.webapps.nwfsc.noaa.gov/apex/f?p=261:1::::::,data
291,291,Chinook,Upper Skagit-Chinook,48.3677,-122.5141,Inside WA,SC,WA,1954,2013,60,8.297833333,32.21271667,"NWFSC SPS Database, v2022",https://www.webapps.nwfsc.noaa.gov/apex/f?p=261:1::::::,data
292,292,Chinook,White River-Chinook,47.305,-122.471,Inside WA,SC,WA,1967,2014,48,0.915333333,0.7293125,"NWFSC SPS Database, v2022",https://www.webapps.nwfsc.noaa.gov/apex/f?p=261:1::::::,data
293,293,Coho,Buskin River-Coho,57.75812,-152.4784,Kodiak,GoA,AK,1989,2010,22,9.267454545,13.94013636,"Fishery Manuscript Series No. 16-09: Review of Salmon Escapement Goals in the Kodiak Management Area, 2016",http://www.adfg.alaska.gov/FedAidPDFs/FMS16-09.pdf,NA
294,294,Coho,Berners River-Coho,58.8464,-134.97,S SEAK,NC,AK,1982,2010,27,12.27755556,26.58611111,Leon Shaul; RIR.1J.1994.26,unpublished; http://www.sf.adfg.state.ak.us/fedaidpdfs/rir.1j.1994.26.pdf,NA
295,295,Coho,Akwe River-Coho,59.2929349,-139.09307,N SEAK,NC,AK,1972,1986,15,4.92,20.40333333,Escapement Goals for Yakutat Area Coho Salmon Stocks,http://www.sf.adfg.state.ak.us/FedAidPDFs/RIR.1J.1994.14.pdf,NA
296,296,Coho,East Alsek River-Coho,59.10379,-138.5086,N SEAK,NC,AK,1972,1988,17,3.641176471,15.68611765,Escapement Goals for Yakutat Area Coho Salmon Stocks,http://www.sf.adfg.state.ak.us/FedAidPDFs/RIR.1J.1994.14.pdf,NA
297,297,Coho,Italio River-Coho,59.3129858,-139.15364,N SEAK,NC,AK,1972,1988,16,3.4625,12.7323125,Escapement Goals for Yakutat Area Coho Salmon Stocks,http://www.sf.adfg.state.ak.us/FedAidPDFs/RIR.1J.1994.14.pdf,NA
298,298,Coho,Kaliakh River-Coho,60.0873,-142.9378,Central AK,GoA,AK,1973,1988,12,9.6,23.7935,Escapement Goals for Yakutat Area Coho Salmon Stocks,http://www.sf.adfg.state.ak.us/FedAidPDFs/RIR.1J.1994.14.pdf,NA
299,299,Coho,Lost River-Coho,59.45382,-139.6239,N SEAK,NC,AK,1972,1988,17,4.710176471,18.12188235,Escapement Goals for Yakutat Area Coho Salmon Stocks,http://www.sf.adfg.state.ak.us/FedAidPDFs/RIR.1J.1994.14.pdf,NA
300,300,Coho,Situk River-Coho,59.44609,-139.5678,N SEAK,NC,AK,1972,1988,17,5.948294118,64.06352941,Escapement Goals for Yakutat Area Coho Salmon Stocks,http://www.sf.adfg.state.ak.us/FedAidPDFs/RIR.1J.1994.14.pdf,NA
301,301,Coho,Tsiu River-Coho,60.0777512,-143.09116,Central AK,GoA,AK,1973,1988,16,24.2875,76.898875,Escapement Goals for Yakutat Area Coho Salmon Stocks,http://www.sf.adfg.state.ak.us/FedAidPDFs/RIR.1J.1994.14.pdf,NA
302,302,Coho,Middle_Fraser-Coho,49.12,-123.06,Fraser,SC,BC,1998,2016,19,13600,13251,"M. Arbeider, DFO, 2022",NA,NA
303,303,Coho,Fraser_Canyon-Coho,49.12,-123.06,Fraser,SC,BC,1998,2016,19,5971,6684,"M. Arbeider, DFO, 2022",NA,NA
304,304,Coho,Lower_Thompson-Coho,49.12,-123.06,Fraser,SC,BC,1998,2016,19,16053,15582,"M. Arbeider, DFO, 2022",NA,NA
305,305,Coho,North_Thompson-Coho,49.12,-123.06,Fraser,SC,BC,1998,2016,19,27238,26750,"M. Arbeider, DFO, 2022",NA,NA
306,306,Coho,South_Thompson-Coho,49.12,-123.06,Fraser,SC,BC,1998,2016,19,15850,17619,"M. Arbeider, DFO, 2022",NA,NA
307,307,Coho,Aaltanhash-Coho,53.147066,-53.147066,Skeena,NC,BC,1985,2009,25,1250,1414,Wilson et al. 2025,https://cdnsciencepub.com/doi/full/10.1139/cjfas-2025-0023,NA
308,308,Coho,Arnoup-Coho,52.97249,-52.97249,Haida Gwaii,NC,BC,1980,1999,20,700,1046,Wilson et al. 2025,https://cdnsciencepub.com/doi/full/10.1139/cjfas-2025-0023,NA
309,309,Coho,Babine Fence-Coho,54.22,-54.22,Inner Waters,SC,BC,1980,2016,37,28068,41623,Wilson et al. 2025,https://cdnsciencepub.com/doi/full/10.1139/cjfas-2025-0023,NA
310,310,Coho,Bear-Coho,54.22,-54.22,Inner Waters,SC,BC,2001,2014,10,2681,3739,Wilson et al. 2025,https://cdnsciencepub.com/doi/full/10.1139/cjfas-2025-0023,NA
311,311,Coho,Bella Coola-Coho,52.37848,-52.37848,Nass,NC,BC,1980,2004,25,83500,100733,Wilson et al. 2025,https://cdnsciencepub.com/doi/full/10.1139/cjfas-2025-0023,NA
312,312,Coho,Belowe Creek-Coho,53.476368,-53.476368,Haida Gwaii,NC,BC,1998,2015,18,600,634,Wilson et al. 2025,https://cdnsciencepub.com/doi/full/10.1139/cjfas-2025-0023,NA
313,313,Coho,Brim-Coho,53.510512,-53.510512,Skeena,NC,BC,1980,2016,26,2000,2636,Wilson et al. 2025,https://cdnsciencepub.com/doi/full/10.1139/cjfas-2025-0023,NA
314,314,Coho,Cascade-Coho,52.616512,-52.616512,Nass,NC,BC,1980,2015,12,400,733,Wilson et al. 2025,https://cdnsciencepub.com/doi/full/10.1139/cjfas-2025-0023,NA
315,315,Coho,Dala-Coho,53.848602,-53.848602,Skeena,NC,BC,1980,2016,23,5500,7760,Wilson et al. 2025,https://cdnsciencepub.com/doi/full/10.1139/cjfas-2025-0023,NA
316,316,Coho,Damshilgwit-Coho,54.22,-54.22,Inner Waters,SC,BC,2000,2015,16,4407,5237,Wilson et al. 2025,https://cdnsciencepub.com/doi/full/10.1139/cjfas-2025-0023,NA
317,317,Coho,Deena-Coho,53.144494,-53.144494,Central Coast (South),SC,BC,1980,2011,29,9016,10881,Wilson et al. 2025,https://cdnsciencepub.com/doi/full/10.1139/cjfas-2025-0023,NA
318,318,Coho,Diskangieg-Coho,54.99,-130.02,Hecate Lowlands,SC,BC,1980,2016,17,6622,12908,Wilson et al. 2025,https://cdnsciencepub.com/doi/full/10.1139/cjfas-2025-0023,NA
319,319,Coho,Docee-Coho,51.232829,-51.232829,Nass,NC,BC,1998,2010,13,23700,25696,Wilson et al. 2025,https://cdnsciencepub.com/doi/full/10.1139/cjfas-2025-0023,NA
320,320,Coho,East Arm-Coho,53.161188,-53.161188,Haida Gwaii,NC,BC,1981,2012,11,1500,2018,Wilson et al. 2025,https://cdnsciencepub.com/doi/full/10.1139/cjfas-2025-0023,NA
321,321,Coho,Ecstall-Coho,54.22,-54.22,Inner Waters,SC,BC,1982,2008,17,10000,23375,Wilson et al. 2025,https://cdnsciencepub.com/doi/full/10.1139/cjfas-2025-0023,NA
322,322,Coho,Elcho-Coho,52.400889,-52.400889,Nass,NC,BC,1980,2015,13,1800,1960,Wilson et al. 2025,https://cdnsciencepub.com/doi/full/10.1139/cjfas-2025-0023,NA
323,323,Coho,Evelyn Creek-Coho,53.584754,-53.584754,Skeena,NC,BC,1980,2016,29,800,866,Wilson et al. 2025,https://cdnsciencepub.com/doi/full/10.1139/cjfas-2025-0023,NA
324,324,Coho,Exchamsiks-Coho,54.22,-54.22,Inner Waters,SC,BC,1980,2016,27,6000,10867,Wilson et al. 2025,https://cdnsciencepub.com/doi/full/10.1139/cjfas-2025-0023,NA
325,325,Coho,Exstew-Coho,54.22,-54.22,Inner Waters,SC,BC,1980,2013,18,4000,6485,Wilson et al. 2025,https://cdnsciencepub.com/doi/full/10.1139/cjfas-2025-0023,NA
326,326,Coho,Foch Creek-Coho,53.832485,-53.832485,Skeena,NC,BC,1980,2016,15,950,1392,Wilson et al. 2025,https://cdnsciencepub.com/doi/full/10.1139/cjfas-2025-0023,NA
327,327,Coho,Green-Coho,52.99582,-52.99582,Skeena,NC,BC,1980,2010,31,4900,4799,Wilson et al. 2025,https://cdnsciencepub.com/doi/full/10.1139/cjfas-2025-0023,NA
328,328,Coho,Hartleybay Creek-Coho,53.425488,-53.425488,Haida Gwaii,NC,BC,1980,2010,17,2300,3157,Wilson et al. 2025,https://cdnsciencepub.com/doi/full/10.1139/cjfas-2025-0023,NA
329,329,Coho,Hugh Creek-Coho,53.726858,-53.726858,Skeena,NC,BC,1980,2016,29,1580,1983,Wilson et al. 2025,https://cdnsciencepub.com/doi/full/10.1139/cjfas-2025-0023,NA
330,330,Coho,Kadeen-Coho,54.22,-54.22,Inner Waters,SC,BC,1980,2012,13,750,1816,Wilson et al. 2025,https://cdnsciencepub.com/doi/full/10.1139/cjfas-2025-0023,NA
331,331,Coho,Kasiks-Coho,54.22,-54.22,Inner Waters,SC,BC,1980,2016,34,4000,9807,Wilson et al. 2025,https://cdnsciencepub.com/doi/full/10.1139/cjfas-2025-0023,NA
332,332,Coho,Kemano-Coho,53.481939,-53.481939,Skeena,NC,BC,1980,2016,10,10200,15515,Wilson et al. 2025,https://cdnsciencepub.com/doi/full/10.1139/cjfas-2025-0023,NA
333,333,Coho,Kildala-Coho,53.827165,-53.827165,Skeena,NC,BC,1980,2016,21,8240,8545,Wilson et al. 2025,https://cdnsciencepub.com/doi/full/10.1139/cjfas-2025-0023,NA
334,334,Coho,Kiltush-Coho,53.323299,-53.323299,Skeena,NC,BC,1980,2016,23,1700,2616,Wilson et al. 2025,https://cdnsciencepub.com/doi/full/10.1139/cjfas-2025-0023,NA
335,335,Coho,Kiskosh Creek-Coho,53.576775,-53.576775,Skeena,NC,BC,1980,2016,26,490,577,Wilson et al. 2025,https://cdnsciencepub.com/doi/full/10.1139/cjfas-2025-0023,NA
336,336,Coho,Kitwanga-Coho,54.22,-54.22,Inner Waters,SC,BC,1980,2016,14,12080,8422,Wilson et al. 2025,https://cdnsciencepub.com/doi/full/10.1139/cjfas-2025-0023,NA
337,337,Coho,Lachmach-Coho,54.99,-130.02,Hecate Lowlands,SC,BC,1983,1999,16,2500,4050,Wilson et al. 2025,https://cdnsciencepub.com/doi/full/10.1139/cjfas-2025-0023,NA
338,338,Coho,Martin-Coho,52.360305,-52.360305,Nass,NC,BC,1980,2015,28,9210,10683,Wilson et al. 2025,https://cdnsciencepub.com/doi/full/10.1139/cjfas-2025-0023,NA
339,339,Coho,Meziadin-Coho,54.99,-130.02,Hecate Lowlands,SC,BC,1980,2016,37,7345,17336,Wilson et al. 2025,https://cdnsciencepub.com/doi/full/10.1139/cjfas-2025-0023,NA
340,340,Coho,Nangeese Kspx-Coho,54.22,-54.22,Inner Waters,SC,BC,1980,2015,21,3187,3405,Wilson et al. 2025,https://cdnsciencepub.com/doi/full/10.1139/cjfas-2025-0023,NA
341,341,Coho,Necleetsconnay-Coho,52.386986,-52.386986,Nass,NC,BC,1980,2017,17,1800,2475,Wilson et al. 2025,https://cdnsciencepub.com/doi/full/10.1139/cjfas-2025-0023,NA
342,342,Coho,Nias-Coho,52.923128,-52.923128,Haida Gwaii,NC,BC,1980,1999,20,650,755,Wilson et al. 2025,https://cdnsciencepub.com/doi/full/10.1139/cjfas-2025-0023,NA
343,343,Coho,Pallant Creek-Coho,53.051709,-53.051709,Central Coast (South),SC,BC,1980,2013,29,9793,10776,Wilson et al. 2025,https://cdnsciencepub.com/doi/full/10.1139/cjfas-2025-0023,NA
344,344,Coho,Paril-Coho,53.488558,-53.488558,Skeena,NC,BC,1980,2015,28,2130,2940,Wilson et al. 2025,https://cdnsciencepub.com/doi/full/10.1139/cjfas-2025-0023,NA
345,345,Coho,Quaal-Coho,53.648478,-53.648478,Haida Gwaii,NC,BC,1980,2016,13,6000,24550,Wilson et al. 2025,https://cdnsciencepub.com/doi/full/10.1139/cjfas-2025-0023,NA
346,346,Coho,Quartcha-Coho,52.515456,-52.515456,Nass,NC,BC,1982,2015,14,1900,2106,Wilson et al. 2025,https://cdnsciencepub.com/doi/full/10.1139/cjfas-2025-0023,NA
347,347,Coho,Riordan-Coho,53.432814,-53.432814,Skeena,NC,BC,1980,2016,25,500,574,Wilson et al. 2025,https://cdnsciencepub.com/doi/full/10.1139/cjfas-2025-0023,NA
348,348,Coho,Roscoe-Coho,52.47818,-52.47818,Nass,NC,BC,1982,2015,21,4000,3200,Wilson et al. 2025,https://cdnsciencepub.com/doi/full/10.1139/cjfas-2025-0023,NA
349,349,Coho,Salloomt-Coho,52.398155,-52.398155,Nass,NC,BC,2003,2014,10,2000,1522,Wilson et al. 2025,https://cdnsciencepub.com/doi/full/10.1139/cjfas-2025-0023,NA
350,350,Coho,Sylvia Creek-Coho,53.505139,-53.505139,Haida Gwaii,NC,BC,1999,2015,16,400,262,Wilson et al. 2025,https://cdnsciencepub.com/doi/full/10.1139/cjfas-2025-0023,NA
351,351,Coho,Tlell-Coho,53.60911,-53.60911,Central Coast (South),SC,BC,1980,2015,24,15000,17822,Wilson et al. 2025,https://cdnsciencepub.com/doi/full/10.1139/cjfas-2025-0023,NA
352,352,Coho,Tsimtack Lake-Coho,53.381286,-53.381286,Haida Gwaii,NC,BC,1980,2011,11,860,1060,Wilson et al. 2025,https://cdnsciencepub.com/doi/full/10.1139/cjfas-2025-0023,NA
353,353,Coho,Tyler Creek-Coho,52.853394,-52.853394,Haida Gwaii,NC,BC,1980,2000,18,800,1539,Wilson et al. 2025,https://cdnsciencepub.com/doi/full/10.1139/cjfas-2025-0023,NA
354,354,Coho,Wahoo-Coho,53.492242,-53.492242,Skeena,NC,BC,1980,2016,26,3660,4781,Wilson et al. 2025,https://cdnsciencepub.com/doi/full/10.1139/cjfas-2025-0023,NA
355,355,Coho,West Arm-Coho,53.137573,-53.137573,Haida Gwaii,NC,BC,1981,2016,19,2114,2270,Wilson et al. 2025,https://cdnsciencepub.com/doi/full/10.1139/cjfas-2025-0023,NA
356,356,Coho,Zolzap-Coho,54.99,-130.02,Hecate Lowlands,SC,BC,1980,2016,31,3233,6468,Wilson et al. 2025,https://cdnsciencepub.com/doi/full/10.1139/cjfas-2025-0023,NA
357,357,Coho,Zymagotitz-Coho,54.22,-54.22,Inner Waters,SC,BC,1991,2016,13,2000,3792,Wilson et al. 2025,https://cdnsciencepub.com/doi/full/10.1139/cjfas-2025-0023,NA
